Date,Store,Avg_Weekly_Sales,Last_Weeks_Sales,WoW_Change,WoW_Percent_Change
2010-02-05,1,1643690.9,,,
2010-02-12,1,1641957.44,1643690.9,-1733.46,-0.11
2010-02-19,1,1611968.17,1641957.44,-29989.27,-1.83
2010-02-26,1,1409727.59,1611968.17,-202240.58,-12.55
2010-03-05,1,1554806.68,1409727.59,145079.09,10.29
2010-03-12,1,1439541.59,1554806.68,-115265.09,-7.41
2010-03-19,1,1472515.79,1439541.59,32974.2,2.29
2010-03-26,1,1404429.92,1472515.79,-68085.87,-4.62
2010-04-02,1,1594968.28,1404429.92,190538.36,13.57
2010-04-09,1,1545418.53,1594968.28,-49549.75,-3.11
2010-04-16,1,1466058.28,1545418.53,-79360.25,-5.14
2010-04-23,1,1391256.12,1466058.28,-74802.16,-5.1
2010-04-30,1,1425100.71,1391256.12,33844.59,2.43
2010-05-07,1,1603955.12,1425100.71,178854.41,12.55
2010-05-14,1,1494251.5,1603955.12,-109703.62,-6.84
2010-05-21,1,1399662.07,1494251.5,-94589.43,-6.33
2010-05-28,1,1432069.95,1399662.07,32407.88,2.32
2010-06-04,1,1615524.71,1432069.95,183454.76,12.81
2010-06-11,1,1542561.09,1615524.71,-72963.62,-4.52
2010-06-18,1,1503284.06,1542561.09,-39277.03,-2.55
2010-06-25,1,1422711.6,1503284.06,-80572.46,-5.36
2010-07-02,1,1492418.14,1422711.6,69706.54,4.9
2010-07-09,1,1546074.18,1492418.14,53656.04,3.6
2010-07-16,1,1448938.92,1546074.18,-97135.26,-6.28
2010-07-23,1,1385065.2,1448938.92,-63873.72,-4.41
2010-07-30,1,1371986.6,1385065.2,-13078.6,-0.94
2010-08-06,1,1605491.78,1371986.6,233505.18,17.02
2010-08-13,1,1508237.76,1605491.78,-97254.02,-6.06
2010-08-20,1,1513080.49,1508237.76,4842.73,0.32
2010-08-27,1,1449142.92,1513080.49,-63937.57,-4.23
2010-09-03,1,1540163.53,1449142.92,91020.61,6.28
2010-09-10,1,1507460.69,1540163.53,-32702.84,-2.12
2010-09-17,1,1430378.67,1507460.69,-77082.02,-5.11
2010-09-24,1,1351791.03,1430378.67,-78587.64,-5.49
2010-10-01,1,1453329.5,1351791.03,101538.47,7.51
2010-10-08,1,1508239.93,1453329.5,54910.43,3.78
2010-10-15,1,1459409.1,1508239.93,-48830.83,-3.24
2010-10-22,1,1345454.0,1459409.1,-113955.1,-7.81
2010-10-29,1,1384209.22,1345454.0,38755.22,2.88
2010-11-05,1,1551659.28,1384209.22,167450.06,12.1
2010-11-12,1,1494479.49,1551659.28,-57179.79,-3.69
2010-11-19,1,1483784.18,1494479.49,-10695.31,-0.72
2010-11-26,1,1955624.11,1483784.18,471839.93,31.8
2010-12-03,1,1548033.78,1955624.11,-407590.33,-20.84
2010-12-10,1,1682614.26,1548033.78,134580.48,8.69
2010-12-17,1,1891034.93,1682614.26,208420.67,12.39
2010-12-24,1,2387950.2,1891034.93,496915.27,26.28
2010-12-31,1,1367320.01,2387950.2,-1020630.19,-42.74
2011-01-07,1,1444732.28,1367320.01,77412.27,5.66
2011-01-14,1,1391013.96,1444732.28,-53718.32,-3.72
2011-01-21,1,1327405.42,1391013.96,-63608.54,-4.57
2011-01-28,1,1316899.31,1327405.42,-10506.11,-0.79
2011-02-04,1,1606629.58,1316899.31,289730.27,22.0
2011-02-11,1,1649614.93,1606629.58,42985.35,2.68
2011-02-18,1,1686842.78,1649614.93,37227.85,2.26
2011-02-25,1,1456800.28,1686842.78,-230042.5,-13.64
2011-03-04,1,1636263.41,1456800.28,179463.13,12.32
2011-03-11,1,1553191.63,1636263.41,-83071.78,-5.08
2011-03-18,1,1576818.06,1553191.63,23626.43,1.52
2011-03-25,1,1541102.38,1576818.06,-35715.68,-2.27
2011-04-01,1,1495064.75,1541102.38,-46037.63,-2.99
2011-04-08,1,1614259.35,1495064.75,119194.6,7.97
2011-04-15,1,1559889.0,1614259.35,-54370.35,-3.37
2011-04-22,1,1564819.81,1559889.0,4930.81,0.32
2011-04-29,1,1455090.69,1564819.81,-109729.12,-7.01
2011-05-06,1,1629391.28,1455090.69,174300.59,11.98
2011-05-13,1,1604775.58,1629391.28,-24615.7,-1.51
2011-05-20,1,1428218.27,1604775.58,-176557.31,-11.0
2011-05-27,1,1466046.67,1428218.27,37828.4,2.65
2011-06-03,1,1635078.41,1466046.67,169031.74,11.53
2011-06-10,1,1588948.32,1635078.41,-46130.09,-2.82
2011-06-17,1,1532114.86,1588948.32,-56833.46,-3.58
2011-06-24,1,1438830.15,1532114.86,-93284.71,-6.09
2011-07-01,1,1488538.09,1438830.15,49707.94,3.45
2011-07-08,1,1534849.64,1488538.09,46311.55,3.11
2011-07-15,1,1455119.97,1534849.64,-79729.67,-5.19
2011-07-22,1,1396926.82,1455119.97,-58193.15,-4.0
2011-07-29,1,1352219.79,1396926.82,-44707.03,-3.2
2011-08-05,1,1624383.75,1352219.79,272163.96,20.13
2011-08-12,1,1525147.09,1624383.75,-99236.66,-6.11
2011-08-19,1,1530761.43,1525147.09,5614.34,0.37
2011-08-26,1,1464693.46,1530761.43,-66067.97,-4.32
2011-09-02,1,1550229.22,1464693.46,85535.76,5.84
2011-09-09,1,1540471.24,1550229.22,-9757.98,-0.63
2011-09-16,1,1514259.78,1540471.24,-26211.46,-1.7
2011-09-23,1,1380020.27,1514259.78,-134239.51,-8.87
2011-09-30,1,1394561.83,1380020.27,14541.56,1.05
2011-10-07,1,1630989.95,1394561.83,236428.12,16.95
2011-10-14,1,1493525.93,1630989.95,-137464.02,-8.43
2011-10-21,1,1502562.78,1493525.93,9036.85,0.61
2011-10-28,1,1445249.09,1502562.78,-57313.69,-3.81
2011-11-04,1,1697229.58,1445249.09,251980.49,17.44
2011-11-11,1,1594938.89,1697229.58,-102290.69,-6.03
2011-11-18,1,1539483.7,1594938.89,-55455.19,-3.48
2011-11-25,1,2033320.66,1539483.7,493836.96,32.08
2011-12-02,1,1584083.95,2033320.66,-449236.71,-22.09
2011-12-09,1,1799682.38,1584083.95,215598.43,13.61
2011-12-16,1,1881176.67,1799682.38,81494.29,4.53
2011-12-23,1,2270188.99,1881176.67,389012.32,20.68
2011-12-30,1,1497462.72,2270188.99,-772726.27,-34.04
2012-01-06,1,1550369.92,1497462.72,52907.2,3.53
2012-01-13,1,1459601.17,1550369.92,-90768.75,-5.85
2012-01-20,1,1394393.84,1459601.17,-65207.33,-4.47
2012-01-27,1,1319325.59,1394393.84,-75068.25,-5.38
2012-02-03,1,1636339.65,1319325.59,317014.06,24.03
2012-02-10,1,1802477.43,1636339.65,166137.78,10.15
2012-02-17,1,1819870.0,1802477.43,17392.57,0.96
2012-02-24,1,1539387.83,1819870.0,-280482.17,-15.41
2012-03-02,1,1688420.76,1539387.83,149032.93,9.68
2012-03-09,1,1675431.16,1688420.76,-12989.6,-0.77
2012-03-16,1,1677472.78,1675431.16,2041.62,0.12
2012-03-23,1,1511068.07,1677472.78,-166404.71,-9.92
2012-03-30,1,1649604.63,1511068.07,138536.56,9.17
2012-04-06,1,1899676.88,1649604.63,250072.25,15.16
2012-04-13,1,1621031.7,1899676.88,-278645.18,-14.67
2012-04-20,1,1521577.87,1621031.7,-99453.83,-6.14
2012-04-27,1,1468928.37,1521577.87,-52649.5,-3.46
2012-05-04,1,1684519.99,1468928.37,215591.62,14.68
2012-05-11,1,1611096.05,1684519.99,-73423.94,-4.36
2012-05-18,1,1595901.87,1611096.05,-15194.18,-0.94
2012-05-25,1,1555444.55,1595901.87,-40457.32,-2.54
2012-06-01,1,1624477.58,1555444.55,69033.03,4.44
2012-06-08,1,1697230.96,1624477.58,72753.38,4.48
2012-06-15,1,1630607.0,1697230.96,-66623.96,-3.93
2012-06-22,1,1527845.81,1630607.0,-102761.19,-6.3
2012-06-29,1,1540421.49,1527845.81,12575.68,0.82
2012-07-06,1,1769854.16,1540421.49,229432.67,14.89
2012-07-13,1,1527014.04,1769854.16,-242840.12,-13.72
2012-07-20,1,1497954.76,1527014.04,-29059.28,-1.9
2012-07-27,1,1439123.71,1497954.76,-58831.05,-3.93
2012-08-03,1,1631135.79,1439123.71,192012.08,13.34
2012-08-10,1,1592409.97,1631135.79,-38725.82,-2.37
2012-08-17,1,1597868.05,1592409.97,5458.08,0.34
2012-08-24,1,1494122.38,1597868.05,-103745.67,-6.49
2012-08-31,1,1582083.4,1494122.38,87961.02,5.89
2012-09-07,1,1661767.33,1582083.4,79683.93,5.04
2012-09-14,1,1517428.87,1661767.33,-144338.46,-8.69
2012-09-21,1,1506126.06,1517428.87,-11302.81,-0.74
2012-09-28,1,1437059.26,1506126.06,-69066.8,-4.59
2012-10-05,1,1670785.97,1437059.26,233726.71,16.26
2012-10-12,1,1573072.81,1670785.97,-97713.16,-5.85
2012-10-19,1,1508068.77,1573072.81,-65004.04,-4.13
2012-10-26,1,1493659.74,1508068.77,-14409.03,-0.96
2010-02-05,2,2136989.46,,,
2010-02-12,2,2137809.5,2136989.46,820.04,0.04
2010-02-19,2,2124451.54,2137809.5,-13357.96,-0.62
2010-02-26,2,1865097.27,2124451.54,-259354.27,-12.21
2010-03-05,2,1991013.13,1865097.27,125915.86,6.75
2010-03-12,2,1990483.78,1991013.13,-529.35,-0.03
2010-03-19,2,1946070.88,1990483.78,-44412.9,-2.23
2010-03-26,2,1750197.81,1946070.88,-195873.07,-10.07
2010-04-02,2,2066187.72,1750197.81,315989.91,18.05
2010-04-09,2,1954689.21,2066187.72,-111498.51,-5.4
2010-04-16,2,1874957.94,1954689.21,-79731.27,-4.08
2010-04-23,2,1821990.93,1874957.94,-52967.01,-2.82
2010-04-30,2,1802450.29,1821990.93,-19540.64,-1.07
2010-05-07,2,2042581.71,1802450.29,240131.42,13.32
2010-05-14,2,1880752.36,2042581.71,-161829.35,-7.92
2010-05-21,2,1896937.1,1880752.36,16184.74,0.86
2010-05-28,2,1957113.89,1896937.1,60176.79,3.17
2010-06-04,2,2102539.93,1957113.89,145426.04,7.43
2010-06-11,2,2025538.76,2102539.93,-77001.17,-3.66
2010-06-18,2,2001636.96,2025538.76,-23901.8,-1.18
2010-06-25,2,1939927.09,2001636.96,-61709.87,-3.08
2010-07-02,2,2003940.64,1939927.09,64013.55,3.3
2010-07-09,2,1880902.62,2003940.64,-123038.02,-6.14
2010-07-16,2,1845879.79,1880902.62,-35022.83,-1.86
2010-07-23,2,1781717.71,1845879.79,-64162.08,-3.48
2010-07-30,2,1804246.16,1781717.71,22528.45,1.26
2010-08-06,2,1991909.98,1804246.16,187663.82,10.4
2010-08-13,2,1895601.05,1991909.98,-96308.93,-4.84
2010-08-20,2,1964335.23,1895601.05,68734.18,3.63
2010-08-27,2,1863840.49,1964335.23,-100494.74,-5.12
2010-09-03,2,1904608.09,1863840.49,40767.6,2.19
2010-09-10,2,1839128.83,1904608.09,-65479.26,-3.44
2010-09-17,2,1793903.6,1839128.83,-45225.23,-2.46
2010-09-24,2,1724557.22,1793903.6,-69346.38,-3.87
2010-10-01,2,1827440.43,1724557.22,102883.21,5.97
2010-10-08,2,1849921.44,1827440.43,22481.01,1.23
2010-10-15,2,1794355.49,1849921.44,-55565.95,-3.0
2010-10-22,2,1737947.64,1794355.49,-56407.85,-3.14
2010-10-29,2,1802755.11,1737947.64,64807.47,3.73
2010-11-05,2,1939061.41,1802755.11,136306.3,7.56
2010-11-12,2,1916812.74,1939061.41,-22248.67,-1.15
2010-11-19,2,1956739.17,1916812.74,39926.43,2.08
2010-11-26,2,2658725.29,1956739.17,701986.12,35.88
2010-12-03,2,2015781.27,2658725.29,-642944.02,-24.18
2010-12-10,2,2378726.55,2015781.27,362945.28,18.01
2010-12-17,2,2609166.75,2378726.55,230440.2,9.69
2010-12-24,2,3436007.68,2609166.75,826840.93,31.69
2010-12-31,2,1750434.55,3436007.68,-1685573.13,-49.06
2011-01-07,2,1758050.79,1750434.55,7616.24,0.44
2011-01-14,2,1744193.58,1758050.79,-13857.21,-0.79
2011-01-21,2,1751384.9,1744193.58,7191.32,0.41
2011-01-28,2,1695371.68,1751384.9,-56013.22,-3.2
2011-02-04,2,1929346.23,1695371.68,233974.55,13.8
2011-02-11,2,2168041.61,1929346.23,238695.38,12.37
2011-02-18,2,2080884.82,2168041.61,-87156.79,-4.02
2011-02-25,2,1833511.08,2080884.82,-247373.74,-11.89
2011-03-04,2,1981607.78,1833511.08,148096.7,8.08
2011-03-11,2,1879107.31,1981607.78,-102500.47,-5.17
2011-03-18,2,1902557.66,1879107.31,23450.35,1.25
2011-03-25,2,1766162.05,1902557.66,-136395.61,-7.17
2011-04-01,2,1800171.36,1766162.05,34009.31,1.93
2011-04-08,2,1847552.61,1800171.36,47381.25,2.63
2011-04-15,2,1856467.84,1847552.61,8915.23,0.48
2011-04-22,2,1886339.6,1856467.84,29871.76,1.61
2011-04-29,2,1745545.28,1886339.6,-140794.32,-7.46
2011-05-06,2,1837743.6,1745545.28,92198.32,5.28
2011-05-13,2,1838513.07,1837743.6,769.47,0.04
2011-05-20,2,1688281.86,1838513.07,-150231.21,-8.17
2011-05-27,2,1797732.56,1688281.86,109450.7,6.48
2011-06-03,2,1933756.21,1797732.56,136023.65,7.57
2011-06-10,2,1929153.16,1933756.21,-4603.05,-0.24
2011-06-17,2,1953771.99,1929153.16,24618.83,1.28
2011-06-24,2,1790925.8,1953771.99,-162846.19,-8.33
2011-07-01,2,1866243.0,1790925.8,75317.2,4.21
2011-07-08,2,1853161.99,1866243.0,-13081.01,-0.7
2011-07-15,2,1785187.29,1853161.99,-67974.7,-3.67
2011-07-22,2,1743816.41,1785187.29,-41370.88,-2.32
2011-07-29,2,1680693.06,1743816.41,-63123.35,-3.62
2011-08-05,2,1876704.26,1680693.06,196011.2,11.66
2011-08-12,2,1812768.26,1876704.26,-63936.0,-3.41
2011-08-19,2,1844094.59,1812768.26,31326.33,1.73
2011-08-26,2,1821139.91,1844094.59,-22954.68,-1.24
2011-09-02,2,1809119.7,1821139.91,-12020.21,-0.66
2011-09-09,2,1748000.65,1809119.7,-61119.05,-3.38
2011-09-16,2,1691439.52,1748000.65,-56561.13,-3.24
2011-09-23,2,1669299.78,1691439.52,-22139.74,-1.31
2011-09-30,2,1650394.44,1669299.78,-18905.34,-1.13
2011-10-07,2,1837553.43,1650394.44,187158.99,11.34
2011-10-14,2,1743882.19,1837553.43,-93671.24,-5.1
2011-10-21,2,1834680.25,1743882.19,90798.06,5.21
2011-10-28,2,1769296.25,1834680.25,-65384.0,-3.56
2011-11-04,2,1959707.9,1769296.25,190411.65,10.76
2011-11-11,2,1920725.15,1959707.9,-38982.75,-1.99
2011-11-18,2,1902762.5,1920725.15,-17962.65,-0.94
2011-11-25,2,2614202.3,1902762.5,711439.8,37.39
2011-12-02,2,1954952.0,2614202.3,-659250.3,-25.22
2011-12-09,2,2290549.32,1954952.0,335597.32,17.17
2011-12-16,2,2432736.52,2290549.32,142187.2,6.21
2011-12-23,2,3224369.8,2432736.52,791633.28,32.54
2011-12-30,2,1874226.52,3224369.8,-1350143.28,-41.87
2012-01-06,2,1799520.14,1874226.52,-74706.38,-3.99
2012-01-13,2,1744725.48,1799520.14,-54794.66,-3.04
2012-01-20,2,1711769.11,1744725.48,-32956.37,-1.89
2012-01-27,2,1660906.14,1711769.11,-50862.97,-2.97
2012-02-03,2,1935299.94,1660906.14,274393.8,16.52
2012-02-10,2,2103322.68,1935299.94,168022.74,8.68
2012-02-17,2,2196688.46,2103322.68,93365.78,4.44
2012-02-24,2,1861802.7,2196688.46,-334885.76,-15.25
2012-03-02,2,1952555.66,1861802.7,90752.96,4.87
2012-03-09,2,1937628.26,1952555.66,-14927.4,-0.76
2012-03-16,2,1976082.13,1937628.26,38453.87,1.98
2012-03-23,2,1790439.16,1976082.13,-185642.97,-9.39
2012-03-30,2,1857480.84,1790439.16,67041.68,3.74
2012-04-06,2,2129035.91,1857480.84,271555.07,14.62
2012-04-13,2,1935869.1,2129035.91,-193166.81,-9.07
2012-04-20,2,1847344.45,1935869.1,-88524.65,-4.57
2012-04-27,2,1764133.09,1847344.45,-83211.36,-4.5
2012-05-04,2,1923957.09,1764133.09,159824.0,9.06
2012-05-11,2,1917520.99,1923957.09,-6436.1,-0.33
2012-05-18,2,2000940.67,1917520.99,83419.68,4.35
2012-05-25,2,1912791.09,2000940.67,-88149.58,-4.41
2012-06-01,2,1910092.37,1912791.09,-2698.72,-0.14
2012-06-08,2,2010216.49,1910092.37,100124.12,5.24
2012-06-15,2,1962924.3,2010216.49,-47292.19,-2.35
2012-06-22,2,1887733.21,1962924.3,-75191.09,-3.83
2012-06-29,2,1881046.12,1887733.21,-6687.09,-0.35
2012-07-06,2,2041507.4,1881046.12,160461.28,8.53
2012-07-13,2,1830075.13,2041507.4,-211432.27,-10.36
2012-07-20,2,1819666.46,1830075.13,-10408.67,-0.57
2012-07-27,2,1757923.88,1819666.46,-61742.58,-3.39
2012-08-03,2,1946104.64,1757923.88,188180.76,10.7
2012-08-10,2,1866719.96,1946104.64,-79384.68,-4.08
2012-08-17,2,1928016.01,1866719.96,61296.05,3.28
2012-08-24,2,1876788.15,1928016.01,-51227.86,-2.66
2012-08-31,2,1947083.3,1876788.15,70295.15,3.75
2012-09-07,2,1898777.07,1947083.3,-48306.23,-2.48
2012-09-14,2,1814806.63,1898777.07,-83970.44,-4.42
2012-09-21,2,1829415.67,1814806.63,14609.04,0.8
2012-09-28,2,1746470.56,1829415.67,-82945.11,-4.53
2012-10-05,2,1998321.04,1746470.56,251850.48,14.42
2012-10-12,2,1900745.13,1998321.04,-97575.91,-4.88
2012-10-19,2,1847990.41,1900745.13,-52754.72,-2.78
2012-10-26,2,1834458.35,1847990.41,-13532.06,-0.73
2010-02-05,3,461622.22,,,
2010-02-12,3,420728.96,461622.22,-40893.26,-8.86
2010-02-19,3,421642.19,420728.96,913.23,0.22
2010-02-26,3,407204.86,421642.19,-14437.33,-3.42
2010-03-05,3,415202.04,407204.86,7997.18,1.96
2010-03-12,3,384200.69,415202.04,-31001.35,-7.47
2010-03-19,3,375328.59,384200.69,-8872.1,-2.31
2010-03-26,3,359949.27,375328.59,-15379.32,-4.1
2010-04-02,3,423294.4,359949.27,63345.13,17.6
2010-04-09,3,415870.28,423294.4,-7424.12,-1.75
2010-04-16,3,354993.26,415870.28,-60877.02,-14.64
2010-04-23,3,339976.65,354993.26,-15016.61,-4.23
2010-04-30,3,361248.39,339976.65,21271.74,6.26
2010-05-07,3,399323.86,361248.39,38075.47,10.54
2010-05-14,3,384357.94,399323.86,-14965.92,-3.75
2010-05-21,3,343763.17,384357.94,-40594.77,-10.56
2010-05-28,3,350089.23,343763.17,6326.06,1.84
2010-06-04,3,396968.8,350089.23,46879.57,13.39
2010-06-11,3,355017.09,396968.8,-41951.71,-10.57
2010-06-18,3,364076.85,355017.09,9059.76,2.55
2010-06-25,3,357346.48,364076.85,-6730.37,-1.85
2010-07-02,3,381151.72,357346.48,23805.24,6.66
2010-07-09,3,349214.18,381151.72,-31937.54,-8.38
2010-07-16,3,352728.78,349214.18,3514.6,1.01
2010-07-23,3,352864.49,352728.78,135.71,0.04
2010-07-30,3,347955.05,352864.49,-4909.44,-1.39
2010-08-06,3,402635.76,347955.05,54680.71,15.71
2010-08-13,3,339597.38,402635.76,-63038.38,-15.66
2010-08-20,3,351728.21,339597.38,12130.83,3.57
2010-08-27,3,362134.09,351728.21,10405.88,2.96
2010-09-03,3,366473.97,362134.09,4339.88,1.2
2010-09-10,3,352260.97,366473.97,-14213.0,-3.88
2010-09-17,3,363064.64,352260.97,10803.67,3.07
2010-09-24,3,355626.87,363064.64,-7437.77,-2.05
2010-10-01,3,358784.1,355626.87,3157.23,0.89
2010-10-08,3,395107.35,358784.1,36323.25,10.12
2010-10-15,3,345584.39,395107.35,-49522.96,-12.53
2010-10-22,3,348895.98,345584.39,3311.59,0.96
2010-10-29,3,348591.74,348895.98,-304.24,-0.09
2010-11-05,3,423175.56,348591.74,74583.82,21.4
2010-11-12,3,386635.03,423175.56,-36540.53,-8.63
2010-11-19,3,372545.32,386635.03,-14089.71,-3.64
2010-11-26,3,565567.84,372545.32,193022.52,51.81
2010-12-03,3,476420.77,565567.84,-89147.07,-15.76
2010-12-10,3,467642.03,476420.77,-8778.74,-1.84
2010-12-17,3,498159.39,467642.03,30517.36,6.53
2010-12-24,3,605990.41,498159.39,107831.02,21.65
2010-12-31,3,382677.76,605990.41,-223312.65,-36.85
2011-01-07,3,378241.34,382677.76,-4436.42,-1.16
2011-01-14,3,381061.1,378241.34,2819.76,0.75
2011-01-21,3,350876.7,381061.1,-30184.4,-7.92
2011-01-28,3,364866.24,350876.7,13989.54,3.99
2011-02-04,3,438516.53,364866.24,73650.29,20.19
2011-02-11,3,430526.21,438516.53,-7990.32,-1.82
2011-02-18,3,432782.1,430526.21,2255.89,0.52
2011-02-25,3,397211.19,432782.1,-35570.91,-8.22
2011-03-04,3,437084.51,397211.19,39873.32,10.04
2011-03-11,3,404753.3,437084.51,-32331.21,-7.4
2011-03-18,3,392109.51,404753.3,-12643.79,-3.12
2011-03-25,3,380683.67,392109.51,-11425.84,-2.91
2011-04-01,3,374556.08,380683.67,-6127.59,-1.61
2011-04-08,3,384075.31,374556.08,9519.23,2.54
2011-04-15,3,366250.69,384075.31,-17824.62,-4.64
2011-04-22,3,391860.04,366250.69,25609.35,6.99
2011-04-29,3,367405.4,391860.04,-24454.64,-6.24
2011-05-06,3,413042.12,367405.4,45636.72,12.42
2011-05-13,3,386312.68,413042.12,-26729.44,-6.47
2011-05-20,3,364603.13,386312.68,-21709.55,-5.62
2011-05-27,3,369350.6,364603.13,4747.47,1.3
2011-06-03,3,394507.84,369350.6,25157.24,6.81
2011-06-10,3,391638.75,394507.84,-2869.09,-0.73
2011-06-17,3,403423.34,391638.75,11784.59,3.01
2011-06-24,3,385520.71,403423.34,-17902.63,-4.44
2011-07-01,3,368962.72,385520.71,-16557.99,-4.29
2011-07-08,3,395146.24,368962.72,26183.52,7.1
2011-07-15,3,373454.33,395146.24,-21691.91,-5.49
2011-07-22,3,360617.37,373454.33,-12836.96,-3.44
2011-07-29,3,345381.29,360617.37,-15236.08,-4.22
2011-08-05,3,409981.25,345381.29,64599.96,18.7
2011-08-12,3,380376.85,409981.25,-29604.4,-7.22
2011-08-19,3,379716.91,380376.85,-659.94,-0.17
2011-08-26,3,366367.55,379716.91,-13349.36,-3.52
2011-09-02,3,375988.69,366367.55,9621.14,2.63
2011-09-09,3,377347.49,375988.69,1358.8,0.36
2011-09-16,3,375629.51,377347.49,-1717.98,-0.46
2011-09-23,3,365248.94,375629.51,-10380.57,-2.76
2011-09-30,3,368477.93,365248.94,3228.99,0.88
2011-10-07,3,403342.4,368477.93,34864.47,9.46
2011-10-14,3,368282.57,403342.4,-35059.83,-8.69
2011-10-21,3,394976.36,368282.57,26693.79,7.25
2011-10-28,3,389540.62,394976.36,-5435.74,-1.38
2011-11-04,3,459443.22,389540.62,69902.6,17.94
2011-11-11,3,407764.25,459443.22,-51678.97,-11.25
2011-11-18,3,398838.97,407764.25,-8925.28,-2.19
2011-11-25,3,556925.19,398838.97,158086.22,39.64
2011-12-02,3,472511.32,556925.19,-84413.87,-15.16
2011-12-09,3,468772.8,472511.32,-3738.52,-0.79
2011-12-16,3,510747.62,468772.8,41974.82,8.95
2011-12-23,3,551221.21,510747.62,40473.59,7.92
2011-12-30,3,410553.88,551221.21,-140667.33,-25.52
2012-01-06,3,398178.21,410553.88,-12375.67,-3.01
2012-01-13,3,367438.62,398178.21,-30739.59,-7.72
2012-01-20,3,365818.61,367438.62,-1620.01,-0.44
2012-01-27,3,349518.1,365818.61,-16300.51,-4.46
2012-02-03,3,424960.66,349518.1,75442.56,21.58
2012-02-10,3,473292.47,424960.66,48331.81,11.37
2012-02-17,3,475591.08,473292.47,2298.61,0.49
2012-02-24,3,418925.47,475591.08,-56665.61,-11.91
2012-03-02,3,469752.56,418925.47,50827.09,12.13
2012-03-09,3,445162.05,469752.56,-24590.51,-5.23
2012-03-16,3,411775.8,445162.05,-33386.25,-7.5
2012-03-23,3,413907.25,411775.8,2131.45,0.52
2012-03-30,3,407488.84,413907.25,-6418.41,-1.55
2012-04-06,3,503232.13,407488.84,95743.29,23.5
2012-04-13,3,420789.74,503232.13,-82442.39,-16.38
2012-04-20,3,434822.13,420789.74,14032.39,3.33
2012-04-27,3,394616.11,434822.13,-40206.02,-9.25
2012-05-04,3,439913.57,394616.11,45297.46,11.48
2012-05-11,3,431985.36,439913.57,-7928.21,-1.8
2012-05-18,3,418112.76,431985.36,-13872.6,-3.21
2012-05-25,3,413701.29,418112.76,-4411.47,-1.06
2012-06-01,3,432268.53,413701.29,18567.24,4.49
2012-06-08,3,446336.8,432268.53,14068.27,3.25
2012-06-15,3,442074.79,446336.8,-4262.01,-0.95
2012-06-22,3,419497.95,442074.79,-22576.84,-5.11
2012-06-29,3,422965.33,419497.95,3467.38,0.83
2012-07-06,3,411206.5,422965.33,-11758.83,-2.78
2012-07-13,3,416913.1,411206.5,5706.6,1.39
2012-07-20,3,432424.85,416913.1,15511.75,3.72
2012-07-27,3,389427.9,432424.85,-42996.95,-9.94
2012-08-03,3,419990.29,389427.9,30562.39,7.85
2012-08-10,3,391811.6,419990.29,-28178.69,-6.71
2012-08-17,3,394918.83,391811.6,3107.23,0.79
2012-08-24,3,412449.67,394918.83,17530.84,4.44
2012-08-31,3,408838.73,412449.67,-3610.94,-0.88
2012-09-07,3,408229.73,408838.73,-609.0,-0.15
2012-09-14,3,407589.16,408229.73,-640.57,-0.16
2012-09-21,3,414392.09,407589.16,6802.93,1.67
2012-09-28,3,389813.02,414392.09,-24579.07,-5.93
2012-10-05,3,443557.65,389813.02,53744.63,13.79
2012-10-12,3,410804.39,443557.65,-32753.26,-7.38
2012-10-19,3,424513.08,410804.39,13708.69,3.34
2012-10-26,3,405432.7,424513.08,-19080.38,-4.49
2010-02-05,4,2135143.87,,,
2010-02-12,4,2188307.39,2135143.87,53163.52,2.49
2010-02-19,4,2049860.26,2188307.39,-138447.13,-6.33
2010-02-26,4,1925728.84,2049860.26,-124131.42,-6.06
2010-03-05,4,1971057.44,1925728.84,45328.6,2.35
2010-03-12,4,1894324.09,1971057.44,-76733.35,-3.89
2010-03-19,4,1897429.36,1894324.09,3105.27,0.16
2010-03-26,4,1762539.3,1897429.36,-134890.06,-7.11
2010-04-02,4,1979247.12,1762539.3,216707.82,12.3
2010-04-09,4,1818452.72,1979247.12,-160794.4,-8.12
2010-04-16,4,1851519.69,1818452.72,33066.97,1.82
2010-04-23,4,1802677.9,1851519.69,-48841.79,-2.64
2010-04-30,4,1817273.28,1802677.9,14595.38,0.81
2010-05-07,4,2000626.14,1817273.28,183352.86,10.09
2010-05-14,4,1875597.28,2000626.14,-125028.86,-6.25
2010-05-21,4,1903752.6,1875597.28,28155.32,1.5
2010-05-28,4,1857533.7,1903752.6,-46218.9,-2.43
2010-06-04,4,1903290.58,1857533.7,45756.88,2.46
2010-06-11,4,1870619.23,1903290.58,-32671.35,-1.72
2010-06-18,4,1929736.35,1870619.23,59117.12,3.16
2010-06-25,4,1846651.95,1929736.35,-83084.4,-4.31
2010-07-02,4,1881337.21,1846651.95,34685.26,1.88
2010-07-09,4,1812208.22,1881337.21,-69128.99,-3.67
2010-07-16,4,1898427.66,1812208.22,86219.44,4.76
2010-07-23,4,1848426.78,1898427.66,-50000.88,-2.63
2010-07-30,4,1796637.61,1848426.78,-51789.17,-2.8
2010-08-06,4,1907638.58,1796637.61,111000.97,6.18
2010-08-13,4,2007050.75,1907638.58,99412.17,5.21
2010-08-20,4,1997181.09,2007050.75,-9869.66,-0.49
2010-08-27,4,1848403.92,1997181.09,-148777.17,-7.45
2010-09-03,4,1935857.58,1848403.92,87453.66,4.73
2010-09-10,4,1865820.81,1935857.58,-70036.77,-3.62
2010-09-17,4,1899959.61,1865820.81,34138.8,1.83
2010-09-24,4,1810684.68,1899959.61,-89274.93,-4.7
2010-10-01,4,1842821.02,1810684.68,32136.34,1.77
2010-10-08,4,1951494.85,1842821.02,108673.83,5.9
2010-10-15,4,1867345.09,1951494.85,-84149.76,-4.31
2010-10-22,4,1927610.06,1867345.09,60264.97,3.23
2010-10-29,4,1933333.0,1927610.06,5722.94,0.3
2010-11-05,4,2013115.79,1933333.0,79782.79,4.13
2010-11-12,4,1999794.26,2013115.79,-13321.53,-0.66
2010-11-19,4,2097809.4,1999794.26,98015.14,4.9
2010-11-26,4,2789469.45,2097809.4,691660.05,32.97
2010-12-03,4,2102530.17,2789469.45,-686939.28,-24.63
2010-12-10,4,2302504.86,2102530.17,199974.69,9.51
2010-12-17,4,2740057.14,2302504.86,437552.28,19.0
2010-12-24,4,3526713.39,2740057.14,786656.25,28.71
2010-12-31,4,1794868.74,3526713.39,-1731844.65,-49.11
2011-01-07,4,1862476.27,1794868.74,67607.53,3.77
2011-01-14,4,1865502.46,1862476.27,3026.19,0.16
2011-01-21,4,1886393.94,1865502.46,20891.48,1.12
2011-01-28,4,1814240.85,1886393.94,-72153.09,-3.82
2011-02-04,4,2119086.04,1814240.85,304845.19,16.8
2011-02-11,4,2187847.29,2119086.04,68761.25,3.24
2011-02-18,4,2316495.56,2187847.29,128648.27,5.88
2011-02-25,4,2078094.69,2316495.56,-238400.87,-10.29
2011-03-04,4,2103455.75,2078094.69,25361.06,1.22
2011-03-11,4,2039818.41,2103455.75,-63637.34,-3.03
2011-03-18,4,2116475.38,2039818.41,76656.97,3.76
2011-03-25,4,1944164.32,2116475.38,-172311.06,-8.14
2011-04-01,4,1900246.47,1944164.32,-43917.85,-2.26
2011-04-08,4,2074953.46,1900246.47,174706.99,9.19
2011-04-15,4,1960587.76,2074953.46,-114365.7,-5.51
2011-04-22,4,2220600.76,1960587.76,260013.0,13.26
2011-04-29,4,1878167.44,2220600.76,-342433.32,-15.42
2011-05-06,4,2063682.76,1878167.44,185515.32,9.88
2011-05-13,4,2002362.37,2063682.76,-61320.39,-2.97
2011-05-20,4,2015563.48,2002362.37,13201.11,0.66
2011-05-27,4,1986597.95,2015563.48,-28965.53,-1.44
2011-06-03,4,2065377.15,1986597.95,78779.2,3.97
2011-06-10,4,2073951.38,2065377.15,8574.23,0.42
2011-06-17,4,2141210.62,2073951.38,67259.24,3.24
2011-06-24,4,2008344.92,2141210.62,-132865.7,-6.21
2011-07-01,4,2051533.53,2008344.92,43188.61,2.15
2011-07-08,4,2066541.86,2051533.53,15008.33,0.73
2011-07-15,4,2049046.95,2066541.86,-17494.91,-0.85
2011-07-22,4,2036231.39,2049046.95,-12815.56,-0.63
2011-07-29,4,1989674.07,2036231.39,-46557.32,-2.29
2011-08-05,4,2160057.39,1989674.07,170383.32,8.56
2011-08-12,4,2105668.74,2160057.39,-54388.65,-2.52
2011-08-19,4,2232892.1,2105668.74,127223.36,6.04
2011-08-26,4,1988490.21,2232892.1,-244401.89,-10.95
2011-09-02,4,2078420.31,1988490.21,89930.1,4.52
2011-09-09,4,2093139.01,2078420.31,14718.7,0.71
2011-09-16,4,2075577.33,2093139.01,-17561.68,-0.84
2011-09-23,4,2031406.41,2075577.33,-44170.92,-2.13
2011-09-30,4,1929486.63,2031406.41,-101919.78,-5.02
2011-10-07,4,2166737.65,1929486.63,237251.02,12.3
2011-10-14,4,2074548.85,2166737.65,-92188.8,-4.25
2011-10-21,4,2207742.13,2074548.85,133193.28,6.42
2011-10-28,4,2151659.59,2207742.13,-56082.54,-2.54
2011-11-04,4,2281217.31,2151659.59,129557.72,6.02
2011-11-11,4,2203028.96,2281217.31,-78188.35,-3.43
2011-11-18,4,2243946.59,2203028.96,40917.63,1.86
2011-11-25,4,3004702.33,2243946.59,760755.74,33.9
2011-12-02,4,2180999.26,3004702.33,-823703.07,-27.41
2011-12-09,4,2508955.24,2180999.26,327955.98,15.04
2011-12-16,4,2771397.17,2508955.24,262441.93,10.46
2011-12-23,4,3676388.98,2771397.17,904991.81,32.65
2011-12-30,4,2007105.86,3676388.98,-1669283.12,-45.41
2012-01-06,4,2047766.07,2007105.86,40660.21,2.03
2012-01-13,4,1941676.61,2047766.07,-106089.46,-5.18
2012-01-20,4,2005097.76,1941676.61,63421.15,3.27
2012-01-27,4,1928720.51,2005097.76,-76377.25,-3.81
2012-02-03,4,2173373.91,1928720.51,244653.4,12.68
2012-02-10,4,2374660.64,2173373.91,201286.73,9.26
2012-02-17,4,2427640.17,2374660.64,52979.53,2.23
2012-02-24,4,2226662.17,2427640.17,-200978.0,-8.28
2012-03-02,4,2206319.9,2226662.17,-20342.27,-0.91
2012-03-09,4,2202450.81,2206319.9,-3869.09,-0.18
2012-03-16,4,2214967.44,2202450.81,12516.63,0.57
2012-03-23,4,2091592.54,2214967.44,-123374.9,-5.57
2012-03-30,4,2089381.77,2091592.54,-2210.77,-0.11
2012-04-06,4,2470206.13,2089381.77,380824.36,18.23
2012-04-13,4,2105301.39,2470206.13,-364904.74,-14.77
2012-04-20,4,2144336.89,2105301.39,39035.5,1.85
2012-04-27,4,2064065.66,2144336.89,-80271.23,-3.74
2012-05-04,4,2196968.33,2064065.66,132902.67,6.44
2012-05-11,4,2127661.17,2196968.33,-69307.16,-3.15
2012-05-18,4,2207214.81,2127661.17,79553.64,3.74
2012-05-25,4,2154137.67,2207214.81,-53077.14,-2.4
2012-06-01,4,2179360.94,2154137.67,25223.27,1.17
2012-06-08,4,2245257.18,2179360.94,65896.24,3.02
2012-06-15,4,2234190.93,2245257.18,-11066.25,-0.49
2012-06-22,4,2197299.65,2234190.93,-36891.28,-1.65
2012-06-29,4,2128362.92,2197299.65,-68936.73,-3.14
2012-07-06,4,2224499.28,2128362.92,96136.36,4.52
2012-07-13,4,2100252.61,2224499.28,-124246.67,-5.59
2012-07-20,4,2175563.69,2100252.61,75311.08,3.59
2012-07-27,4,2048613.65,2175563.69,-126950.04,-5.84
2012-08-03,4,2174514.13,2048613.65,125900.48,6.15
2012-08-10,4,2193367.69,2174514.13,18853.56,0.87
2012-08-17,4,2283540.3,2193367.69,90172.61,4.11
2012-08-24,4,2125241.68,2283540.3,-158298.62,-6.93
2012-08-31,4,2081181.35,2125241.68,-44060.33,-2.07
2012-09-07,4,2125104.72,2081181.35,43923.37,2.11
2012-09-14,4,2117854.6,2125104.72,-7250.12,-0.34
2012-09-21,4,2119438.53,2117854.6,1583.93,0.07
2012-09-28,4,2027620.23,2119438.53,-91818.3,-4.33
2012-10-05,4,2209835.43,2027620.23,182215.2,8.99
2012-10-12,4,2133026.07,2209835.43,-76809.36,-3.48
2012-10-19,4,2097266.85,2133026.07,-35759.22,-1.68
2012-10-26,4,2149594.46,2097266.85,52327.61,2.5
2010-02-05,5,317173.1,,,
2010-02-12,5,311825.7,317173.1,-5347.4,-1.69
2010-02-19,5,303447.57,311825.7,-8378.13,-2.69
2010-02-26,5,270281.63,303447.57,-33165.94,-10.93
2010-03-05,5,288855.71,270281.63,18574.08,6.87
2010-03-12,5,297293.59,288855.71,8437.88,2.92
2010-03-19,5,281706.41,297293.59,-15587.18,-5.24
2010-03-26,5,273282.97,281706.41,-8423.44,-2.99
2010-04-02,5,331406.0,273282.97,58123.03,21.27
2010-04-09,5,328020.49,331406.0,-3385.51,-1.02
2010-04-16,5,306858.69,328020.49,-21161.8,-6.45
2010-04-23,5,288839.73,306858.69,-18018.96,-5.87
2010-04-30,5,298697.84,288839.73,9858.11,3.41
2010-05-07,5,333522.6,298697.84,34824.76,11.66
2010-05-14,5,296673.77,333522.6,-36848.83,-11.05
2010-05-21,5,301615.49,296673.77,4941.72,1.67
2010-05-28,5,310013.11,301615.49,8397.62,2.78
2010-06-04,5,337825.89,310013.11,27812.78,8.97
2010-06-11,5,296641.91,337825.89,-41183.98,-12.19
2010-06-18,5,313795.6,296641.91,17153.69,5.78
2010-06-25,5,295257.3,313795.6,-18538.3,-5.91
2010-07-02,5,305993.27,295257.3,10735.97,3.64
2010-07-09,5,291808.87,305993.27,-14184.4,-4.64
2010-07-16,5,280701.7,291808.87,-11107.17,-3.81
2010-07-23,5,274742.63,280701.7,-5959.07,-2.12
2010-07-30,5,268929.03,274742.63,-5813.6,-2.12
2010-08-06,5,303043.02,268929.03,34113.99,12.69
2010-08-13,5,286477.35,303043.02,-16565.67,-5.47
2010-08-20,5,287205.38,286477.35,728.03,0.25
2010-08-27,5,288519.75,287205.38,1314.37,0.46
2010-09-03,5,323798.0,288519.75,35278.25,12.23
2010-09-10,5,306533.08,323798.0,-17264.92,-5.33
2010-09-17,5,282558.65,306533.08,-23974.43,-7.82
2010-09-24,5,293131.58,282558.65,10572.93,3.74
2010-10-01,5,283178.12,293131.58,-9953.46,-3.4
2010-10-08,5,290494.85,283178.12,7316.73,2.58
2010-10-15,5,280681.2,290494.85,-9813.65,-3.38
2010-10-22,5,284988.27,280681.2,4307.07,1.53
2010-10-29,5,278031.81,284988.27,-6956.46,-2.44
2010-11-05,5,325310.3,278031.81,47278.49,17.0
2010-11-12,5,301827.36,325310.3,-23482.94,-7.22
2010-11-19,5,297384.81,301827.36,-4442.55,-1.47
2010-11-26,5,488362.61,297384.81,190977.8,64.22
2010-12-03,5,344490.88,488362.61,-143871.73,-29.46
2010-12-10,5,352811.53,344490.88,8320.65,2.42
2010-12-17,5,367801.19,352811.53,14989.66,4.25
2010-12-24,5,466010.25,367801.19,98209.06,26.7
2010-12-31,5,298180.18,466010.25,-167830.07,-36.01
2011-01-07,5,286347.26,298180.18,-11832.92,-3.97
2011-01-14,5,260636.71,286347.26,-25710.55,-8.98
2011-01-21,5,275313.34,260636.71,14676.63,5.63
2011-01-28,5,279088.39,275313.34,3775.05,1.37
2011-02-04,5,329613.2,279088.39,50524.81,18.1
2011-02-11,5,311590.54,329613.2,-18022.66,-5.47
2011-02-18,5,356622.61,311590.54,45032.07,14.45
2011-02-25,5,294659.5,356622.61,-61963.11,-17.37
2011-03-04,5,329033.66,294659.5,34374.16,11.67
2011-03-11,5,293098.1,329033.66,-35935.56,-10.92
2011-03-18,5,312177.67,293098.1,19079.57,6.51
2011-03-25,5,294732.5,312177.67,-17445.17,-5.59
2011-04-01,5,314316.55,294732.5,19584.05,6.64
2011-04-08,5,307333.62,314316.55,-6982.93,-2.22
2011-04-15,5,307913.58,307333.62,579.96,0.19
2011-04-22,5,328415.44,307913.58,20501.86,6.66
2011-04-29,5,307291.56,328415.44,-21123.88,-6.43
2011-05-06,5,322904.68,307291.56,15613.12,5.08
2011-05-13,5,290930.01,322904.68,-31974.67,-9.9
2011-05-20,5,299614.33,290930.01,8684.32,2.99
2011-05-27,5,297149.69,299614.33,-2464.64,-0.82
2011-06-03,5,329183.92,297149.69,32034.23,10.78
2011-06-10,5,304984.14,329183.92,-24199.78,-7.35
2011-06-17,5,304811.82,304984.14,-172.32,-0.06
2011-06-24,5,302881.64,304811.82,-1930.18,-0.63
2011-07-01,5,327093.89,302881.64,24212.25,7.99
2011-07-08,5,310804.93,327093.89,-16288.96,-4.98
2011-07-15,5,283248.62,310804.93,-27556.31,-8.87
2011-07-22,5,292539.73,283248.62,9291.11,3.28
2011-07-29,5,275142.17,292539.73,-17397.56,-5.95
2011-08-05,5,317738.56,275142.17,42596.39,15.48
2011-08-12,5,289886.16,317738.56,-27852.4,-8.77
2011-08-19,5,303643.84,289886.16,13757.68,4.75
2011-08-26,5,310338.17,303643.84,6694.33,2.2
2011-09-02,5,315645.53,310338.17,5307.36,1.71
2011-09-09,5,321110.22,315645.53,5464.69,1.73
2011-09-16,5,278529.71,321110.22,-42580.51,-13.26
2011-09-23,5,291024.98,278529.71,12495.27,4.49
2011-09-30,5,292315.38,291024.98,1290.4,0.44
2011-10-07,5,309111.47,292315.38,16796.09,5.75
2011-10-14,5,286117.72,309111.47,-22993.75,-7.44
2011-10-21,5,306069.18,286117.72,19951.46,6.97
2011-10-28,5,307035.11,306069.18,965.93,0.32
2011-11-04,5,353652.23,307035.11,46617.12,15.18
2011-11-11,5,311906.7,353652.23,-41745.53,-11.8
2011-11-18,5,307944.37,311906.7,-3962.33,-1.27
2011-11-25,5,507900.07,307944.37,199955.7,64.93
2011-12-02,5,376225.61,507900.07,-131674.46,-25.93
2011-12-09,5,367433.77,376225.61,-8791.84,-2.34
2011-12-16,5,379530.3,367433.77,12096.53,3.29
2011-12-23,5,458562.24,379530.3,79031.94,20.82
2011-12-30,5,349624.88,458562.24,-108937.36,-23.76
2012-01-06,5,312078.71,349624.88,-37546.17,-10.74
2012-01-13,5,291454.52,312078.71,-20624.19,-6.61
2012-01-20,5,287523.98,291454.52,-3930.54,-1.35
2012-01-27,5,295974.22,287523.98,8450.24,2.94
2012-02-03,5,333948.0,295974.22,37973.78,12.83
2012-02-10,5,349239.88,333948.0,15291.88,4.58
2012-02-17,5,356427.98,349239.88,7188.1,2.06
2012-02-24,5,312220.47,356427.98,-44207.51,-12.4
2012-03-02,5,359206.21,312220.47,46985.74,15.05
2012-03-09,5,347295.6,359206.21,-11910.61,-3.32
2012-03-16,5,339392.54,347295.6,-7903.06,-2.28
2012-03-23,5,321299.99,339392.54,-18092.55,-5.33
2012-03-30,5,331318.73,321299.99,10018.74,3.12
2012-04-06,5,402985.7,331318.73,71666.97,21.63
2012-04-13,5,351832.03,402985.7,-51153.67,-12.69
2012-04-20,5,330063.06,351832.03,-21768.97,-6.19
2012-04-27,5,324839.74,330063.06,-5223.32,-1.58
2012-05-04,5,360932.69,324839.74,36092.95,11.11
2012-05-11,5,333870.52,360932.69,-27062.17,-7.5
2012-05-18,5,336189.66,333870.52,2319.14,0.69
2012-05-25,5,341994.48,336189.66,5804.82,1.73
2012-06-01,5,359867.8,341994.48,17873.32,5.23
2012-06-08,5,341704.59,359867.8,-18163.21,-5.05
2012-06-15,5,327383.64,341704.59,-14320.95,-4.19
2012-06-22,5,325041.68,327383.64,-2341.96,-0.72
2012-06-29,5,329658.1,325041.68,4616.42,1.42
2012-07-06,5,341214.43,329658.1,11556.33,3.51
2012-07-13,5,316203.64,341214.43,-25010.79,-7.33
2012-07-20,5,321205.12,316203.64,5001.48,1.58
2012-07-27,5,306827.36,321205.12,-14377.76,-4.48
2012-08-03,5,324195.17,306827.36,17367.81,5.66
2012-08-10,5,306759.7,324195.17,-17435.47,-5.38
2012-08-17,5,314014.18,306759.7,7254.48,2.36
2012-08-24,5,320831.36,314014.18,6817.18,2.17
2012-08-31,5,344642.01,320831.36,23810.65,7.42
2012-09-07,5,350648.91,344642.01,6006.9,1.74
2012-09-14,5,299800.67,350648.91,-50848.24,-14.5
2012-09-21,5,307306.76,299800.67,7506.09,2.5
2012-09-28,5,310141.68,307306.76,2834.92,0.92
2012-10-05,5,343048.29,310141.68,32906.61,10.61
2012-10-12,5,325345.41,343048.29,-17702.88,-5.16
2012-10-19,5,313358.15,325345.41,-11987.26,-3.68
2012-10-26,5,319550.77,313358.15,6192.62,1.98
2010-02-05,6,1652635.1,,,
2010-02-12,6,1606283.86,1652635.1,-46351.24,-2.8
2010-02-19,6,1567138.07,1606283.86,-39145.79,-2.44
2010-02-26,6,1432953.21,1567138.07,-134184.86,-8.56
2010-03-05,6,1601348.82,1432953.21,168395.61,11.75
2010-03-12,6,1558621.36,1601348.82,-42727.46,-2.67
2010-03-19,6,1693058.91,1558621.36,134437.55,8.63
2010-03-26,6,1472033.38,1693058.91,-221025.53,-13.05
2010-04-02,6,1770333.9,1472033.38,298300.52,20.26
2010-04-09,6,1667181.82,1770333.9,-103152.08,-5.83
2010-04-16,6,1519846.36,1667181.82,-147335.46,-8.84
2010-04-23,6,1540435.99,1519846.36,20589.63,1.35
2010-04-30,6,1498080.16,1540435.99,-42355.83,-2.75
2010-05-07,6,1619920.04,1498080.16,121839.88,8.13
2010-05-14,6,1524059.4,1619920.04,-95860.64,-5.92
2010-05-21,6,1531938.44,1524059.4,7879.04,0.52
2010-05-28,6,1644470.66,1531938.44,112532.22,7.35
2010-06-04,6,1857380.09,1644470.66,212909.43,12.95
2010-06-11,6,1685652.35,1857380.09,-171727.74,-9.25
2010-06-18,6,1677248.24,1685652.35,-8404.11,-0.5
2010-06-25,6,1640681.88,1677248.24,-36566.36,-2.18
2010-07-02,6,1759777.25,1640681.88,119095.37,7.26
2010-07-09,6,1690317.99,1759777.25,-69459.26,-3.95
2010-07-16,6,1560120.8,1690317.99,-130197.19,-7.7
2010-07-23,6,1585240.92,1560120.8,25120.12,1.61
2010-07-30,6,1532308.78,1585240.92,-52932.14,-3.34
2010-08-06,6,1633241.59,1532308.78,100932.81,6.59
2010-08-13,6,1547654.98,1633241.59,-85586.61,-5.24
2010-08-20,6,1539930.5,1547654.98,-7724.48,-0.5
2010-08-27,6,1450766.12,1539930.5,-89164.38,-5.79
2010-09-03,6,1510925.32,1450766.12,60159.2,4.15
2010-09-10,6,1424225.44,1510925.32,-86699.88,-5.74
2010-09-17,6,1308537.75,1424225.44,-115687.69,-8.12
2010-09-24,6,1275591.84,1308537.75,-32945.91,-2.52
2010-10-01,6,1328468.89,1275591.84,52877.05,4.15
2010-10-08,6,1360317.9,1328468.89,31849.01,2.4
2010-10-15,6,1344580.92,1360317.9,-15736.98,-1.16
2010-10-22,6,1332716.53,1344580.92,-11864.39,-0.88
2010-10-29,6,1385323.7,1332716.53,52607.17,3.95
2010-11-05,6,1505442.15,1385323.7,120118.45,8.67
2010-11-12,6,1495536.46,1505442.15,-9905.69,-0.66
2010-11-19,6,1518841.45,1495536.46,23304.99,1.56
2010-11-26,6,2267452.4,1518841.45,748610.95,49.29
2010-12-03,6,1677067.24,2267452.4,-590385.16,-26.04
2010-12-10,6,1834737.58,1677067.24,157670.34,9.4
2010-12-17,6,2090268.95,1834737.58,255531.37,13.93
2010-12-24,6,2727575.18,2090268.95,637306.23,30.49
2010-12-31,6,1464050.02,2727575.18,-1263525.16,-46.32
2011-01-07,6,1350441.68,1464050.02,-113608.34,-7.76
2011-01-14,6,1306194.55,1350441.68,-44247.13,-3.28
2011-01-21,6,1261253.18,1306194.55,-44941.37,-3.44
2011-01-28,6,1287034.7,1261253.18,25781.52,2.04
2011-02-04,6,1514999.17,1287034.7,227964.47,17.71
2011-02-11,6,1486920.17,1514999.17,-28079.0,-1.85
2011-02-18,6,1572117.54,1486920.17,85197.37,5.73
2011-02-25,6,1422600.43,1572117.54,-149517.11,-9.51
2011-03-04,6,1502617.99,1422600.43,80017.56,5.62
2011-03-11,6,1494497.39,1502617.99,-8120.6,-0.54
2011-03-18,6,1685375.47,1494497.39,190878.08,12.77
2011-03-25,6,1438465.81,1685375.47,-246909.66,-14.65
2011-04-01,6,1459276.77,1438465.81,20810.96,1.45
2011-04-08,6,1534594.0,1459276.77,75317.23,5.16
2011-04-15,6,1448797.02,1534594.0,-85796.98,-5.59
2011-04-22,6,1639358.93,1448797.02,190561.91,13.15
2011-04-29,6,1479249.9,1639358.93,-160109.03,-9.77
2011-05-06,6,1504651.57,1479249.9,25401.67,1.72
2011-05-13,6,1453185.65,1504651.57,-51465.92,-3.42
2011-05-20,6,1382783.83,1453185.65,-70401.82,-4.84
2011-05-27,6,1523979.11,1382783.83,141195.28,10.21
2011-06-03,6,1705506.29,1523979.11,181527.18,11.91
2011-06-10,6,1598643.65,1705506.29,-106862.64,-6.27
2011-06-17,6,1622150.33,1598643.65,23506.68,1.47
2011-06-24,6,1543365.9,1622150.33,-78784.43,-4.86
2011-07-01,6,1694551.15,1543365.9,151185.25,9.8
2011-07-08,6,1709373.62,1694551.15,14822.47,0.87
2011-07-15,6,1526801.24,1709373.62,-182572.38,-10.68
2011-07-22,6,1526506.08,1526801.24,-295.16,-0.02
2011-07-29,6,1483991.05,1526506.08,-42515.03,-2.79
2011-08-05,6,1601584.57,1483991.05,117593.52,7.92
2011-08-12,6,1484995.38,1601584.57,-116589.19,-7.28
2011-08-19,6,1493544.04,1484995.38,8548.66,0.58
2011-08-26,6,1420405.41,1493544.04,-73138.63,-4.9
2011-09-02,6,1481618.74,1420405.41,61213.33,4.31
2011-09-09,6,1483574.38,1481618.74,1955.64,0.13
2011-09-16,6,1351407.79,1483574.38,-132166.59,-8.91
2011-09-23,6,1336044.75,1351407.79,-15363.04,-1.14
2011-09-30,6,1307551.92,1336044.75,-28492.83,-2.13
2011-10-07,6,1481739.2,1307551.92,174187.28,13.32
2011-10-14,6,1386520.99,1481739.2,-95218.21,-6.43
2011-10-21,6,1417922.37,1386520.99,31401.38,2.26
2011-10-28,6,1419445.12,1417922.37,1522.75,0.11
2011-11-04,6,1523420.38,1419445.12,103975.26,7.33
2011-11-11,6,1536176.54,1523420.38,12756.16,0.84
2011-11-18,6,1524390.07,1536176.54,-11786.47,-0.77
2011-11-25,6,2249811.55,1524390.07,725421.48,47.59
2011-12-02,6,1688531.34,2249811.55,-561280.21,-24.95
2011-12-09,6,1903385.14,1688531.34,214853.8,12.72
2011-12-16,6,2034695.56,1903385.14,131310.42,6.9
2011-12-23,6,2644633.02,2034695.56,609937.46,29.98
2011-12-30,6,1598080.52,2644633.02,-1046552.5,-39.57
2012-01-06,6,1395339.71,1598080.52,-202740.81,-12.69
2012-01-13,6,1344243.17,1395339.71,-51096.54,-3.66
2012-01-20,6,1326255.7,1344243.17,-17987.47,-1.34
2012-01-27,6,1315610.66,1326255.7,-10645.04,-0.8
2012-02-03,6,1496305.78,1315610.66,180695.12,13.73
2012-02-10,6,1620603.92,1496305.78,124298.14,8.31
2012-02-17,6,1632616.09,1620603.92,12012.17,0.74
2012-02-24,6,1465187.71,1632616.09,-167428.38,-10.26
2012-03-02,6,1550385.65,1465187.71,85197.94,5.81
2012-03-09,6,1569304.4,1550385.65,18918.75,1.22
2012-03-16,6,1748010.29,1569304.4,178705.89,11.39
2012-03-23,6,1495143.62,1748010.29,-252866.67,-14.47
2012-03-30,6,1508933.26,1495143.62,13789.64,0.92
2012-04-06,6,1840131.19,1508933.26,331197.93,21.95
2012-04-13,6,1616394.45,1840131.19,-223736.74,-12.16
2012-04-20,6,1456073.24,1616394.45,-160321.21,-9.92
2012-04-27,6,1456221.1,1456073.24,147.86,0.01
2012-05-04,6,1543461.12,1456221.1,87240.02,5.99
2012-05-11,6,1517075.67,1543461.12,-26385.45,-1.71
2012-05-18,6,1513635.64,1517075.67,-3440.03,-0.23
2012-05-25,6,1603793.42,1513635.64,90157.78,5.96
2012-06-01,6,1681121.38,1603793.42,77327.96,4.82
2012-06-08,6,1696619.52,1681121.38,15498.14,0.92
2012-06-15,6,1642247.48,1696619.52,-54372.04,-3.2
2012-06-22,6,1618272.25,1642247.48,-23975.23,-1.46
2012-06-29,6,1648863.46,1618272.25,30591.21,1.89
2012-07-06,6,1876359.39,1648863.46,227495.93,13.8
2012-07-13,6,1588142.26,1876359.39,-288217.13,-15.36
2012-07-20,6,1574361.97,1588142.26,-13780.29,-0.87
2012-07-27,6,1513229.16,1574361.97,-61132.81,-3.88
2012-08-03,6,1627274.93,1513229.16,114045.77,7.54
2012-08-10,6,1588380.73,1627274.93,-38894.2,-2.39
2012-08-17,6,1543049.52,1588380.73,-45331.21,-2.85
2012-08-24,6,1501095.49,1543049.52,-41954.03,-2.72
2012-08-31,6,1577439.81,1501095.49,76344.32,5.09
2012-09-07,6,1608077.01,1577439.81,30637.2,1.94
2012-09-14,6,1375166.86,1608077.01,-232910.15,-14.48
2012-09-21,6,1425603.65,1375166.86,50436.79,3.67
2012-09-28,6,1369131.46,1425603.65,-56472.19,-3.96
2012-10-05,6,1518177.71,1369131.46,149046.25,10.89
2012-10-12,6,1459396.84,1518177.71,-58780.87,-3.87
2012-10-19,6,1436883.99,1459396.84,-22512.85,-1.54
2012-10-26,6,1431426.34,1436883.99,-5457.65,-0.38
2010-02-05,7,496725.44,,,
2010-02-12,7,524104.92,496725.44,27379.48,5.51
2010-02-19,7,506760.54,524104.92,-17344.38,-3.31
2010-02-26,7,496083.24,506760.54,-10677.3,-2.11
2010-03-05,7,491419.55,496083.24,-4663.69,-0.94
2010-03-12,7,480452.1,491419.55,-10967.45,-2.23
2010-03-19,7,574450.23,480452.1,93998.13,19.56
2010-03-26,7,514731.6,574450.23,-59718.63,-10.4
2010-04-02,7,561145.14,514731.6,46413.54,9.02
2010-04-09,7,484263.25,561145.14,-76881.89,-13.7
2010-04-16,7,406228.19,484263.25,-78035.06,-16.11
2010-04-23,7,404751.25,406228.19,-1476.94,-0.36
2010-04-30,7,373655.61,404751.25,-31095.64,-7.68
2010-05-07,7,395453.83,373655.61,21798.22,5.83
2010-05-14,7,372673.61,395453.83,-22780.22,-5.76
2010-05-21,7,395195.65,372673.61,22522.04,6.04
2010-05-28,7,442734.55,395195.65,47538.9,12.03
2010-06-04,7,509183.22,442734.55,66448.67,15.01
2010-06-11,7,498580.87,509183.22,-10602.35,-2.08
2010-06-18,7,481144.09,498580.87,-17436.78,-3.5
2010-06-25,7,553714.87,481144.09,72570.78,15.08
2010-07-02,7,575570.77,553714.87,21855.9,3.95
2010-07-09,7,593462.34,575570.77,17891.57,3.11
2010-07-16,7,557166.35,593462.34,-36295.99,-6.12
2010-07-23,7,570231.21,557166.35,13064.86,2.34
2010-07-30,7,603547.16,570231.21,33315.95,5.84
2010-08-06,7,643854.17,603547.16,40307.01,6.68
2010-08-13,7,598185.4,643854.17,-45668.77,-7.09
2010-08-20,7,582353.17,598185.4,-15832.23,-2.65
2010-08-27,7,554309.24,582353.17,-28043.93,-4.82
2010-09-03,7,532765.05,554309.24,-21544.19,-3.89
2010-09-10,7,535769.32,532765.05,3004.27,0.56
2010-09-17,7,489408.53,535769.32,-46360.79,-8.65
2010-09-24,7,488008.83,489408.53,-1399.7,-0.29
2010-10-01,7,448998.73,488008.83,-39010.1,-7.99
2010-10-08,7,480239.88,448998.73,31241.15,6.96
2010-10-15,7,463370.48,480239.88,-16869.4,-3.51
2010-10-22,7,472450.81,463370.48,9080.33,1.96
2010-10-29,7,465493.15,472450.81,-6957.66,-1.47
2010-11-05,7,480512.44,465493.15,15019.29,3.23
2010-11-12,7,507584.29,480512.44,27071.85,5.63
2010-11-19,7,482528.36,507584.29,-25055.93,-4.94
2010-11-26,7,835189.26,482528.36,352660.9,73.09
2010-12-03,7,552811.62,835189.26,-282377.64,-33.81
2010-12-10,7,599730.07,552811.62,46918.45,8.49
2010-12-17,7,716388.81,599730.07,116658.74,19.45
2010-12-24,7,1045124.88,716388.81,328736.07,45.89
2010-12-31,7,729572.08,1045124.88,-315552.8,-30.19
2011-01-07,7,661163.94,729572.08,-68408.14,-9.38
2011-01-14,7,547384.9,661163.94,-113779.04,-17.21
2011-01-21,7,521539.46,547384.9,-25845.44,-4.72
2011-01-28,7,513372.17,521539.46,-8167.29,-1.57
2011-02-04,7,558027.77,513372.17,44655.6,8.7
2011-02-11,7,559903.13,558027.77,1875.36,0.34
2011-02-18,7,572387.47,559903.13,12484.34,2.23
2011-02-25,7,546690.84,572387.47,-25696.63,-4.49
2011-03-04,7,551378.39,546690.84,4687.55,0.86
2011-03-11,7,558963.83,551378.39,7585.44,1.38
2011-03-18,7,635014.69,558963.83,76050.86,13.61
2011-03-25,7,559061.58,635014.69,-75953.11,-11.96
2011-04-01,7,513409.67,559061.58,-45651.91,-8.17
2011-04-08,7,500552.16,513409.67,-12857.51,-2.5
2011-04-15,7,423380.14,500552.16,-77172.02,-15.42
2011-04-22,7,466594.89,423380.14,43214.75,10.21
2011-04-29,7,410429.73,466594.89,-56165.16,-12.04
2011-05-06,7,407012.47,410429.73,-3417.26,-0.83
2011-05-13,7,414094.05,407012.47,7081.58,1.74
2011-05-20,7,424670.98,414094.05,10576.93,2.55
2011-05-27,7,457216.87,424670.98,32545.89,7.66
2011-06-03,7,542295.37,457216.87,85078.5,18.61
2011-06-10,7,621099.95,542295.37,78804.58,14.53
2011-06-17,7,610991.35,621099.95,-10108.6,-1.63
2011-06-24,7,640043.97,610991.35,29052.62,4.75
2011-07-01,7,704344.21,640043.97,64300.24,10.05
2011-07-08,7,761793.94,704344.21,57449.73,8.16
2011-07-15,7,642748.21,761793.94,-119045.73,-15.63
2011-07-22,7,688043.96,642748.21,45295.75,7.05
2011-07-29,7,653382.62,688043.96,-34661.34,-5.04
2011-08-05,7,695392.84,653382.62,42010.22,6.43
2011-08-12,7,670670.46,695392.84,-24722.38,-3.56
2011-08-19,7,645156.21,670670.46,-25514.25,-3.8
2011-08-26,7,629994.47,645156.21,-15161.74,-2.35
2011-09-02,7,592355.24,629994.47,-37639.23,-5.97
2011-09-09,7,613135.23,592355.24,20779.99,3.51
2011-09-16,7,558981.45,613135.23,-54153.78,-8.83
2011-09-23,7,536144.81,558981.45,-22836.64,-4.09
2011-09-30,7,488880.26,536144.81,-47264.55,-8.82
2011-10-07,7,525866.36,488880.26,36986.1,7.57
2011-10-14,7,501959.19,525866.36,-23907.17,-4.55
2011-10-21,7,558691.43,501959.19,56732.24,11.3
2011-10-28,7,527339.52,558691.43,-31351.91,-5.61
2011-11-04,7,564536.01,527339.52,37196.49,7.05
2011-11-11,7,556015.59,564536.01,-8520.42,-1.51
2011-11-18,7,539826.56,556015.59,-16189.03,-2.91
2011-11-25,7,949075.87,539826.56,409249.31,75.81
2011-12-02,7,591907.88,949075.87,-357167.99,-37.63
2011-12-09,7,653845.45,591907.88,61937.57,10.46
2011-12-16,7,720242.19,653845.45,66396.74,10.15
2011-12-23,7,1059715.27,720242.19,339473.08,47.13
2011-12-30,7,815915.52,1059715.27,-243799.75,-23.01
2012-01-06,7,713117.66,815915.52,-102797.86,-12.6
2012-01-13,7,593875.46,713117.66,-119242.2,-16.72
2012-01-20,7,578002.85,593875.46,-15872.61,-2.67
2012-01-27,7,541037.98,578002.85,-36964.87,-6.4
2012-02-03,7,580453.32,541037.98,39415.34,7.29
2012-02-10,7,563460.77,580453.32,-16992.55,-2.93
2012-02-17,7,620908.18,563460.77,57447.41,10.2
2012-02-24,7,603041.14,620908.18,-17867.04,-2.88
2012-03-02,7,551058.13,603041.14,-51983.01,-8.62
2012-03-09,7,579166.5,551058.13,28108.37,5.1
2012-03-16,7,669205.73,579166.5,90039.23,15.55
2012-03-23,7,615997.29,669205.73,-53208.44,-7.95
2012-03-30,7,583322.2,615997.29,-32675.09,-5.3
2012-04-06,7,621425.98,583322.2,38103.78,6.53
2012-04-13,7,517420.23,621425.98,-104005.75,-16.74
2012-04-20,7,457340.06,517420.23,-60080.17,-11.61
2012-04-27,7,467827.75,457340.06,10487.69,2.29
2012-05-04,7,465198.89,467827.75,-2628.86,-0.56
2012-05-11,7,460397.41,465198.89,-4801.48,-1.03
2012-05-18,7,468428.3,460397.41,8030.89,1.74
2012-05-25,7,532739.77,468428.3,64311.47,13.73
2012-06-01,7,598495.02,532739.77,65755.25,12.34
2012-06-08,7,642963.75,598495.02,44468.73,7.43
2012-06-15,7,666942.02,642963.75,23978.27,3.73
2012-06-22,7,687344.68,666942.02,20402.66,3.06
2012-06-29,7,704335.41,687344.68,16990.73,2.47
2012-07-06,7,805642.61,704335.41,101307.2,14.38
2012-07-13,7,694150.89,805642.61,-111491.72,-13.84
2012-07-20,7,686345.69,694150.89,-7805.2,-1.12
2012-07-27,7,686365.4,686345.69,19.71,0.0
2012-08-03,7,680954.81,686365.4,-5410.59,-0.79
2012-08-10,7,675926.3,680954.81,-5028.51,-0.74
2012-08-17,7,642450.4,675926.3,-33475.9,-4.95
2012-08-24,7,609099.37,642450.4,-33351.03,-5.19
2012-08-31,7,586467.16,609099.37,-22632.21,-3.72
2012-09-07,7,597876.55,586467.16,11409.39,1.95
2012-09-14,7,541120.2,597876.55,-56756.35,-9.49
2012-09-21,7,530842.25,541120.2,-10277.95,-1.9
2012-09-28,7,525545.76,530842.25,-5296.49,-1.0
2012-10-05,7,505830.56,525545.76,-19715.2,-3.75
2012-10-12,7,503463.93,505830.56,-2366.63,-0.47
2012-10-19,7,516424.83,503463.93,12960.9,2.57
2012-10-26,7,495543.28,516424.83,-20881.55,-4.04
2010-02-05,8,1004137.09,,,
2010-02-12,8,994801.4,1004137.09,-9335.69,-0.93
2010-02-19,8,963960.37,994801.4,-30841.03,-3.1
2010-02-26,8,847592.11,963960.37,-116368.26,-12.07
2010-03-05,8,881503.95,847592.11,33911.84,4.0
2010-03-12,8,860336.16,881503.95,-21167.79,-2.4
2010-03-19,8,839911.0,860336.16,-20425.16,-2.37
2010-03-26,8,772539.12,839911.0,-67371.88,-8.02
2010-04-02,8,914500.91,772539.12,141961.79,18.38
2010-04-09,8,916033.92,914500.91,1533.01,0.17
2010-04-16,8,882917.12,916033.92,-33116.8,-3.62
2010-04-23,8,850440.26,882917.12,-32476.86,-3.68
2010-04-30,8,778672.64,850440.26,-71767.62,-8.44
2010-05-07,8,916820.96,778672.64,138148.32,17.74
2010-05-14,8,873337.84,916820.96,-43483.12,-4.74
2010-05-21,8,818333.21,873337.84,-55004.63,-6.3
2010-05-28,8,868041.56,818333.21,49708.35,6.07
2010-06-04,8,958225.41,868041.56,90183.85,10.39
2010-06-11,8,914835.86,958225.41,-43389.55,-4.53
2010-06-18,8,869922.56,914835.86,-44913.3,-4.91
2010-06-25,8,814919.11,869922.56,-55003.45,-6.32
2010-07-02,8,852333.75,814919.11,37414.64,4.59
2010-07-09,8,845289.77,852333.75,-7043.98,-0.83
2010-07-16,8,848630.57,845289.77,3340.8,0.4
2010-07-23,8,785515.88,848630.57,-63114.69,-7.44
2010-07-30,8,787295.09,785515.88,1779.21,0.23
2010-08-06,8,893399.77,787295.09,106104.68,13.48
2010-08-13,8,867919.21,893399.77,-25480.56,-2.85
2010-08-20,8,870676.44,867919.21,2757.23,0.32
2010-08-27,8,888816.78,870676.44,18140.34,2.08
2010-09-03,8,899036.47,888816.78,10219.69,1.15
2010-09-10,8,831425.2,899036.47,-67611.27,-7.52
2010-09-17,8,836707.85,831425.2,5282.65,0.64
2010-09-24,8,773725.08,836707.85,-62982.77,-7.53
2010-10-01,8,804105.49,773725.08,30380.41,3.93
2010-10-08,8,870349.86,804105.49,66244.37,8.24
2010-10-15,8,826546.96,870349.86,-43802.9,-5.03
2010-10-22,8,836419.14,826546.96,9872.18,1.19
2010-10-29,8,830756.76,836419.14,-5662.38,-0.68
2010-11-05,8,927266.34,830756.76,96509.58,11.62
2010-11-12,8,911538.98,927266.34,-15727.36,-1.7
2010-11-19,8,885608.04,911538.98,-25930.94,-2.84
2010-11-26,8,1261693.16,885608.04,376085.12,42.47
2010-12-03,8,952766.93,1261693.16,-308926.23,-24.49
2010-12-10,8,1069061.63,952766.93,116294.7,12.21
2010-12-17,8,1220579.55,1069061.63,151517.92,14.17
2010-12-24,8,1511641.09,1220579.55,291061.54,23.85
2010-12-31,8,773586.49,1511641.09,-738054.6,-48.82
2011-01-07,8,873065.23,773586.49,99478.74,12.86
2011-01-14,8,809646.66,873065.23,-63418.57,-7.26
2011-01-21,8,822668.23,809646.66,13021.57,1.61
2011-01-28,8,782256.66,822668.23,-40411.57,-4.91
2011-02-04,8,944594.78,782256.66,162338.12,20.75
2011-02-11,8,996147.39,944594.78,51552.61,5.46
2011-02-18,8,1065108.64,996147.39,68961.25,6.92
2011-02-25,8,917317.15,1065108.64,-147791.49,-13.88
2011-03-04,8,935266.43,917317.15,17949.28,1.96
2011-03-11,8,900387.29,935266.43,-34879.14,-3.73
2011-03-18,8,898289.14,900387.29,-2098.15,-0.23
2011-03-25,8,827968.36,898289.14,-70320.78,-7.83
2011-04-01,8,878762.3,827968.36,50793.94,6.13
2011-04-08,8,949825.83,878762.3,71063.53,8.09
2011-04-15,8,908278.74,949825.83,-41547.09,-4.37
2011-04-22,8,937473.13,908278.74,29194.39,3.21
2011-04-29,8,855014.77,937473.13,-82458.36,-8.8
2011-05-06,8,941457.34,855014.77,86442.57,10.11
2011-05-13,8,895763.41,941457.34,-45693.93,-4.85
2011-05-20,8,836049.89,895763.41,-59713.52,-6.67
2011-05-27,8,857939.41,836049.89,21889.52,2.62
2011-06-03,8,929222.16,857939.41,71282.75,8.31
2011-06-10,8,897309.41,929222.16,-31912.75,-3.43
2011-06-17,8,922048.41,897309.41,24739.0,2.76
2011-06-24,8,864881.24,922048.41,-57167.17,-6.2
2011-07-01,8,883683.35,864881.24,18802.11,2.17
2011-07-08,8,861965.12,883683.35,-21718.23,-2.46
2011-07-15,8,849925.37,861965.12,-12039.75,-1.4
2011-07-22,8,829902.42,849925.37,-20022.95,-2.36
2011-07-29,8,807082.19,829902.42,-22820.23,-2.75
2011-08-05,8,892393.77,807082.19,85311.58,10.57
2011-08-12,8,856796.1,892393.77,-35597.67,-3.99
2011-08-19,8,895066.5,856796.1,38270.4,4.47
2011-08-26,8,912542.82,895066.5,17476.32,1.95
2011-09-02,8,891387.14,912542.82,-21155.68,-2.32
2011-09-09,8,848358.09,891387.14,-43029.05,-4.83
2011-09-16,8,870971.82,848358.09,22613.73,2.67
2011-09-23,8,806444.29,870971.82,-64527.53,-7.41
2011-09-30,8,809049.37,806444.29,2605.08,0.32
2011-10-07,8,929976.55,809049.37,120927.18,14.95
2011-10-14,8,863188.26,929976.55,-66788.29,-7.18
2011-10-21,8,905984.49,863188.26,42796.23,4.96
2011-10-28,8,876712.31,905984.49,-29272.18,-3.23
2011-11-04,8,947815.05,876712.31,71102.74,8.11
2011-11-11,8,917088.48,947815.05,-30726.57,-3.24
2011-11-18,8,897032.19,917088.48,-20056.29,-2.19
2011-11-25,8,1235163.86,897032.19,338131.67,37.69
2011-12-02,8,986601.46,1235163.86,-248562.4,-20.12
2011-12-09,8,1051922.95,986601.46,65321.49,6.62
2011-12-16,8,1118163.94,1051922.95,66240.99,6.3
2011-12-23,8,1462254.05,1118163.94,344090.11,30.77
2011-12-30,8,858572.22,1462254.05,-603681.83,-41.28
2012-01-06,8,872113.23,858572.22,13541.01,1.58
2012-01-13,8,817661.76,872113.23,-54451.47,-6.24
2012-01-20,8,813954.82,817661.76,-3706.94,-0.45
2012-01-27,8,778178.53,813954.82,-35776.29,-4.4
2012-02-03,8,927610.69,778178.53,149432.16,19.2
2012-02-10,8,1021400.42,927610.69,93789.73,10.11
2012-02-17,8,1096232.89,1021400.42,74832.47,7.33
2012-02-24,8,928537.54,1096232.89,-167695.35,-15.3
2012-03-02,8,952264.91,928537.54,23727.37,2.56
2012-03-09,8,960115.56,952264.91,7850.65,0.82
2012-03-16,8,921178.39,960115.56,-38937.17,-4.06
2012-03-23,8,874223.25,921178.39,-46955.14,-5.1
2012-03-30,8,905935.29,874223.25,31712.04,3.63
2012-04-06,8,1046816.59,905935.29,140881.3,15.55
2012-04-13,8,909989.45,1046816.59,-136827.14,-13.07
2012-04-20,8,872288.46,909989.45,-37700.99,-4.14
2012-04-27,8,879448.25,872288.46,7159.79,0.82
2012-05-04,8,937232.09,879448.25,57783.84,6.57
2012-05-11,8,920128.89,937232.09,-17103.2,-1.82
2012-05-18,8,913922.01,920128.89,-6206.88,-0.67
2012-05-25,8,895157.44,913922.01,-18764.57,-2.05
2012-06-01,8,921161.2,895157.44,26003.76,2.9
2012-06-08,8,928820.0,921161.2,7658.8,0.83
2012-06-15,8,916918.7,928820.0,-11901.3,-1.28
2012-06-22,8,899449.65,916918.7,-17469.05,-1.91
2012-06-29,8,878298.22,899449.65,-21151.43,-2.35
2012-07-06,8,936205.5,878298.22,57907.28,6.59
2012-07-13,8,890488.01,936205.5,-45717.49,-4.88
2012-07-20,8,888834.07,890488.01,-1653.94,-0.19
2012-07-27,8,838227.52,888834.07,-50606.55,-5.69
2012-08-03,8,897076.73,838227.52,58849.21,7.02
2012-08-10,8,930745.69,897076.73,33668.96,3.75
2012-08-17,8,896613.19,930745.69,-34132.5,-3.67
2012-08-24,8,936373.65,896613.19,39760.46,4.43
2012-08-31,8,976137.73,936373.65,39764.08,4.25
2012-09-07,8,932160.37,976137.73,-43977.36,-4.51
2012-09-14,8,883569.38,932160.37,-48590.99,-5.21
2012-09-21,8,857796.45,883569.38,-25772.93,-2.92
2012-09-28,8,884724.41,857796.45,26927.96,3.14
2012-10-05,8,976436.02,884724.41,91711.61,10.37
2012-10-12,8,927511.99,976436.02,-48924.03,-5.01
2012-10-19,8,900309.75,927511.99,-27202.24,-2.93
2012-10-26,8,891671.44,900309.75,-8638.31,-0.96
2010-02-05,9,549505.55,,,
2010-02-12,9,552677.48,549505.55,3171.93,0.58
2010-02-19,9,511327.9,552677.48,-41349.58,-7.48
2010-02-26,9,473773.27,511327.9,-37554.63,-7.34
2010-03-05,9,507297.88,473773.27,33524.61,7.08
2010-03-12,9,494145.8,507297.88,-13152.08,-2.59
2010-03-19,9,485744.61,494145.8,-8401.19,-1.7
2010-03-26,9,484946.56,485744.61,-798.05,-0.16
2010-04-02,9,545206.32,484946.56,60259.76,12.43
2010-04-09,9,529384.31,545206.32,-15822.01,-2.9
2010-04-16,9,485764.32,529384.31,-43619.99,-8.24
2010-04-23,9,488683.57,485764.32,2919.25,0.6
2010-04-30,9,491723.42,488683.57,3039.85,0.62
2010-05-07,9,526128.61,491723.42,34405.19,7.0
2010-05-14,9,492792.8,526128.61,-33335.81,-6.34
2010-05-21,9,506274.94,492792.8,13482.14,2.74
2010-05-28,9,558143.53,506274.94,51868.59,10.25
2010-06-04,9,586061.46,558143.53,27917.93,5.0
2010-06-11,9,522715.68,586061.46,-63345.78,-10.81
2010-06-18,9,513073.87,522715.68,-9641.81,-1.84
2010-06-25,9,509263.28,513073.87,-3810.59,-0.74
2010-07-02,9,528832.54,509263.28,19569.26,3.84
2010-07-09,9,485389.15,528832.54,-43443.39,-8.21
2010-07-16,9,474030.51,485389.15,-11358.64,-2.34
2010-07-23,9,462676.5,474030.51,-11354.01,-2.4
2010-07-30,9,468675.19,462676.5,5998.69,1.3
2010-08-06,9,522815.45,468675.19,54140.26,11.55
2010-08-13,9,481897.98,522815.45,-40917.47,-7.83
2010-08-20,9,499325.38,481897.98,17427.4,3.62
2010-08-27,9,506789.66,499325.38,7464.28,1.49
2010-09-03,9,511049.06,506789.66,4259.4,0.84
2010-09-10,9,484835.2,511049.06,-26213.86,-5.13
2010-09-17,9,463448.59,484835.2,-21386.61,-4.41
2010-09-24,9,452905.22,463448.59,-10543.37,-2.27
2010-10-01,9,495692.19,452905.22,42786.97,9.45
2010-10-08,9,505069.21,495692.19,9377.02,1.89
2010-10-15,9,454769.68,505069.21,-50299.53,-9.96
2010-10-22,9,466322.76,454769.68,11553.08,2.54
2010-10-29,9,508801.61,466322.76,42478.85,9.11
2010-11-05,9,517869.97,508801.61,9068.36,1.78
2010-11-12,9,520846.68,517869.97,2976.71,0.57
2010-11-19,9,519823.3,520846.68,-1023.38,-0.2
2010-11-26,9,768070.53,519823.3,248247.23,47.76
2010-12-03,9,578164.82,768070.53,-189905.71,-24.73
2010-12-10,9,618121.82,578164.82,39957.0,6.91
2010-12-17,9,685243.2,618121.82,67121.38,10.86
2010-12-24,9,873347.55,685243.2,188104.35,27.45
2010-12-31,9,459770.85,873347.55,-413576.7,-47.36
2011-01-07,9,490981.78,459770.85,31210.93,6.79
2011-01-14,9,458086.69,490981.78,-32895.09,-6.7
2011-01-21,9,454021.69,458086.69,-4065.0,-0.89
2011-01-28,9,463561.48,454021.69,9539.79,2.1
2011-02-04,9,544612.28,463561.48,81050.8,17.48
2011-02-11,9,555279.02,544612.28,10666.74,1.96
2011-02-18,9,610985.56,555279.02,55706.54,10.03
2011-02-25,9,513107.2,610985.56,-97878.36,-16.02
2011-03-04,9,542016.18,513107.2,28908.98,5.63
2011-03-11,9,517783.5,542016.18,-24232.68,-4.47
2011-03-18,9,515226.11,517783.5,-2557.39,-0.49
2011-03-25,9,497488.4,515226.11,-17737.71,-3.44
2011-04-01,9,520962.14,497488.4,23473.74,4.72
2011-04-08,9,561625.92,520962.14,40663.78,7.81
2011-04-15,9,528420.28,561625.92,-33205.64,-5.91
2011-04-22,9,549502.11,528420.28,21081.83,3.99
2011-04-29,9,532226.2,549502.11,-17275.91,-3.14
2011-05-06,9,545251.1,532226.2,13024.9,2.45
2011-05-13,9,539126.0,545251.1,-6125.1,-1.12
2011-05-20,9,518266.9,539126.0,-20859.1,-3.87
2011-05-27,9,553834.04,518266.9,35567.14,6.86
2011-06-03,9,587004.29,553834.04,33170.25,5.99
2011-06-10,9,550076.32,587004.29,-36927.97,-6.29
2011-06-17,9,558671.14,550076.32,8594.82,1.56
2011-06-24,9,538745.93,558671.14,-19925.21,-3.57
2011-07-01,9,537064.03,538745.93,-1681.9,-0.31
2011-07-08,9,535983.13,537064.03,-1080.9,-0.2
2011-07-15,9,512834.04,535983.13,-23149.09,-4.32
2011-07-22,9,491449.94,512834.04,-21384.1,-4.17
2011-07-29,9,471449.98,491449.94,-19999.96,-4.07
2011-08-05,9,554879.67,471449.98,83429.69,17.7
2011-08-12,9,520284.79,554879.67,-34594.88,-6.23
2011-08-19,9,540819.44,520284.79,20534.65,3.95
2011-08-26,9,542663.53,540819.44,1844.09,0.34
2011-09-02,9,544643.33,542663.53,1979.8,0.36
2011-09-09,9,528784.86,544643.33,-15858.47,-2.91
2011-09-16,9,500274.03,528784.86,-28510.83,-5.39
2011-09-23,9,506743.78,500274.03,6469.75,1.29
2011-09-30,9,508567.04,506743.78,1823.26,0.36
2011-10-07,9,553836.98,508567.04,45269.94,8.9
2011-10-14,9,529515.66,553836.98,-24321.32,-4.39
2011-10-21,9,557075.21,529515.66,27559.55,5.2
2011-10-28,9,548527.49,557075.21,-8547.72,-1.53
2011-11-04,9,597855.07,548527.49,49327.58,8.99
2011-11-11,9,594574.12,597855.07,-3280.95,-0.55
2011-11-18,9,542414.27,594574.12,-52159.85,-8.77
2011-11-25,9,814753.5,542414.27,272339.23,50.21
2011-12-02,9,613115.21,814753.5,-201638.29,-24.75
2011-12-09,9,630327.28,613115.21,17212.07,2.81
2011-12-16,9,705557.97,630327.28,75230.69,11.94
2011-12-23,9,905324.68,705557.97,199766.71,28.31
2011-12-30,9,549788.36,905324.68,-355536.32,-39.27
2012-01-06,9,519585.67,549788.36,-30202.69,-5.49
2012-01-13,9,474964.6,519585.67,-44621.07,-8.59
2012-01-20,9,480130.04,474964.6,5165.44,1.09
2012-01-27,9,482451.21,480130.04,2321.17,0.48
2012-02-03,9,549967.89,482451.21,67516.68,13.99
2012-02-10,9,609736.12,549967.89,59768.23,10.87
2012-02-17,9,658965.05,609736.12,49228.93,8.07
2012-02-24,9,563578.79,658965.05,-95386.26,-14.48
2012-03-02,9,619498.28,563578.79,55919.49,9.92
2012-03-09,9,574955.95,619498.28,-44542.33,-7.19
2012-03-16,9,550373.57,574955.95,-24582.38,-4.28
2012-03-23,9,550791.32,550373.57,417.75,0.08
2012-03-30,9,574985.37,550791.32,24194.05,4.39
2012-04-06,9,677885.99,574985.37,102900.62,17.9
2012-04-13,9,578539.86,677885.99,-99346.13,-14.66
2012-04-20,9,542819.03,578539.86,-35720.83,-6.17
2012-04-27,9,550414.99,542819.03,7595.96,1.4
2012-05-04,9,586289.08,550414.99,35874.09,6.52
2012-05-11,9,592572.3,586289.08,6283.22,1.07
2012-05-18,9,571463.93,592572.3,-21108.37,-3.56
2012-05-25,9,547226.0,571463.93,-24237.93,-4.24
2012-06-01,9,583648.59,547226.0,36422.59,6.66
2012-06-08,9,582525.42,583648.59,-1123.17,-0.19
2012-06-15,9,564606.1,582525.42,-17919.32,-3.08
2012-06-22,9,562173.12,564606.1,-2432.98,-0.43
2012-06-29,9,544770.7,562173.12,-17402.42,-3.1
2012-07-06,9,578790.36,544770.7,34019.66,6.24
2012-07-13,9,536537.64,578790.36,-42252.72,-7.3
2012-07-20,9,513991.57,536537.64,-22546.07,-4.2
2012-07-27,9,495951.0,513991.57,-18040.57,-3.51
2012-08-03,9,533887.54,495951.0,37936.54,7.65
2012-08-10,9,538713.47,533887.54,4825.93,0.9
2012-08-17,9,535153.47,538713.47,-3560.0,-0.66
2012-08-24,9,572887.78,535153.47,37734.31,7.05
2012-08-31,9,576879.15,572887.78,3991.37,0.7
2012-09-07,9,565812.29,576879.15,-11066.86,-1.92
2012-09-14,9,523427.35,565812.29,-42384.94,-7.49
2012-09-21,9,533756.88,523427.35,10329.53,1.97
2012-09-28,9,516361.06,533756.88,-17395.82,-3.26
2012-10-05,9,606755.3,516361.06,90394.24,17.51
2012-10-12,9,558464.8,606755.3,-48290.5,-7.96
2012-10-19,9,542009.46,558464.8,-16455.34,-2.95
2012-10-26,9,549731.49,542009.46,7722.03,1.42
2010-02-05,10,2193048.75,,,
2010-02-12,10,2176028.52,2193048.75,-17020.23,-0.78
2010-02-19,10,2113432.58,2176028.52,-62595.94,-2.88
2010-02-26,10,2006774.96,2113432.58,-106657.62,-5.05
2010-03-05,10,1987090.09,2006774.96,-19684.87,-0.98
2010-03-12,10,1941346.13,1987090.09,-45743.96,-2.3
2010-03-19,10,1946875.06,1941346.13,5528.93,0.28
2010-03-26,10,1893532.46,1946875.06,-53342.6,-2.74
2010-04-02,10,2138651.97,1893532.46,245119.51,12.95
2010-04-09,10,2041069.37,2138651.97,-97582.6,-4.56
2010-04-16,10,1826241.44,2041069.37,-214827.93,-10.53
2010-04-23,10,1829521.83,1826241.44,3280.39,0.18
2010-04-30,10,1790694.59,1829521.83,-38827.24,-2.12
2010-05-07,10,1921432.16,1790694.59,130737.57,7.3
2010-05-14,10,1808056.41,1921432.16,-113375.75,-5.9
2010-05-21,10,1847613.58,1808056.41,39557.17,2.19
2010-05-28,10,1904618.17,1847613.58,57004.59,3.09
2010-06-04,10,1931406.28,1904618.17,26788.11,1.41
2010-06-11,10,1827521.71,1931406.28,-103884.57,-5.38
2010-06-18,10,1837636.24,1827521.71,10114.53,0.55
2010-06-25,10,1768172.31,1837636.24,-69463.93,-3.78
2010-07-02,10,1845893.87,1768172.31,77721.56,4.4
2010-07-09,10,1769793.37,1845893.87,-76100.5,-4.12
2010-07-16,10,1828052.47,1769793.37,58259.1,3.29
2010-07-23,10,1831676.03,1828052.47,3623.56,0.2
2010-07-30,10,1832664.03,1831676.03,988.0,0.05
2010-08-06,10,1949236.09,1832664.03,116572.06,6.36
2010-08-13,10,1962996.7,1949236.09,13760.61,0.71
2010-08-20,10,1983190.56,1962996.7,20193.86,1.03
2010-08-27,10,1727565.42,1983190.56,-255625.14,-12.89
2010-09-03,10,1766331.45,1727565.42,38766.03,2.24
2010-09-10,10,1720530.23,1766331.45,-45801.22,-2.59
2010-09-17,10,1716755.78,1720530.23,-3774.45,-0.22
2010-09-24,10,1655036.75,1716755.78,-61719.03,-3.6
2010-10-01,10,1645892.97,1655036.75,-9143.78,-0.55
2010-10-08,10,1772192.42,1645892.97,126299.45,7.67
2010-10-15,10,1703850.25,1772192.42,-68342.17,-3.86
2010-10-22,10,1740234.06,1703850.25,36383.81,2.14
2010-10-29,10,1741308.56,1740234.06,1074.5,0.06
2010-11-05,10,1832211.96,1741308.56,90903.4,5.22
2010-11-12,10,1895901.59,1832211.96,63689.63,3.48
2010-11-19,10,1949177.13,1895901.59,53275.54,2.81
2010-11-26,10,2939946.38,1949177.13,990769.25,50.83
2010-12-03,10,2251206.64,2939946.38,-688739.74,-23.43
2010-12-10,10,2411790.21,2251206.64,160583.57,7.13
2010-12-17,10,2811646.85,2411790.21,399856.64,16.58
2010-12-24,10,3749057.69,2811646.85,937410.84,33.34
2010-12-31,10,1707298.14,3749057.69,-2041759.55,-54.46
2011-01-07,10,1714309.9,1707298.14,7011.76,0.41
2011-01-14,10,1710803.59,1714309.9,-3506.31,-0.2
2011-01-21,10,1677556.18,1710803.59,-33247.41,-1.94
2011-01-28,10,1715769.05,1677556.18,38212.87,2.28
2011-02-04,10,1968045.91,1715769.05,252276.86,14.7
2011-02-11,10,2115408.31,1968045.91,147362.4,7.49
2011-02-18,10,2106934.55,2115408.31,-8473.76,-0.4
2011-02-25,10,1967996.71,2106934.55,-138937.84,-6.59
2011-03-04,10,1958003.19,1967996.71,-9993.52,-0.51
2011-03-11,10,1933469.15,1958003.19,-24534.04,-1.25
2011-03-18,10,1884734.31,1933469.15,-48734.84,-2.52
2011-03-25,10,1815798.85,1884734.31,-68935.46,-3.66
2011-04-01,10,1827733.18,1815798.85,11934.33,0.66
2011-04-08,10,1870720.73,1827733.18,42987.55,2.35
2011-04-15,10,1781767.22,1870720.73,-88953.51,-4.76
2011-04-22,10,2004831.14,1781767.22,223063.92,12.52
2011-04-29,10,1873646.34,2004831.14,-131184.8,-6.54
2011-05-06,10,1841369.99,1873646.34,-32276.35,-1.72
2011-05-13,10,1712995.44,1841369.99,-128374.55,-6.97
2011-05-20,10,1720908.01,1712995.44,7912.57,0.46
2011-05-27,10,1743000.38,1720908.01,22092.37,1.28
2011-06-03,10,1792210.89,1743000.38,49210.51,2.82
2011-06-10,10,1740063.1,1792210.89,-52147.79,-2.91
2011-06-17,10,1817934.76,1740063.1,77871.66,4.48
2011-06-24,10,1711813.13,1817934.76,-106121.63,-5.84
2011-07-01,10,1751369.75,1711813.13,39556.62,2.31
2011-07-08,10,1699708.38,1751369.75,-51661.37,-2.95
2011-07-15,10,1775068.4,1699708.38,75360.02,4.43
2011-07-22,10,1774342.61,1775068.4,-725.79,-0.04
2011-07-29,10,1745841.33,1774342.61,-28501.28,-1.61
2011-08-05,10,1886299.98,1745841.33,140458.65,8.05
2011-08-12,10,1917397.63,1886299.98,31097.65,1.65
2011-08-19,10,1954849.68,1917397.63,37452.05,1.95
2011-08-26,10,1728399.07,1954849.68,-226450.61,-11.58
2011-09-02,10,1758587.35,1728399.07,30188.28,1.75
2011-09-09,10,1670579.82,1758587.35,-88007.53,-5.0
2011-09-16,10,1650894.3,1670579.82,-19685.52,-1.18
2011-09-23,10,1685910.53,1650894.3,35016.23,2.12
2011-09-30,10,1627707.31,1685910.53,-58203.22,-3.45
2011-10-07,10,1788227.6,1627707.31,160520.29,9.86
2011-10-14,10,1704753.02,1788227.6,-83474.58,-4.67
2011-10-21,10,1745928.56,1704753.02,41175.54,2.42
2011-10-28,10,1771792.97,1745928.56,25864.41,1.48
2011-11-04,10,1904438.59,1771792.97,132645.62,7.49
2011-11-11,10,2076570.84,1904438.59,172132.25,9.04
2011-11-18,10,1869087.85,2076570.84,-207482.99,-9.99
2011-11-25,10,2950198.64,1869087.85,1081110.79,57.84
2011-12-02,10,2068097.18,2950198.64,-882101.46,-29.9
2011-12-09,10,2429310.9,2068097.18,361213.72,17.47
2011-12-16,10,2555031.18,2429310.9,125720.28,5.18
2011-12-23,10,3487986.89,2555031.18,932955.71,36.51
2011-12-30,10,1930690.37,3487986.89,-1557296.52,-44.65
2012-01-06,10,1683401.78,1930690.37,-247288.59,-12.81
2012-01-13,10,1711562.73,1683401.78,28160.95,1.67
2012-01-20,10,1675562.94,1711562.73,-35999.79,-2.1
2012-01-27,10,1632406.0,1675562.94,-43156.94,-2.58
2012-02-03,10,1867403.01,1632406.0,234997.01,14.4
2012-02-10,10,2218595.8,1867403.01,351192.79,18.81
2012-02-17,10,2168709.76,2218595.8,-49886.04,-2.25
2012-02-24,10,2039415.74,2168709.76,-129294.02,-5.96
2012-03-02,10,1990371.02,2039415.74,-49044.72,-2.4
2012-03-09,10,1917483.1,1990371.02,-72887.92,-3.66
2012-03-16,10,1930814.66,1917483.1,13331.56,0.7
2012-03-23,10,1837457.69,1930814.66,-93356.97,-4.84
2012-03-30,10,1815760.42,1837457.69,-21697.27,-1.18
2012-04-06,10,2163384.17,1815760.42,347623.75,19.14
2012-04-13,10,1974687.51,2163384.17,-188696.66,-8.72
2012-04-20,10,1777166.53,1974687.51,-197520.98,-10.0
2012-04-27,10,1712987.56,1777166.53,-64178.97,-3.61
2012-05-04,10,1821364.42,1712987.56,108376.86,6.33
2012-05-11,10,1792345.3,1821364.42,-29019.12,-1.59
2012-05-18,10,1795152.73,1792345.3,2807.43,0.16
2012-05-25,10,1830939.1,1795152.73,35786.37,1.99
2012-06-01,10,1767471.48,1830939.1,-63467.62,-3.47
2012-06-08,10,1840491.41,1767471.48,73019.93,4.13
2012-06-15,10,1811562.88,1840491.41,-28928.53,-1.57
2012-06-22,10,1755334.18,1811562.88,-56228.7,-3.1
2012-06-29,10,1707481.9,1755334.18,-47852.28,-2.73
2012-07-06,10,1805999.79,1707481.9,98517.89,5.77
2012-07-13,10,1765571.91,1805999.79,-40427.88,-2.24
2012-07-20,10,1869967.03,1765571.91,104395.12,5.91
2012-07-27,10,1817603.66,1869967.03,-52363.37,-2.8
2012-08-03,10,1939440.09,1817603.66,121836.43,6.7
2012-08-10,10,1880436.94,1939440.09,-59003.15,-3.04
2012-08-17,10,1827797.4,1880436.94,-52639.54,-2.8
2012-08-24,10,1764984.15,1827797.4,-62813.25,-3.44
2012-08-31,10,1650285.54,1764984.15,-114698.61,-6.5
2012-09-07,10,1708283.28,1650285.54,57997.74,3.51
2012-09-14,10,1640168.99,1708283.28,-68114.29,-3.99
2012-09-21,10,1671857.57,1640168.99,31688.58,1.93
2012-09-28,10,1694862.41,1671857.57,23004.84,1.38
2012-10-05,10,1758971.38,1694862.41,64108.97,3.78
2012-10-12,10,1713889.11,1758971.38,-45082.27,-2.56
2012-10-19,10,1734834.82,1713889.11,20945.71,1.22
2012-10-26,10,1744349.05,1734834.82,9514.23,0.55
2010-02-05,11,1528008.64,,,
2010-02-12,11,1574684.08,1528008.64,46675.44,3.05
2010-02-19,11,1503298.7,1574684.08,-71385.38,-4.53
2010-02-26,11,1336404.65,1503298.7,-166894.05,-11.1
2010-03-05,11,1426622.65,1336404.65,90218.0,6.75
2010-03-12,11,1331883.16,1426622.65,-94739.49,-6.64
2010-03-19,11,1364207.0,1331883.16,32323.84,2.43
2010-03-26,11,1245624.27,1364207.0,-118582.73,-8.69
2010-04-02,11,1446210.26,1245624.27,200585.99,16.1
2010-04-09,11,1470308.32,1446210.26,24098.06,1.67
2010-04-16,11,1323243.35,1470308.32,-147064.97,-10.0
2010-04-23,11,1283766.55,1323243.35,-39476.8,-2.98
2010-04-30,11,1239766.89,1283766.55,-43999.66,-3.43
2010-05-07,11,1312329.78,1239766.89,72562.89,5.85
2010-05-14,11,1266796.13,1312329.78,-45533.65,-3.47
2010-05-21,11,1271646.62,1266796.13,4850.49,0.38
2010-05-28,11,1264272.52,1271646.62,-7374.1,-0.58
2010-06-04,11,1396322.19,1264272.52,132049.67,10.44
2010-06-11,11,1339570.85,1396322.19,-56751.34,-4.06
2010-06-18,11,1336522.92,1339570.85,-3047.93,-0.23
2010-06-25,11,1262025.08,1336522.92,-74497.84,-5.57
2010-07-02,11,1302600.14,1262025.08,40575.06,3.22
2010-07-09,11,1280156.47,1302600.14,-22443.67,-1.72
2010-07-16,11,1290609.54,1280156.47,10453.07,0.82
2010-07-23,11,1244390.03,1290609.54,-46219.51,-3.58
2010-07-30,11,1250178.89,1244390.03,5788.86,0.47
2010-08-06,11,1369634.92,1250178.89,119456.03,9.56
2010-08-13,11,1384339.1,1369634.92,14704.18,1.07
2010-08-20,11,1430192.37,1384339.1,45853.27,3.31
2010-08-27,11,1311263.07,1430192.37,-118929.3,-8.32
2010-09-03,11,1303914.27,1311263.07,-7348.8,-0.56
2010-09-10,11,1231428.46,1303914.27,-72485.81,-5.56
2010-09-17,11,1215676.31,1231428.46,-15752.15,-1.28
2010-09-24,11,1170103.25,1215676.31,-45573.06,-3.75
2010-10-01,11,1182490.46,1170103.25,12387.21,1.06
2010-10-08,11,1293472.8,1182490.46,110982.34,9.39
2010-10-15,11,1175003.67,1293472.8,-118469.13,-9.16
2010-10-22,11,1169831.38,1175003.67,-5172.29,-0.44
2010-10-29,11,1195036.0,1169831.38,25204.62,2.15
2010-11-05,11,1332759.13,1195036.0,137723.13,11.52
2010-11-12,11,1281675.6,1332759.13,-51083.53,-3.83
2010-11-19,11,1292346.57,1281675.6,10670.97,0.83
2010-11-26,11,1757242.51,1292346.57,464895.94,35.97
2010-12-03,11,1380522.64,1757242.51,-376719.87,-21.44
2010-12-10,11,1564516.43,1380522.64,183993.79,13.33
2010-12-17,11,1843971.15,1564516.43,279454.72,17.86
2010-12-24,11,2306265.36,1843971.15,462294.21,25.07
2010-12-31,11,1172003.1,2306265.36,-1134262.26,-49.18
2011-01-07,11,1178905.44,1172003.1,6902.34,0.59
2011-01-14,11,1194449.78,1178905.44,15544.34,1.32
2011-01-21,11,1187776.19,1194449.78,-6673.59,-0.56
2011-01-28,11,1100418.69,1187776.19,-87357.5,-7.35
2011-02-04,11,1422546.05,1100418.69,322127.36,29.27
2011-02-11,11,1419236.9,1422546.05,-3309.15,-0.23
2011-02-18,11,1554747.15,1419236.9,135510.25,9.55
2011-02-25,11,1323999.36,1554747.15,-230747.79,-14.84
2011-03-04,11,1399456.99,1323999.36,75457.63,5.7
2011-03-11,11,1314557.31,1399456.99,-84899.68,-6.07
2011-03-18,11,1391813.69,1314557.31,77256.38,5.88
2011-03-25,11,1229777.24,1391813.69,-162036.45,-11.64
2011-04-01,11,1258674.12,1229777.24,28896.88,2.35
2011-04-08,11,1327401.06,1258674.12,68726.94,5.46
2011-04-15,11,1312905.8,1327401.06,-14495.26,-1.09
2011-04-22,11,1388118.53,1312905.8,75212.73,5.73
2011-04-29,11,1357589.89,1388118.53,-30528.64,-2.2
2011-05-06,11,1331453.41,1357589.89,-26136.48,-1.93
2011-05-13,11,1277959.42,1331453.41,-53493.99,-4.02
2011-05-20,11,1239466.97,1277959.42,-38492.45,-3.01
2011-05-27,11,1216876.52,1239466.97,-22590.45,-1.82
2011-06-03,11,1343637.0,1216876.52,126760.48,10.42
2011-06-10,11,1314626.75,1343637.0,-29010.25,-2.16
2011-06-17,11,1337506.74,1314626.75,22879.99,1.74
2011-06-24,11,1254587.84,1337506.74,-82918.9,-6.2
2011-07-01,11,1297472.06,1254587.84,42884.22,3.42
2011-07-08,11,1334627.96,1297472.06,37155.9,2.86
2011-07-15,11,1266546.73,1334627.96,-68081.23,-5.1
2011-07-22,11,1290576.44,1266546.73,24029.71,1.9
2011-07-29,11,1212938.67,1290576.44,-77637.77,-6.02
2011-08-05,11,1403198.94,1212938.67,190260.27,15.69
2011-08-12,11,1354188.43,1403198.94,-49010.51,-3.49
2011-08-19,11,1484169.74,1354188.43,129981.31,9.6
2011-08-26,11,1304706.75,1484169.74,-179462.99,-12.09
2011-09-02,11,1297792.41,1304706.75,-6914.34,-0.53
2011-09-09,11,1249439.95,1297792.41,-48352.46,-3.73
2011-09-16,11,1270816.01,1249439.95,21376.06,1.71
2011-09-23,11,1235775.15,1270816.01,-35040.86,-2.76
2011-09-30,11,1190515.83,1235775.15,-45259.32,-3.66
2011-10-07,11,1346271.06,1190515.83,155755.23,13.08
2011-10-14,11,1286388.96,1346271.06,-59882.1,-4.45
2011-10-21,11,1325107.53,1286388.96,38718.57,3.01
2011-10-28,11,1310684.1,1325107.53,-14423.43,-1.09
2011-11-04,11,1458287.38,1310684.1,147603.28,11.26
2011-11-11,11,1366053.69,1458287.38,-92233.69,-6.32
2011-11-18,11,1315091.63,1366053.69,-50962.06,-3.73
2011-11-25,11,1848953.48,1315091.63,533861.85,40.6
2011-12-02,11,1399322.44,1848953.48,-449631.04,-24.32
2011-12-09,11,1646655.94,1399322.44,247333.5,17.68
2011-12-16,11,1783910.06,1646655.94,137254.12,8.34
2011-12-23,11,2213518.5,1783910.06,429608.44,24.08
2011-12-30,11,1352084.21,2213518.5,-861434.29,-38.92
2012-01-06,11,1283885.55,1352084.21,-68198.66,-5.04
2012-01-13,11,1264736.59,1283885.55,-19148.96,-1.49
2012-01-20,11,1207303.29,1264736.59,-57433.3,-4.54
2012-01-27,11,1162675.85,1207303.29,-44627.44,-3.7
2012-02-03,11,1376732.18,1162675.85,214056.33,18.41
2012-02-10,11,1574287.76,1376732.18,197555.58,14.35
2012-02-17,11,1569607.94,1574287.76,-4679.82,-0.3
2012-02-24,11,1379473.03,1569607.94,-190134.91,-12.11
2012-03-02,11,1438383.44,1379473.03,58910.41,4.27
2012-03-09,11,1413382.76,1438383.44,-25000.68,-1.74
2012-03-16,11,1441884.28,1413382.76,28501.52,2.02
2012-03-23,11,1300593.61,1441884.28,-141290.67,-9.8
2012-03-30,11,1300104.03,1300593.61,-489.58,-0.04
2012-04-06,11,1596325.01,1300104.03,296220.98,22.78
2012-04-13,11,1472752.01,1596325.01,-123573.0,-7.74
2012-04-20,11,1315356.99,1472752.01,-157395.02,-10.69
2012-04-27,11,1236238.29,1315356.99,-79118.7,-6.01
2012-05-04,11,1370251.22,1236238.29,134012.93,10.84
2012-05-11,11,1300147.07,1370251.22,-70104.15,-5.12
2012-05-18,11,1352442.31,1300147.07,52295.24,4.02
2012-05-25,11,1297335.87,1352442.31,-55106.44,-4.07
2012-06-01,11,1361595.33,1297335.87,64259.46,4.95
2012-06-08,11,1414343.53,1361595.33,52748.2,3.87
2012-06-15,11,1417875.42,1414343.53,3531.89,0.25
2012-06-22,11,1355680.3,1417875.42,-62195.12,-4.39
2012-06-29,11,1297028.6,1355680.3,-58651.7,-4.33
2012-07-06,11,1461129.94,1297028.6,164101.34,12.65
2012-07-13,11,1320239.51,1461129.94,-140890.43,-9.64
2012-07-20,11,1344483.81,1320239.51,24244.3,1.84
2012-07-27,11,1272395.02,1344483.81,-72088.79,-5.36
2012-08-03,11,1399341.07,1272395.02,126946.05,9.98
2012-08-10,11,1388973.65,1399341.07,-10367.42,-0.74
2012-08-17,11,1421307.2,1388973.65,32333.55,2.33
2012-08-24,11,1409515.73,1421307.2,-11791.47,-0.83
2012-08-31,11,1372872.35,1409515.73,-36643.38,-2.6
2012-09-07,11,1304584.4,1372872.35,-68287.95,-4.97
2012-09-14,11,1267675.05,1304584.4,-36909.35,-2.83
2012-09-21,11,1326132.98,1267675.05,58457.93,4.61
2012-09-28,11,1227430.73,1326132.98,-98702.25,-7.44
2012-10-05,11,1422794.26,1227430.73,195363.53,15.92
2012-10-12,11,1311965.09,1422794.26,-110829.17,-7.79
2012-10-19,11,1232073.18,1311965.09,-79891.91,-6.09
2012-10-26,11,1200729.45,1232073.18,-31343.73,-2.54
2010-02-05,12,1100046.37,,,
2010-02-12,12,1117863.33,1100046.37,17816.96,1.62
2010-02-19,12,1095421.65,1117863.33,-22441.68,-2.01
2010-02-26,12,1048617.17,1095421.65,-46804.48,-4.27
2010-03-05,12,1077018.27,1048617.17,28401.1,2.71
2010-03-12,12,985594.23,1077018.27,-91424.04,-8.49
2010-03-19,12,972088.34,985594.23,-13505.89,-1.37
2010-03-26,12,981615.81,972088.34,9527.47,0.98
2010-04-02,12,1011822.3,981615.81,30206.49,3.08
2010-04-09,12,1041238.87,1011822.3,29416.57,2.91
2010-04-16,12,957997.52,1041238.87,-83241.35,-7.99
2010-04-23,12,993833.44,957997.52,35835.92,3.74
2010-04-30,12,954220.22,993833.44,-39613.22,-3.99
2010-05-07,12,1043240.27,954220.22,89020.05,9.33
2010-05-14,12,966054.97,1043240.27,-77185.3,-7.4
2010-05-21,12,958374.56,966054.97,-7680.41,-0.8
2010-05-28,12,955451.16,958374.56,-2923.4,-0.31
2010-06-04,12,1049357.36,955451.16,93906.2,9.83
2010-06-11,12,1016039.71,1049357.36,-33317.65,-3.18
2010-06-18,12,956211.2,1016039.71,-59828.51,-5.89
2010-06-25,12,958007.69,956211.2,1796.49,0.19
2010-07-02,12,951957.31,958007.69,-6050.38,-0.63
2010-07-09,12,943506.28,951957.31,-8451.03,-0.89
2010-07-16,12,916402.76,943506.28,-27103.52,-2.87
2010-07-23,12,912403.67,916402.76,-3999.09,-0.44
2010-07-30,12,913548.25,912403.67,1144.58,0.13
2010-08-06,12,967576.95,913548.25,54028.7,5.91
2010-08-13,12,928264.4,967576.95,-39312.55,-4.06
2010-08-20,12,948447.34,928264.4,20182.94,2.17
2010-08-27,12,1004516.46,948447.34,56069.12,5.91
2010-09-03,12,1075758.55,1004516.46,71242.09,7.09
2010-09-10,12,903119.03,1075758.55,-172639.52,-16.05
2010-09-17,12,852882.61,903119.03,-50236.42,-5.56
2010-09-24,12,851919.34,852882.61,-963.27,-0.11
2010-10-01,12,850936.26,851919.34,-983.08,-0.12
2010-10-08,12,918335.68,850936.26,67399.42,7.92
2010-10-15,12,862419.84,918335.68,-55915.84,-6.09
2010-10-22,12,857883.46,862419.84,-4536.38,-0.53
2010-10-29,12,955294.7,857883.46,97411.24,11.35
2010-11-05,12,929690.71,955294.7,-25603.99,-2.68
2010-11-12,12,942475.24,929690.71,12784.53,1.38
2010-11-19,12,894493.7,942475.24,-47981.54,-5.09
2010-11-26,12,1601377.41,894493.7,706883.71,79.03
2010-12-03,12,1069533.17,1601377.41,-531844.24,-33.21
2010-12-10,12,1121934.15,1069533.17,52400.98,4.9
2010-12-17,12,1295605.35,1121934.15,173671.2,15.48
2010-12-24,12,1768249.89,1295605.35,472644.54,36.48
2010-12-31,12,891736.91,1768249.89,-876512.98,-49.57
2011-01-07,12,910110.24,891736.91,18373.33,2.06
2011-01-14,12,812011.8,910110.24,-98098.44,-10.78
2011-01-21,12,802105.5,812011.8,-9906.3,-1.22
2011-01-28,12,873119.06,802105.5,71013.56,8.85
2011-02-04,12,1046068.17,873119.06,172949.11,19.81
2011-02-11,12,1086421.57,1046068.17,40353.4,3.86
2011-02-18,12,1128485.1,1086421.57,42063.53,3.87
2011-02-25,12,1046203.72,1128485.1,-82281.38,-7.29
2011-03-04,12,1085248.21,1046203.72,39044.49,3.73
2011-03-11,12,997672.62,1085248.21,-87575.59,-8.07
2011-03-18,12,1009502.01,997672.62,11829.39,1.19
2011-03-25,12,954107.32,1009502.01,-55394.69,-5.49
2011-04-01,12,1005463.49,954107.32,51356.17,5.38
2011-04-08,12,998362.05,1005463.49,-7101.44,-0.71
2011-04-15,12,990951.77,998362.05,-7410.28,-0.74
2011-04-22,12,1016019.47,990951.77,25067.7,2.53
2011-04-29,12,994966.1,1016019.47,-21053.37,-2.07
2011-05-06,12,1021154.48,994966.1,26188.38,2.63
2011-05-13,12,977033.5,1021154.48,-44120.98,-4.32
2011-05-20,12,924134.99,977033.5,-52898.51,-5.41
2011-05-27,12,964332.51,924134.99,40197.52,4.35
2011-06-03,12,970328.68,964332.51,5996.17,0.62
2011-06-10,12,996937.95,970328.68,26609.27,2.74
2011-06-17,12,986504.93,996937.95,-10433.02,-1.05
2011-06-24,12,997282.75,986504.93,10777.82,1.09
2011-07-01,12,961993.34,997282.75,-35289.41,-3.54
2011-07-08,12,943717.38,961993.34,-18275.96,-1.9
2011-07-15,12,936001.98,943717.38,-7715.4,-0.82
2011-07-22,12,922231.92,936001.98,-13770.06,-1.47
2011-07-29,12,890547.07,922231.92,-31684.85,-3.44
2011-08-05,12,988712.52,890547.07,98165.45,11.02
2011-08-12,12,955913.68,988712.52,-32798.84,-3.32
2011-08-19,12,966817.24,955913.68,10903.56,1.14
2011-08-26,12,1017593.47,966817.24,50776.23,5.25
2011-09-02,12,1052051.45,1017593.47,34457.98,3.39
2011-09-09,12,922850.57,1052051.45,-129200.88,-12.28
2011-09-16,12,889290.23,922850.57,-33560.34,-3.64
2011-09-23,12,871692.74,889290.23,-17597.49,-1.98
2011-09-30,12,866401.45,871692.74,-5291.29,-0.61
2011-10-07,12,951244.66,866401.45,84843.21,9.79
2011-10-14,12,927600.01,951244.66,-23644.65,-2.49
2011-10-21,12,938604.58,927600.01,11004.57,1.19
2011-10-28,12,990926.38,938604.58,52321.8,5.57
2011-11-04,12,1051944.79,990926.38,61018.41,6.16
2011-11-11,12,1095091.53,1051944.79,43146.74,4.1
2011-11-18,12,970641.34,1095091.53,-124450.19,-11.36
2011-11-25,12,1591920.42,970641.34,621279.08,64.01
2011-12-02,12,1071383.1,1591920.42,-520537.32,-32.7
2011-12-09,12,1189646.45,1071383.1,118263.35,11.04
2011-12-16,12,1293404.18,1189646.45,103757.73,8.72
2011-12-23,12,1617612.03,1293404.18,324207.85,25.07
2011-12-30,12,1111638.07,1617612.03,-505973.96,-31.28
2012-01-06,12,945823.65,1111638.07,-165814.42,-14.92
2012-01-13,12,865467.86,945823.65,-80355.79,-8.5
2012-01-20,12,855922.64,865467.86,-9545.22,-1.1
2012-01-27,12,888203.69,855922.64,32281.05,3.77
2012-02-03,12,1058767.95,888203.69,170564.26,19.2
2012-02-10,12,1199330.85,1058767.95,140562.9,13.28
2012-02-17,12,1240048.85,1199330.85,40718.0,3.4
2012-02-24,12,1112034.72,1240048.85,-128014.13,-10.32
2012-03-02,12,1147636.96,1112034.72,35602.24,3.2
2012-03-09,12,1113208.57,1147636.96,-34428.39,-3.0
2012-03-16,12,1088498.52,1113208.57,-24710.05,-2.22
2012-03-23,12,1045419.87,1088498.52,-43078.65,-3.96
2012-03-30,12,1025382.22,1045419.87,-20037.65,-1.92
2012-04-06,12,1128765.71,1025382.22,103383.49,10.08
2012-04-13,12,1083811.19,1128765.71,-44954.52,-3.98
2012-04-20,12,1006486.96,1083811.19,-77324.23,-7.13
2012-04-27,12,1004252.38,1006486.96,-2234.58,-0.22
2012-05-04,12,1073433.69,1004252.38,69181.31,6.89
2012-05-11,12,1041995.22,1073433.69,-31438.47,-2.93
2012-05-18,12,1020486.05,1041995.22,-21509.17,-2.06
2012-05-25,12,991514.21,1020486.05,-28971.84,-2.84
2012-06-01,12,981345.2,991514.21,-10169.01,-1.03
2012-06-08,12,1086231.47,981345.2,104886.27,10.69
2012-06-15,12,1019555.51,1086231.47,-66675.96,-6.14
2012-06-22,12,981386.25,1019555.51,-38169.26,-3.74
2012-06-29,12,943124.74,981386.25,-38261.51,-3.9
2012-07-06,12,1014898.78,943124.74,71774.04,7.61
2012-07-13,12,960312.75,1014898.78,-54586.03,-5.38
2012-07-20,12,941550.34,960312.75,-18762.41,-1.95
2012-07-27,12,916967.92,941550.34,-24582.42,-2.61
2012-08-03,12,958667.23,916967.92,41699.31,4.55
2012-08-10,12,984689.9,958667.23,26022.67,2.71
2012-08-17,12,1005003.12,984689.9,20313.22,2.06
2012-08-24,12,1048101.39,1005003.12,43098.27,4.29
2012-08-31,12,1061943.49,1048101.39,13842.1,1.32
2012-09-07,12,955146.04,1061943.49,-106797.45,-10.06
2012-09-14,12,885892.37,955146.04,-69253.67,-7.25
2012-09-21,12,922735.37,885892.37,36843.0,4.16
2012-09-28,12,880415.67,922735.37,-42319.7,-4.59
2012-10-05,12,979825.92,880415.67,99410.25,11.29
2012-10-12,12,934917.47,979825.92,-44908.45,-4.58
2012-10-19,12,960945.43,934917.47,26027.96,2.78
2012-10-26,12,974697.6,960945.43,13752.17,1.43
2010-02-05,13,1967220.53,,,
2010-02-12,13,2030933.46,1967220.53,63712.93,3.24
2010-02-19,13,1970274.64,2030933.46,-60658.82,-2.99
2010-02-26,13,1817850.32,1970274.64,-152424.32,-7.74
2010-03-05,13,1939980.43,1817850.32,122130.11,6.72
2010-03-12,13,1840686.94,1939980.43,-99293.49,-5.12
2010-03-19,13,1879794.89,1840686.94,39107.95,2.12
2010-03-26,13,1882095.98,1879794.89,2301.09,0.12
2010-04-02,13,2142482.14,1882095.98,260386.16,13.83
2010-04-09,13,1898321.33,2142482.14,-244160.81,-11.4
2010-04-16,13,1819660.44,1898321.33,-78660.89,-4.14
2010-04-23,13,1909330.77,1819660.44,89670.33,4.93
2010-04-30,13,1785823.37,1909330.77,-123507.4,-6.47
2010-05-07,13,2005478.46,1785823.37,219655.09,12.3
2010-05-14,13,1890273.44,2005478.46,-115205.02,-5.74
2010-05-21,13,1853657.6,1890273.44,-36615.84,-1.94
2010-05-28,13,1877358.86,1853657.6,23701.26,1.28
2010-06-04,13,2022705.22,1877358.86,145346.36,7.74
2010-06-11,13,2037880.96,2022705.22,15175.74,0.75
2010-06-18,13,2003435.31,2037880.96,-34445.65,-1.69
2010-06-25,13,1970340.25,2003435.31,-33095.06,-1.65
2010-07-02,13,2018314.71,1970340.25,47974.46,2.43
2010-07-09,13,1870843.9,2018314.71,-147470.81,-7.31
2010-07-16,13,1932231.05,1870843.9,61387.15,3.28
2010-07-23,13,1907351.2,1932231.05,-24879.85,-1.29
2010-07-30,13,1817887.23,1907351.2,-89463.97,-4.69
2010-08-06,13,1969121.45,1817887.23,151234.22,8.32
2010-08-13,13,1877592.55,1969121.45,-91528.9,-4.65
2010-08-20,13,1997397.63,1877592.55,119805.08,6.38
2010-08-27,13,1908278.27,1997397.63,-89119.36,-4.46
2010-09-03,13,1911852.58,1908278.27,3574.31,0.19
2010-09-10,13,1772143.94,1911852.58,-139708.64,-7.31
2010-09-17,13,1790279.74,1772143.94,18135.8,1.02
2010-09-24,13,1705655.09,1790279.74,-84624.65,-4.73
2010-10-01,13,1765584.48,1705655.09,59929.39,3.51
2010-10-08,13,1871924.07,1765584.48,106339.59,6.02
2010-10-15,13,1851431.06,1871924.07,-20493.01,-1.09
2010-10-22,13,1796949.59,1851431.06,-54481.47,-2.94
2010-10-29,13,1887895.07,1796949.59,90945.48,5.06
2010-11-05,13,1854967.66,1887895.07,-32927.41,-1.74
2010-11-12,13,1939964.63,1854967.66,84996.97,4.58
2010-11-19,13,1925393.91,1939964.63,-14570.72,-0.75
2010-11-26,13,2766400.05,1925393.91,841006.14,43.68
2010-12-03,13,2083379.89,2766400.05,-683020.16,-24.69
2010-12-10,13,2461468.35,2083379.89,378088.46,18.15
2010-12-17,13,2771646.81,2461468.35,310178.46,12.6
2010-12-24,13,3595903.2,2771646.81,824256.39,29.74
2010-12-31,13,1675292.0,3595903.2,-1920611.2,-53.41
2011-01-07,13,1744544.39,1675292.0,69252.39,4.13
2011-01-14,13,1682316.31,1744544.39,-62228.08,-3.57
2011-01-21,13,1770177.37,1682316.31,87861.06,5.22
2011-01-28,13,1633663.12,1770177.37,-136514.25,-7.71
2011-02-04,13,1848186.58,1633663.12,214523.46,13.13
2011-02-11,13,1944438.9,1848186.58,96252.32,5.21
2011-02-18,13,2003480.59,1944438.9,59041.69,3.04
2011-02-25,13,1831933.95,2003480.59,-171546.64,-8.56
2011-03-04,13,1894960.68,1831933.95,63026.73,3.44
2011-03-11,13,1852432.58,1894960.68,-42528.1,-2.24
2011-03-18,13,1852443.78,1852432.58,11.2,0.0
2011-03-25,13,1807545.43,1852443.78,-44898.35,-2.42
2011-04-01,13,1864238.64,1807545.43,56693.21,3.14
2011-04-08,13,1887465.04,1864238.64,23226.4,1.25
2011-04-15,13,1950994.04,1887465.04,63529.0,3.37
2011-04-22,13,2124316.34,1950994.04,173322.3,8.88
2011-04-29,13,1895583.12,2124316.34,-228733.22,-10.77
2011-05-06,13,1986380.4,1895583.12,90797.28,4.79
2011-05-13,13,1958823.56,1986380.4,-27556.84,-1.39
2011-05-20,13,1860923.55,1958823.56,-97900.01,-5.0
2011-05-27,13,1866369.93,1860923.55,5446.38,0.29
2011-06-03,13,1935593.87,1866369.93,69223.94,3.71
2011-06-10,13,1997816.98,1935593.87,62223.11,3.21
2011-06-17,13,2086433.49,1997816.98,88616.51,4.44
2011-06-24,13,2009163.08,2086433.49,-77270.41,-3.7
2011-07-01,13,2048035.74,2009163.08,38872.66,1.93
2011-07-08,13,2021699.38,2048035.74,-26336.36,-1.29
2011-07-15,13,1956813.31,2021699.38,-64886.07,-3.21
2011-07-22,13,1987089.36,1956813.31,30276.05,1.55
2011-07-29,13,1880785.69,1987089.36,-106303.67,-5.35
2011-08-05,13,2076231.8,1880785.69,195446.11,10.39
2011-08-12,13,1970341.38,2076231.8,-105890.42,-5.1
2011-08-19,13,2090340.98,1970341.38,119999.6,6.09
2011-08-26,13,2035244.54,2090340.98,-55096.44,-2.64
2011-09-02,13,1953628.82,2035244.54,-81615.72,-4.01
2011-09-09,13,1872921.31,1953628.82,-80707.51,-4.13
2011-09-16,13,1923223.82,1872921.31,50302.51,2.69
2011-09-23,13,1847430.96,1923223.82,-75792.86,-3.94
2011-09-30,13,1835662.69,1847430.96,-11768.27,-0.64
2011-10-07,13,2067232.56,1835662.69,231569.87,12.62
2011-10-14,13,1929659.07,2067232.56,-137573.49,-6.65
2011-10-21,13,1973544.27,1929659.07,43885.2,2.27
2011-10-28,13,1948733.81,1973544.27,-24810.46,-1.26
2011-11-04,13,2036317.54,1948733.81,87583.73,4.49
2011-11-11,13,2111592.09,2036317.54,75274.55,3.7
2011-11-18,13,2016323.51,2111592.09,-95268.58,-4.51
2011-11-25,13,2864170.61,2016323.51,847847.1,42.05
2011-12-02,13,2051315.66,2864170.61,-812854.95,-28.38
2011-12-09,13,2462779.06,2051315.66,411463.4,20.06
2011-12-16,13,2760346.71,2462779.06,297567.65,12.08
2011-12-23,13,3556766.03,2760346.71,796419.32,28.85
2011-12-30,13,1969056.91,3556766.03,-1587709.12,-44.64
2012-01-06,13,1865752.78,1969056.91,-103304.13,-5.25
2012-01-13,13,1794962.64,1865752.78,-70790.14,-3.79
2012-01-20,13,1811606.21,1794962.64,16643.57,0.93
2012-01-27,13,1733983.09,1811606.21,-77623.12,-4.28
2012-02-03,13,1927780.74,1733983.09,193797.65,11.18
2012-02-10,13,2069284.57,1927780.74,141503.83,7.34
2012-02-17,13,2214477.06,2069284.57,145192.49,7.02
2012-02-24,13,1929768.03,2214477.06,-284709.03,-12.86
2012-03-02,13,1969742.76,1929768.03,39974.73,2.07
2012-03-09,13,1986445.65,1969742.76,16702.89,0.85
2012-03-16,13,2025582.62,1986445.65,39136.97,1.97
2012-03-23,13,1904421.74,2025582.62,-121160.88,-5.98
2012-03-30,13,1948982.7,1904421.74,44560.96,2.34
2012-04-06,13,2271614.76,1948982.7,322632.06,16.55
2012-04-13,13,2057637.86,2271614.76,-213976.9,-9.42
2012-04-20,13,1955689.12,2057637.86,-101948.74,-4.95
2012-04-27,13,1970121.65,1955689.12,14432.53,0.74
2012-05-04,13,1995994.51,1970121.65,25872.86,1.31
2012-05-11,13,2080764.17,1995994.51,84769.66,4.25
2012-05-18,13,2131900.55,2080764.17,51136.38,2.46
2012-05-25,13,2043349.41,2131900.55,-88551.14,-4.15
2012-06-01,13,2035431.39,2043349.41,-7918.02,-0.39
2012-06-08,13,2182437.9,2035431.39,147006.51,7.22
2012-06-15,13,2152229.11,2182437.9,-30208.79,-1.38
2012-06-22,13,2094373.0,2152229.11,-57856.11,-2.69
2012-06-29,13,2037663.71,2094373.0,-56709.29,-2.71
2012-07-06,13,2184980.35,2037663.71,147316.64,7.23
2012-07-13,13,2002750.99,2184980.35,-182229.36,-8.34
2012-07-20,13,2053089.32,2002750.99,50338.33,2.51
2012-07-27,13,1914430.53,2053089.32,-138658.79,-6.75
2012-08-03,13,2044148.23,1914430.53,129717.7,6.78
2012-08-10,13,2041019.92,2044148.23,-3128.31,-0.15
2012-08-17,13,2095769.18,2041019.92,54749.26,2.68
2012-08-24,13,2059458.25,2095769.18,-36310.93,-1.73
2012-08-31,13,2073855.42,2059458.25,14397.17,0.7
2012-09-07,13,2165796.31,2073855.42,91940.89,4.43
2012-09-14,13,1919917.03,2165796.31,-245879.28,-11.35
2012-09-21,13,1938379.66,1919917.03,18462.63,0.96
2012-09-28,13,1927664.11,1938379.66,-10715.55,-0.55
2012-10-05,13,2041918.74,1927664.11,114254.63,5.93
2012-10-12,13,1999079.44,2041918.74,-42839.3,-2.1
2012-10-19,13,2018010.15,1999079.44,18930.71,0.95
2012-10-26,13,2035189.66,2018010.15,17179.51,0.85
2010-02-05,14,2623469.95,,,
2010-02-12,14,1704218.84,2623469.95,-919251.11,-35.04
2010-02-19,14,2204556.7,1704218.84,500337.86,29.36
2010-02-26,14,2095591.63,2204556.7,-108965.07,-4.94
2010-03-05,14,2237544.75,2095591.63,141953.12,6.77
2010-03-12,14,2156035.06,2237544.75,-81509.69,-3.64
2010-03-19,14,2066219.3,2156035.06,-89815.76,-4.17
2010-03-26,14,2050396.27,2066219.3,-15823.03,-0.77
2010-04-02,14,2495630.51,2050396.27,445234.24,21.71
2010-04-09,14,2258781.28,2495630.51,-236849.23,-9.49
2010-04-16,14,2121788.61,2258781.28,-136992.67,-6.06
2010-04-23,14,2138144.91,2121788.61,16356.3,0.77
2010-04-30,14,2082355.12,2138144.91,-55789.79,-2.61
2010-05-07,14,2370116.52,2082355.12,287761.4,13.82
2010-05-14,14,2129771.13,2370116.52,-240345.39,-10.14
2010-05-21,14,2108187.1,2129771.13,-21584.03,-1.01
2010-05-28,14,2227152.16,2108187.1,118965.06,5.64
2010-06-04,14,2363601.47,2227152.16,136449.31,6.13
2010-06-11,14,2249570.04,2363601.47,-114031.43,-4.82
2010-06-18,14,2248645.59,2249570.04,-924.45,-0.04
2010-06-25,14,2246179.91,2248645.59,-2465.68,-0.11
2010-07-02,14,2334788.42,2246179.91,88608.51,3.94
2010-07-09,14,2236209.13,2334788.42,-98579.29,-4.22
2010-07-16,14,2130287.27,2236209.13,-105921.86,-4.74
2010-07-23,14,2044155.39,2130287.27,-86131.88,-4.04
2010-07-30,14,2054843.28,2044155.39,10687.89,0.52
2010-08-06,14,2219813.5,2054843.28,164970.22,8.03
2010-08-13,14,2052984.81,2219813.5,-166828.69,-7.52
2010-08-20,14,2057138.31,2052984.81,4153.5,0.2
2010-08-27,14,2020332.07,2057138.31,-36806.24,-1.79
2010-09-03,14,2182563.66,2020332.07,162231.59,8.03
2010-09-10,14,2191767.76,2182563.66,9204.1,0.42
2010-09-17,14,1953539.85,2191767.76,-238227.91,-10.87
2010-09-24,14,1879891.13,1953539.85,-73648.72,-3.77
2010-10-01,14,1855703.66,1879891.13,-24187.47,-1.29
2010-10-08,14,2091663.2,1855703.66,235959.54,12.72
2010-10-15,14,1932162.63,2091663.2,-159500.57,-7.63
2010-10-22,14,1936621.09,1932162.63,4458.46,0.23
2010-10-29,14,1984768.34,1936621.09,48147.25,2.49
2010-11-05,14,2078417.47,1984768.34,93649.13,4.72
2010-11-12,14,2092189.06,2078417.47,13771.59,0.66
2010-11-19,14,1968462.58,2092189.06,-123726.48,-5.91
2010-11-26,14,2921709.71,1968462.58,953247.13,48.43
2010-12-03,14,2258489.63,2921709.71,-663220.08,-22.7
2010-12-10,14,2600519.26,2258489.63,342029.63,15.14
2010-12-17,14,2762861.41,2600519.26,162342.15,6.24
2010-12-24,14,3818686.45,2762861.41,1055825.04,38.21
2010-12-31,14,1623716.46,3818686.45,-2194969.99,-57.48
2011-01-07,14,1864746.1,1623716.46,241029.64,14.84
2011-01-14,14,1699095.9,1864746.1,-165650.2,-8.88
2011-01-21,14,1743188.87,1699095.9,44092.97,2.6
2011-01-28,14,1613718.38,1743188.87,-129470.49,-7.43
2011-02-04,14,1995891.87,1613718.38,382173.49,23.68
2011-02-11,14,1980405.03,1995891.87,-15486.84,-0.78
2011-02-18,14,2019031.67,1980405.03,38626.64,1.95
2011-02-25,14,1875708.88,2019031.67,-143322.79,-7.1
2011-03-04,14,2041215.61,1875708.88,165506.73,8.82
2011-03-11,14,1931104.67,2041215.61,-110110.94,-5.39
2011-03-18,14,1932491.42,1931104.67,1386.75,0.07
2011-03-25,14,1879451.23,1932491.42,-53040.19,-2.74
2011-04-01,14,1869110.55,1879451.23,-10340.68,-0.55
2011-04-08,14,2037798.88,1869110.55,168688.33,9.03
2011-04-15,14,1974960.86,2037798.88,-62838.02,-3.08
2011-04-22,14,2256461.39,1974960.86,281500.53,14.25
2011-04-29,14,1930617.64,2256461.39,-325843.75,-14.44
2011-05-06,14,2095599.93,1930617.64,164982.29,8.55
2011-05-13,14,2004330.3,2095599.93,-91269.63,-4.36
2011-05-20,14,1959967.8,2004330.3,-44362.5,-2.21
2011-05-27,14,2080694.24,1959967.8,120726.44,6.16
2011-06-03,14,2079899.47,2080694.24,-794.77,-0.04
2011-06-10,14,2132446.0,2079899.47,52546.53,2.53
2011-06-17,14,2082083.34,2132446.0,-50362.66,-2.36
2011-06-24,14,2069523.52,2082083.34,-12559.82,-0.6
2011-07-01,14,2074668.19,2069523.52,5144.67,0.25
2011-07-08,14,2063401.06,2074668.19,-11267.13,-0.54
2011-07-15,14,1953544.76,2063401.06,-109856.3,-5.32
2011-07-22,14,1882070.88,1953544.76,-71473.88,-3.66
2011-07-29,14,1871021.01,1882070.88,-11049.87,-0.59
2011-08-05,14,2066020.69,1871021.01,194999.68,10.42
2011-08-12,14,1928773.82,2066020.69,-137246.87,-6.64
2011-08-19,14,1896873.99,1928773.82,-31899.83,-1.65
2011-08-26,14,2273470.62,1896873.99,376596.63,19.85
2011-09-02,14,1750891.47,2273470.62,-522579.15,-22.99
2011-09-09,14,2202742.9,1750891.47,451851.43,25.81
2011-09-16,14,1864637.89,2202742.9,-338105.01,-15.35
2011-09-23,14,1871555.64,1864637.89,6917.75,0.37
2011-09-30,14,1809989.29,1871555.64,-61566.35,-3.29
2011-10-07,14,2078796.76,1809989.29,268807.47,14.85
2011-10-14,14,1890870.75,2078796.76,-187926.01,-9.04
2011-10-21,14,2009004.59,1890870.75,118133.84,6.25
2011-10-28,14,2056846.12,2009004.59,47841.53,2.38
2011-11-04,14,2174056.71,2056846.12,117210.59,5.7
2011-11-11,14,2081534.65,2174056.71,-92522.06,-4.26
2011-11-18,14,1969360.72,2081534.65,-112173.93,-5.39
2011-11-25,14,2685351.81,1969360.72,715991.09,36.36
2011-12-02,14,2143080.57,2685351.81,-542271.24,-20.19
2011-12-09,14,2470581.29,2143080.57,327500.72,15.28
2011-12-16,14,2594363.09,2470581.29,123781.8,5.01
2011-12-23,14,3369068.99,2594363.09,774705.9,29.86
2011-12-30,14,1914148.89,3369068.99,-1454920.1,-43.18
2012-01-06,14,1859144.96,1914148.89,-55003.93,-2.87
2012-01-13,14,1696248.27,1859144.96,-162896.69,-8.76
2012-01-20,14,1789113.32,1696248.27,92865.05,5.47
2012-01-27,14,1595362.27,1789113.32,-193751.05,-10.83
2012-02-03,14,1877410.36,1595362.27,282048.09,17.68
2012-02-10,14,2077256.24,1877410.36,199845.88,10.64
2012-02-17,14,2020550.99,2077256.24,-56705.25,-2.73
2012-02-24,14,1875040.16,2020550.99,-145510.83,-7.2
2012-03-02,14,1926004.99,1875040.16,50964.83,2.72
2012-03-09,14,2020839.31,1926004.99,94834.32,4.92
2012-03-16,14,1941040.5,2020839.31,-79798.81,-3.95
2012-03-23,14,1893447.71,1941040.5,-47592.79,-2.45
2012-03-30,14,1905033.01,1893447.71,11585.3,0.61
2012-04-06,14,2376022.26,1905033.01,470989.25,24.72
2012-04-13,14,1912909.69,2376022.26,-463112.57,-19.49
2012-04-20,14,1875686.44,1912909.69,-37223.25,-1.95
2012-04-27,14,1784029.95,1875686.44,-91656.49,-4.89
2012-05-04,14,1949354.29,1784029.95,165324.34,9.27
2012-05-11,14,1987531.05,1949354.29,38176.76,1.96
2012-05-18,14,1932233.17,1987531.05,-55297.88,-2.78
2012-05-25,14,2030869.61,1932233.17,98636.44,5.1
2012-06-01,14,2049485.49,2030869.61,18615.88,0.92
2012-06-08,14,2099615.88,2049485.49,50130.39,2.45
2012-06-15,14,1905733.68,2099615.88,-193882.2,-9.23
2012-06-22,14,1660228.88,1905733.68,-245504.8,-12.88
2012-06-29,14,1591835.02,1660228.88,-68393.86,-4.12
2012-07-06,14,1862128.95,1591835.02,270293.93,16.98
2012-07-13,14,1544422.35,1862128.95,-317706.6,-17.06
2012-07-20,14,1553250.16,1544422.35,8827.81,0.57
2012-07-27,14,1479514.66,1553250.16,-73735.5,-4.75
2012-08-03,14,1656886.46,1479514.66,177371.8,11.99
2012-08-10,14,1648570.03,1656886.46,-8316.43,-0.5
2012-08-17,14,1660433.3,1648570.03,11863.27,0.72
2012-08-24,14,1621841.33,1660433.3,-38591.97,-2.32
2012-08-31,14,1613342.19,1621841.33,-8499.14,-0.52
2012-09-07,14,1904512.34,1613342.19,291170.15,18.05
2012-09-14,14,1554794.22,1904512.34,-349718.12,-18.36
2012-09-21,14,1565352.46,1554794.22,10558.24,0.68
2012-09-28,14,1522512.2,1565352.46,-42840.26,-2.74
2012-10-05,14,1687592.16,1522512.2,165079.96,10.84
2012-10-12,14,1639585.61,1687592.16,-48006.55,-2.84
2012-10-19,14,1590274.72,1639585.61,-49310.89,-3.01
2012-10-26,14,1704357.62,1590274.72,114082.9,7.17
2010-02-05,15,652122.44,,,
2010-02-12,15,682447.1,652122.44,30324.66,4.65
2010-02-19,15,660838.75,682447.1,-21608.35,-3.17
2010-02-26,15,564883.2,660838.75,-95955.55,-14.52
2010-03-05,15,605325.43,564883.2,40442.23,7.16
2010-03-12,15,604173.59,605325.43,-1151.84,-0.19
2010-03-19,15,593710.67,604173.59,-10462.92,-1.73
2010-03-26,15,592111.49,593710.67,-1599.18,-0.27
2010-04-02,15,718470.71,592111.49,126359.22,21.34
2010-04-09,15,634605.77,718470.71,-83864.94,-11.67
2010-04-16,15,641208.65,634605.77,6602.88,1.04
2010-04-23,15,643097.6,641208.65,1888.95,0.29
2010-04-30,15,570791.11,643097.6,-72306.49,-11.24
2010-05-07,15,661348.88,570791.11,90557.77,15.87
2010-05-14,15,594385.2,661348.88,-66963.68,-10.13
2010-05-21,15,616598.1,594385.2,22212.9,3.74
2010-05-28,15,744772.88,616598.1,128174.78,20.79
2010-06-04,15,693192.5,744772.88,-51580.38,-6.93
2010-06-11,15,619337.29,693192.5,-73855.21,-10.65
2010-06-18,15,652329.53,619337.29,32992.24,5.33
2010-06-25,15,672194.03,652329.53,19864.5,3.05
2010-07-02,15,709337.11,672194.03,37143.08,5.53
2010-07-09,15,691497.62,709337.11,-17839.49,-2.51
2010-07-16,15,633203.69,691497.62,-58293.93,-8.43
2010-07-23,15,598553.43,633203.69,-34650.26,-5.47
2010-07-30,15,619224.06,598553.43,20670.63,3.45
2010-08-06,15,639651.24,619224.06,20427.18,3.3
2010-08-13,15,622437.08,639651.24,-17214.16,-2.69
2010-08-20,15,637090.44,622437.08,14653.36,2.35
2010-08-27,15,649791.15,637090.44,12700.71,1.99
2010-09-03,15,638647.21,649791.15,-11143.94,-1.72
2010-09-10,15,641965.2,638647.21,3317.99,0.52
2010-09-17,15,583210.87,641965.2,-58754.33,-9.15
2010-09-24,15,548542.47,583210.87,-34668.4,-5.94
2010-10-01,15,566945.95,548542.47,18403.48,3.35
2010-10-08,15,591603.79,566945.95,24657.84,4.35
2010-10-15,15,577011.26,591603.79,-14592.53,-2.47
2010-10-22,15,600395.73,577011.26,23384.47,4.05
2010-10-29,15,598301.5,600395.73,-2094.23,-0.35
2010-11-05,15,612987.64,598301.5,14686.14,2.45
2010-11-12,15,619639.74,612987.64,6652.1,1.09
2010-11-19,15,608200.81,619639.74,-11438.93,-1.85
2010-11-26,15,1120018.92,608200.81,511818.11,84.15
2010-12-03,15,754134.95,1120018.92,-365883.97,-32.67
2010-12-10,15,847294.04,754134.95,93159.09,12.35
2010-12-17,15,983825.15,847294.04,136531.11,16.11
2010-12-24,15,1368318.17,983825.15,384493.02,39.08
2010-12-31,15,543754.17,1368318.17,-824564.0,-60.26
2011-01-07,15,509640.77,543754.17,-34113.4,-6.27
2011-01-14,15,479424.2,509640.77,-30216.57,-5.93
2011-01-21,15,487311.03,479424.2,7886.83,1.65
2011-01-28,15,481119.6,487311.03,-6191.43,-1.27
2011-02-04,15,556550.85,481119.6,75431.25,15.68
2011-02-11,15,582864.35,556550.85,26313.5,4.73
2011-02-18,15,649993.5,582864.35,67129.15,11.52
2011-02-25,15,547564.09,649993.5,-102429.41,-15.76
2011-03-04,15,573374.49,547564.09,25810.4,4.71
2011-03-11,15,537035.28,573374.49,-36339.21,-6.34
2011-03-18,15,551553.99,537035.28,14518.71,2.7
2011-03-25,15,527389.28,551553.99,-24164.71,-4.38
2011-04-01,15,542556.05,527389.28,15166.77,2.88
2011-04-08,15,587370.81,542556.05,44814.76,8.26
2011-04-15,15,607691.36,587370.81,20320.55,3.46
2011-04-22,15,655318.26,607691.36,47626.9,7.84
2011-04-29,15,560764.41,655318.26,-94553.85,-14.43
2011-05-06,15,630522.67,560764.41,69758.26,12.44
2011-05-13,15,630482.91,630522.67,-39.76,-0.01
2011-05-20,15,593941.9,630482.91,-36541.01,-5.8
2011-05-27,15,636193.24,593941.9,42251.34,7.11
2011-06-03,15,695396.19,636193.24,59202.95,9.31
2011-06-10,15,642679.81,695396.19,-52716.38,-7.58
2011-06-17,15,639928.85,642679.81,-2750.96,-0.43
2011-06-24,15,656594.95,639928.85,16666.1,2.6
2011-07-01,15,674669.16,656594.95,18074.21,2.75
2011-07-08,15,635118.48,674669.16,-39550.68,-5.86
2011-07-15,15,624114.56,635118.48,-11003.92,-1.73
2011-07-22,15,607475.44,624114.56,-16639.12,-2.67
2011-07-29,15,577511.02,607475.44,-29964.42,-4.93
2011-08-05,15,607961.21,577511.02,30450.19,5.27
2011-08-12,15,590836.37,607961.21,-17124.84,-2.82
2011-08-19,15,599488.98,590836.37,8652.61,1.46
2011-08-26,15,605413.17,599488.98,5924.19,0.99
2011-09-02,15,649159.68,605413.17,43746.51,7.23
2011-09-09,15,607593.51,649159.68,-41566.17,-6.4
2011-09-16,15,545052.34,607593.51,-62541.17,-10.29
2011-09-23,15,545570.86,545052.34,518.52,0.1
2011-09-30,15,521297.31,545570.86,-24273.55,-4.45
2011-10-07,15,579068.88,521297.31,57771.57,11.08
2011-10-14,15,537300.94,579068.88,-41767.94,-7.21
2011-10-21,15,603318.89,537300.94,66017.95,12.29
2011-10-28,15,589842.69,603318.89,-13476.2,-2.23
2011-11-04,15,615121.78,589842.69,25279.09,4.29
2011-11-11,15,618949.82,615121.78,3828.04,0.62
2011-11-18,15,597856.51,618949.82,-21093.31,-3.41
2011-11-25,15,1066478.1,597856.51,468621.59,78.38
2011-12-02,15,699028.66,1066478.1,-367449.44,-34.45
2011-12-09,15,764565.55,699028.66,65536.89,9.38
2011-12-16,15,870415.49,764565.55,105849.94,13.84
2011-12-23,15,1182691.87,870415.49,312276.38,35.88
2011-12-30,15,603460.79,1182691.87,-579231.08,-48.98
2012-01-06,15,516087.65,603460.79,-87373.14,-14.48
2012-01-13,15,454183.42,516087.65,-61904.23,-11.99
2012-01-20,15,492721.85,454183.42,38538.43,8.49
2012-01-27,15,466045.63,492721.85,-26676.22,-5.41
2012-02-03,15,523831.64,466045.63,57786.01,12.4
2012-02-10,15,628218.22,523831.64,104386.58,19.93
2012-02-17,15,598502.83,628218.22,-29715.39,-4.73
2012-02-24,15,561137.06,598502.83,-37365.77,-6.24
2012-03-02,15,541292.64,561137.06,-19844.42,-3.54
2012-03-09,15,545120.67,541292.64,3828.03,0.71
2012-03-16,15,570611.23,545120.67,25490.56,4.68
2012-03-23,15,565481.88,570611.23,-5129.35,-0.9
2012-03-30,15,557547.25,565481.88,-7934.63,-1.4
2012-04-06,15,659950.36,557547.25,102403.11,18.37
2012-04-13,15,558585.13,659950.36,-101365.23,-15.36
2012-04-20,15,534780.57,558585.13,-23804.56,-4.26
2012-04-27,15,527402.62,534780.57,-7377.95,-1.38
2012-05-04,15,577868.38,527402.62,50465.76,9.57
2012-05-11,15,579539.95,577868.38,1671.57,0.29
2012-05-18,15,600050.98,579539.95,20511.03,3.54
2012-05-25,15,693780.42,600050.98,93729.44,15.62
2012-06-01,15,663971.26,693780.42,-29809.16,-4.3
2012-06-08,15,611390.67,663971.26,-52580.59,-7.92
2012-06-15,15,636737.65,611390.67,25346.98,4.15
2012-06-22,15,687085.6,636737.65,50347.95,7.91
2012-06-29,15,624099.48,687085.6,-62986.12,-9.17
2012-07-06,15,678024.75,624099.48,53925.27,8.64
2012-07-13,15,591335.5,678024.75,-86689.25,-12.79
2012-07-20,15,592369.22,591335.5,1033.72,0.17
2012-07-27,15,571190.83,592369.22,-21178.39,-3.58
2012-08-03,15,590739.62,571190.83,19548.79,3.42
2012-08-10,15,590453.63,590739.62,-285.99,-0.05
2012-08-17,15,579738.2,590453.63,-10715.43,-1.81
2012-08-24,15,606210.77,579738.2,26472.57,4.57
2012-08-31,15,610185.32,606210.77,3974.55,0.66
2012-09-07,15,587259.82,610185.32,-22925.5,-3.76
2012-09-14,15,527509.76,587259.82,-59750.06,-10.17
2012-09-21,15,533161.64,527509.76,5651.88,1.07
2012-09-28,15,553901.97,533161.64,20740.33,3.89
2012-10-05,15,573498.64,553901.97,19596.67,3.54
2012-10-12,15,551799.63,573498.64,-21699.01,-3.78
2012-10-19,15,555652.77,551799.63,3853.14,0.7
2012-10-26,15,558473.6,555652.77,2820.83,0.51
2010-02-05,16,477409.3,,,
2010-02-12,16,472044.28,477409.3,-5365.02,-1.12
2010-02-19,16,469868.7,472044.28,-2175.58,-0.46
2010-02-26,16,443242.17,469868.7,-26626.53,-5.67
2010-03-05,16,444181.85,443242.17,939.68,0.21
2010-03-12,16,445393.74,444181.85,1211.89,0.27
2010-03-19,16,504307.35,445393.74,58913.61,13.23
2010-03-26,16,483177.2,504307.35,-21130.15,-4.19
2010-04-02,16,490503.69,483177.2,7326.49,1.52
2010-04-09,16,424083.99,490503.69,-66419.7,-13.54
2010-04-16,16,436312.41,424083.99,12228.42,2.88
2010-04-23,16,370230.94,436312.41,-66081.47,-15.15
2010-04-30,16,383550.93,370230.94,13319.99,3.6
2010-05-07,16,403217.22,383550.93,19666.29,5.13
2010-05-14,16,401770.9,403217.22,-1446.32,-0.36
2010-05-21,16,435300.51,401770.9,33529.61,8.35
2010-05-28,16,479430.0,435300.51,44129.49,10.14
2010-06-04,16,516295.81,479430.0,36865.81,7.69
2010-06-11,16,535587.31,516295.81,19291.5,3.74
2010-06-18,16,540149.85,535587.31,4562.54,0.85
2010-06-25,16,546554.96,540149.85,6405.11,1.19
2010-07-02,16,610641.42,546554.96,64086.46,11.73
2010-07-09,16,614253.33,610641.42,3611.91,0.59
2010-07-16,16,586583.69,614253.33,-27669.64,-4.5
2010-07-23,16,588344.18,586583.69,1760.49,0.3
2010-07-30,16,562633.67,588344.18,-25710.51,-4.37
2010-08-06,16,586936.45,562633.67,24302.78,4.32
2010-08-13,16,543757.97,586936.45,-43178.48,-7.36
2010-08-20,16,521516.96,543757.97,-22241.01,-4.09
2010-08-27,16,581010.52,521516.96,59493.56,11.41
2010-09-03,16,542087.89,581010.52,-38922.63,-6.7
2010-09-10,16,537518.57,542087.89,-4569.32,-0.84
2010-09-17,16,522049.52,537518.57,-15469.05,-2.88
2010-09-24,16,511330.32,522049.52,-10719.2,-2.05
2010-10-01,16,463977.54,511330.32,-47352.78,-9.26
2010-10-08,16,442894.2,463977.54,-21083.34,-4.54
2010-10-15,16,452169.28,442894.2,9275.08,2.09
2010-10-22,16,541216.92,452169.28,89047.64,19.69
2010-10-29,16,495022.51,541216.92,-46194.41,-8.54
2010-11-05,16,446905.02,495022.51,-48117.49,-9.72
2010-11-12,16,453632.76,446905.02,6727.74,1.51
2010-11-19,16,458634.68,453632.76,5001.92,1.1
2010-11-26,16,651837.77,458634.68,193203.09,42.13
2010-12-03,16,512260.59,651837.77,-139577.18,-21.41
2010-12-10,16,570103.64,512260.59,57843.05,11.29
2010-12-17,16,648652.01,570103.64,78548.37,13.78
2010-12-24,16,1004730.69,648652.01,356078.68,54.9
2010-12-31,16,575317.38,1004730.69,-429413.31,-42.74
2011-01-07,16,573545.96,575317.38,-1771.42,-0.31
2011-01-14,16,470365.59,573545.96,-103180.37,-17.99
2011-01-21,16,462888.13,470365.59,-7477.46,-1.59
2011-01-28,16,448391.99,462888.13,-14496.14,-3.13
2011-02-04,16,479263.15,448391.99,30871.16,6.88
2011-02-11,16,466806.89,479263.15,-12456.26,-2.6
2011-02-18,16,491179.79,466806.89,24372.9,5.22
2011-02-25,16,475201.64,491179.79,-15978.15,-3.25
2011-03-04,16,484829.07,475201.64,9627.43,2.03
2011-03-11,16,457504.35,484829.07,-27324.72,-5.64
2011-03-18,16,497373.49,457504.35,39869.14,8.71
2011-03-25,16,465279.68,497373.49,-32093.81,-6.45
2011-04-01,16,459756.11,465279.68,-5523.57,-1.19
2011-04-08,16,439276.5,459756.11,-20479.61,-4.45
2011-04-15,16,427855.24,439276.5,-11421.26,-2.6
2011-04-22,16,368600.0,427855.24,-59255.24,-13.85
2011-04-29,16,378100.31,368600.0,9500.31,2.58
2011-05-06,16,423805.22,378100.31,45704.91,12.09
2011-05-13,16,410406.95,423805.22,-13398.27,-3.16
2011-05-20,16,435397.19,410406.95,24990.24,6.09
2011-05-27,16,444718.68,435397.19,9321.49,2.14
2011-06-03,16,531080.31,444718.68,86361.63,19.42
2011-06-10,16,600952.06,531080.31,69871.75,13.16
2011-06-17,16,581546.23,600952.06,-19405.83,-3.23
2011-06-24,16,569105.03,581546.23,-12441.2,-2.14
2011-07-01,16,608737.56,569105.03,39632.53,6.96
2011-07-08,16,634634.66,608737.56,25897.1,4.25
2011-07-15,16,586841.77,634634.66,-47792.89,-7.53
2011-07-22,16,581758.22,586841.77,-5083.55,-0.87
2011-07-29,16,582381.95,581758.22,623.73,0.11
2011-08-05,16,592981.33,582381.95,10599.38,1.82
2011-08-12,16,563884.47,592981.33,-29096.86,-4.91
2011-08-19,16,554630.42,563884.47,-9254.05,-1.64
2011-08-26,16,557312.01,554630.42,2681.59,0.48
2011-09-02,16,580805.33,557312.01,23493.32,4.22
2011-09-09,16,574622.56,580805.33,-6182.77,-1.06
2011-09-16,16,539081.09,574622.56,-35541.47,-6.19
2011-09-23,16,504856.97,539081.09,-34224.12,-6.35
2011-09-30,16,450075.31,504856.97,-54781.66,-10.85
2011-10-07,16,482926.93,450075.31,32851.62,7.3
2011-10-14,16,498241.06,482926.93,15314.13,3.17
2011-10-21,16,560104.16,498241.06,61863.1,12.42
2011-10-28,16,505918.21,560104.16,-54185.95,-9.67
2011-11-04,16,511059.95,505918.21,5141.74,1.02
2011-11-11,16,513181.31,511059.95,2121.36,0.42
2011-11-18,16,480353.64,513181.31,-32827.67,-6.4
2011-11-25,16,712422.4,480353.64,232068.76,48.31
2011-12-02,16,530492.84,712422.4,-181929.56,-25.54
2011-12-09,16,574798.86,530492.84,44306.02,8.35
2011-12-16,16,679481.9,574798.86,104683.04,18.21
2011-12-23,16,950691.96,679481.9,271210.06,39.91
2011-12-30,16,665861.06,950691.96,-284830.9,-29.96
2012-01-06,16,564538.07,665861.06,-101322.99,-15.22
2012-01-13,16,508520.09,564538.07,-56017.98,-9.92
2012-01-20,16,474389.75,508520.09,-34130.34,-6.71
2012-01-27,16,453979.19,474389.75,-20410.56,-4.3
2012-02-03,16,475905.1,453979.19,21925.91,4.83
2012-02-10,16,473766.97,475905.1,-2138.13,-0.45
2012-02-17,16,494069.49,473766.97,20302.52,4.29
2012-02-24,16,495720.3,494069.49,1650.81,0.33
2012-03-02,16,464189.09,495720.3,-31531.21,-6.36
2012-03-09,16,495951.66,464189.09,31762.57,6.84
2012-03-16,16,520850.71,495951.66,24899.05,5.02
2012-03-23,16,493503.89,520850.71,-27346.82,-5.25
2012-03-30,16,485095.41,493503.89,-8408.48,-1.7
2012-04-06,16,502662.07,485095.41,17566.66,3.62
2012-04-13,16,450756.71,502662.07,-51905.36,-10.33
2012-04-20,16,436221.26,450756.71,-14535.45,-3.22
2012-04-27,16,398445.15,436221.26,-37776.11,-8.66
2012-05-04,16,426959.62,398445.15,28514.47,7.16
2012-05-11,16,479855.0,426959.62,52895.38,12.39
2012-05-18,16,493506.47,479855.0,13651.47,2.84
2012-05-25,16,518045.09,493506.47,24538.62,4.97
2012-06-01,16,532311.93,518045.09,14266.84,2.75
2012-06-08,16,603618.89,532311.93,71306.96,13.4
2012-06-15,16,570045.79,603618.89,-33573.1,-5.56
2012-06-22,16,581745.72,570045.79,11699.93,2.05
2012-06-29,16,570162.28,581745.72,-11583.44,-1.99
2012-07-06,16,641763.53,570162.28,71601.25,12.56
2012-07-13,16,569005.06,641763.53,-72758.47,-11.34
2012-07-20,16,565297.54,569005.06,-3707.52,-0.65
2012-07-27,16,539337.87,565297.54,-25959.67,-4.59
2012-08-03,16,584000.71,539337.87,44662.84,8.28
2012-08-10,16,554036.84,584000.71,-29963.87,-5.13
2012-08-17,16,521896.6,554036.84,-32140.24,-5.8
2012-08-24,16,551152.15,521896.6,29255.55,5.61
2012-08-31,16,551837.31,551152.15,685.16,0.12
2012-09-07,16,537138.58,551837.31,-14698.73,-2.66
2012-09-14,16,526525.16,537138.58,-10613.42,-1.98
2012-09-21,16,509942.56,526525.16,-16582.6,-3.15
2012-09-28,16,469607.73,509942.56,-40334.83,-7.91
2012-10-05,16,471281.68,469607.73,1673.95,0.36
2012-10-12,16,491817.19,471281.68,20535.51,4.36
2012-10-19,16,577198.97,491817.19,85381.78,17.36
2012-10-26,16,475770.14,577198.97,-101428.83,-17.57
2010-02-05,17,789036.02,,,
2010-02-12,17,841951.91,789036.02,52915.89,6.71
2010-02-19,17,800714.0,841951.91,-41237.91,-4.9
2010-02-26,17,749549.55,800714.0,-51164.45,-6.39
2010-03-05,17,783300.05,749549.55,33750.5,4.5
2010-03-12,17,763961.82,783300.05,-19338.23,-2.47
2010-03-19,17,752034.52,763961.82,-11927.3,-1.56
2010-03-26,17,793097.64,752034.52,41063.12,5.46
2010-04-02,17,848521.17,793097.64,55423.53,6.99
2010-04-09,17,770228.02,848521.17,-78293.15,-9.23
2010-04-16,17,757738.76,770228.02,-12489.26,-1.62
2010-04-23,17,977790.83,757738.76,220052.07,29.04
2010-04-30,17,807798.73,977790.83,-169992.1,-17.39
2010-05-07,17,843848.65,807798.73,36049.92,4.46
2010-05-14,17,813756.09,843848.65,-30092.56,-3.57
2010-05-21,17,826626.5,813756.09,12870.41,1.58
2010-05-28,17,872817.62,826626.5,46191.12,5.59
2010-06-04,17,876902.87,872817.62,4085.25,0.47
2010-06-11,17,845252.21,876902.87,-31650.66,-3.61
2010-06-18,17,877996.27,845252.21,32744.06,3.87
2010-06-25,17,893995.44,877996.27,15999.17,1.82
2010-07-02,17,958875.37,893995.44,64879.93,7.26
2010-07-09,17,836915.92,958875.37,-121959.45,-12.72
2010-07-16,17,876591.41,836915.92,39675.49,4.74
2010-07-23,17,893504.87,876591.41,16913.46,1.93
2010-07-30,17,833517.19,893504.87,-59987.68,-6.71
2010-08-06,17,795301.17,833517.19,-38216.02,-4.58
2010-08-13,17,759995.18,795301.17,-35305.99,-4.44
2010-08-20,17,783929.7,759995.18,23934.52,3.15
2010-08-27,17,802583.89,783929.7,18654.19,2.38
2010-09-03,17,834373.73,802583.89,31789.84,3.96
2010-09-10,17,1200888.28,834373.73,366514.55,43.93
2010-09-17,17,871264.25,1200888.28,-329624.03,-27.45
2010-09-24,17,852876.29,871264.25,-18387.96,-2.11
2010-10-01,17,829207.27,852876.29,-23669.02,-2.78
2010-10-08,17,827738.06,829207.27,-1469.21,-0.18
2010-10-15,17,838297.32,827738.06,10559.26,1.28
2010-10-22,17,815093.76,838297.32,-23203.56,-2.77
2010-10-29,17,861941.25,815093.76,46847.49,5.75
2010-11-05,17,818434.49,861941.25,-43506.76,-5.05
2010-11-12,17,855459.96,818434.49,37025.47,4.52
2010-11-19,17,782252.57,855459.96,-73207.39,-8.56
2010-11-26,17,1005448.76,782252.57,223196.19,28.53
2010-12-03,17,926573.81,1005448.76,-78874.95,-7.84
2010-12-10,17,962475.55,926573.81,35901.74,3.87
2010-12-17,17,1049372.38,962475.55,86896.83,9.03
2010-12-24,17,1309226.79,1049372.38,259854.41,24.76
2010-12-31,17,635862.55,1309226.79,-673364.24,-51.43
2011-01-07,17,1083071.14,635862.55,447208.59,70.33
2011-01-14,17,758510.36,1083071.14,-324560.78,-29.97
2011-01-21,17,755804.37,758510.36,-2705.99,-0.36
2011-01-28,17,736335.69,755804.37,-19468.68,-2.58
2011-02-04,17,816603.05,736335.69,80267.36,10.9
2011-02-11,17,813211.46,816603.05,-3391.59,-0.42
2011-02-18,17,860962.91,813211.46,47751.45,5.87
2011-02-25,17,767256.53,860962.91,-93706.38,-10.88
2011-03-04,17,816138.33,767256.53,48881.8,6.37
2011-03-11,17,779602.36,816138.33,-36535.97,-4.48
2011-03-18,17,778436.81,779602.36,-1165.55,-0.15
2011-03-25,17,781267.76,778436.81,2830.95,0.36
2011-04-01,17,795859.23,781267.76,14591.47,1.87
2011-04-08,17,811855.72,795859.23,15996.49,2.01
2011-04-15,17,825283.43,811855.72,13427.71,1.65
2011-04-22,17,1060770.11,825283.43,235486.68,28.53
2011-04-29,17,806979.15,1060770.11,-253790.96,-23.93
2011-05-06,17,882132.28,806979.15,75153.13,9.31
2011-05-13,17,870625.49,882132.28,-11506.79,-1.3
2011-05-20,17,844443.35,870625.49,-26182.14,-3.01
2011-05-27,17,892056.64,844443.35,47613.29,5.64
2011-06-03,17,895020.48,892056.64,2963.84,0.33
2011-06-10,17,881190.46,895020.48,-13830.02,-1.55
2011-06-17,17,894686.67,881190.46,13496.21,1.53
2011-06-24,17,920719.98,894686.67,26033.31,2.91
2011-07-01,17,940554.34,920719.98,19834.36,2.15
2011-07-08,17,915064.22,940554.34,-25490.12,-2.71
2011-07-15,17,902727.76,915064.22,-12336.46,-1.35
2011-07-22,17,899044.34,902727.76,-3683.42,-0.41
2011-07-29,17,861894.77,899044.34,-37149.57,-4.13
2011-08-05,17,866184.92,861894.77,4290.15,0.5
2011-08-12,17,800819.79,866184.92,-65365.13,-7.55
2011-08-19,17,797523.04,800819.79,-3296.75,-0.41
2011-08-26,17,837390.79,797523.04,39867.75,5.0
2011-09-02,17,847380.07,837390.79,9989.28,1.19
2011-09-09,17,1161900.18,847380.07,314520.11,37.12
2011-09-16,17,1051116.95,1161900.18,-110783.23,-9.53
2011-09-23,17,895535.31,1051116.95,-155581.64,-14.8
2011-09-30,17,868191.05,895535.31,-27344.26,-3.05
2011-10-07,17,918006.9,868191.05,49815.85,5.74
2011-10-14,17,884042.63,918006.9,-33964.27,-3.7
2011-10-21,17,877380.22,884042.63,-6662.41,-0.75
2011-10-28,17,936508.43,877380.22,59128.21,6.74
2011-11-04,17,927657.63,936508.43,-8850.8,-0.95
2011-11-11,17,914759.2,927657.63,-12898.43,-1.39
2011-11-18,17,877724.31,914759.2,-37034.89,-4.05
2011-11-25,17,1225700.28,877724.31,347975.97,39.65
2011-12-02,17,945267.68,1225700.28,-280432.6,-22.88
2011-12-09,17,976522.93,945267.68,31255.25,3.31
2011-12-16,17,1067754.06,976522.93,91231.13,9.34
2011-12-23,17,1289156.9,1067754.06,221402.84,20.74
2011-12-30,17,777207.3,1289156.9,-511949.6,-39.71
2012-01-06,17,1198104.22,777207.3,420896.92,54.16
2012-01-13,17,873576.96,1198104.22,-324527.26,-27.09
2012-01-20,17,809272.65,873576.96,-64304.31,-7.36
2012-01-27,17,769522.33,809272.65,-39750.32,-4.91
2012-02-03,17,864852.85,769522.33,95330.52,12.39
2012-02-10,17,880165.7,864852.85,15312.85,1.77
2012-02-17,17,927084.65,880165.7,46918.95,5.33
2012-02-24,17,843864.43,927084.65,-83220.22,-8.98
2012-03-02,17,856178.47,843864.43,12314.04,1.46
2012-03-09,17,860224.98,856178.47,4046.51,0.47
2012-03-16,17,853136.46,860224.98,-7088.52,-0.82
2012-03-23,17,851762.28,853136.46,-1374.18,-0.16
2012-03-30,17,872469.03,851762.28,20706.75,2.43
2012-04-06,17,986922.62,872469.03,114453.59,13.12
2012-04-13,17,877055.32,986922.62,-109867.3,-11.13
2012-04-20,17,1119979.98,877055.32,242924.66,27.7
2012-04-27,17,925916.65,1119979.98,-194063.33,-17.33
2012-05-04,17,930121.14,925916.65,4204.49,0.45
2012-05-11,17,944100.3,930121.14,13979.16,1.5
2012-05-18,17,968816.33,944100.3,24716.03,2.62
2012-05-25,17,984881.59,968816.33,16065.26,1.66
2012-06-01,17,938914.28,984881.59,-45967.31,-4.67
2012-06-08,17,987990.24,938914.28,49075.96,5.23
2012-06-15,17,964169.67,987990.24,-23820.57,-2.41
2012-06-22,17,981210.57,964169.67,17040.9,1.77
2012-06-29,17,982322.24,981210.57,1111.67,0.11
2012-07-06,17,1046782.52,982322.24,64460.28,6.56
2012-07-13,17,960746.04,1046782.52,-86036.48,-8.22
2012-07-20,17,944698.7,960746.04,-16047.34,-1.67
2012-07-27,17,907493.24,944698.7,-37205.46,-3.94
2012-08-03,17,877813.33,907493.24,-29679.91,-3.27
2012-08-10,17,849074.04,877813.33,-28739.29,-3.27
2012-08-17,17,844928.17,849074.04,-4145.87,-0.49
2012-08-24,17,924299.78,844928.17,79371.61,9.39
2012-08-31,17,865924.2,924299.78,-58375.58,-6.32
2012-09-07,17,1255633.29,865924.2,389709.09,45.0
2012-09-14,17,1071040.22,1255633.29,-184593.07,-14.7
2012-09-21,17,938303.28,1071040.22,-132736.94,-12.39
2012-09-28,17,972716.24,938303.28,34412.96,3.67
2012-10-05,17,952609.17,972716.24,-20107.07,-2.07
2012-10-12,17,919878.34,952609.17,-32730.83,-3.44
2012-10-19,17,957356.84,919878.34,37478.5,4.07
2012-10-26,17,943465.29,957356.84,-13891.55,-1.45
2010-02-05,18,1205307.5,,,
2010-02-12,18,1187880.7,1205307.5,-17426.8,-1.45
2010-02-19,18,1150663.42,1187880.7,-37217.28,-3.13
2010-02-26,18,1068157.45,1150663.42,-82505.97,-7.17
2010-03-05,18,1179738.5,1068157.45,111581.05,10.45
2010-03-12,18,1138800.32,1179738.5,-40938.18,-3.47
2010-03-19,18,1087507.47,1138800.32,-51292.85,-4.5
2010-03-26,18,1092704.09,1087507.47,5196.62,0.48
2010-04-02,18,1254107.84,1092704.09,161403.75,14.77
2010-04-09,18,1174447.55,1254107.84,-79660.29,-6.35
2010-04-16,18,1135577.62,1174447.55,-38869.93,-3.31
2010-04-23,18,1132433.55,1135577.62,-3144.07,-0.28
2010-04-30,18,1060446.16,1132433.55,-71987.39,-6.36
2010-05-07,18,1222255.47,1060446.16,161809.31,15.26
2010-05-14,18,1092616.49,1222255.47,-129638.98,-10.61
2010-05-21,18,1101621.36,1092616.49,9004.87,0.82
2010-05-28,18,1256282.79,1101621.36,154661.43,14.04
2010-06-04,18,1271311.76,1256282.79,15028.97,1.2
2010-06-11,18,1173521.82,1271311.76,-97789.94,-7.69
2010-06-18,18,1183225.92,1173521.82,9704.1,0.83
2010-06-25,18,1220983.17,1183225.92,37757.25,3.19
2010-07-02,18,1257928.35,1220983.17,36945.18,3.03
2010-07-09,18,1171391.41,1257928.35,-86536.94,-6.88
2010-07-16,18,1115514.61,1171391.41,-55876.8,-4.77
2010-07-23,18,1032908.23,1115514.61,-82606.38,-7.41
2010-07-30,18,1078557.62,1032908.23,45649.39,4.42
2010-08-06,18,1166117.85,1078557.62,87560.23,8.12
2010-08-13,18,1084722.78,1166117.85,-81395.07,-6.98
2010-08-20,18,1141860.67,1084722.78,57137.89,5.27
2010-08-27,18,1214302.76,1141860.67,72442.09,6.34
2010-09-03,18,1187359.77,1214302.76,-26942.99,-2.22
2010-09-10,18,1011201.12,1187359.77,-176158.65,-14.84
2010-09-17,18,997998.21,1011201.12,-13202.91,-1.31
2010-09-24,18,950862.92,997998.21,-47135.29,-4.72
2010-10-01,18,948977.5,950862.92,-1885.42,-0.2
2010-10-08,18,1107432.71,948977.5,158455.21,16.7
2010-10-15,18,1029618.1,1107432.71,-77814.61,-7.03
2010-10-22,18,1052120.43,1029618.1,22502.33,2.19
2010-10-29,18,1038576.54,1052120.43,-13543.89,-1.29
2010-11-05,18,1089530.94,1038576.54,50954.4,4.91
2010-11-12,18,1081322.12,1089530.94,-8208.82,-0.75
2010-11-19,18,1045722.37,1081322.12,-35599.75,-3.29
2010-11-26,18,1653759.36,1045722.37,608036.99,58.15
2010-12-03,18,1211026.13,1653759.36,-442733.23,-26.77
2010-12-10,18,1416168.98,1211026.13,205142.85,16.94
2010-12-17,18,1588430.71,1416168.98,172261.73,12.16
2010-12-24,18,2027507.15,1588430.71,439076.44,27.64
2010-12-31,18,887907.01,2027507.15,-1139600.14,-56.21
2011-01-07,18,933960.3,887907.01,46053.29,5.19
2011-01-14,18,777175.28,933960.3,-156785.02,-16.79
2011-01-21,18,891148.55,777175.28,113973.27,14.67
2011-01-28,18,849540.85,891148.55,-41607.7,-4.67
2011-02-04,18,1055841.24,849540.85,206300.39,24.28
2011-02-11,18,1122053.58,1055841.24,66212.34,6.27
2011-02-18,18,1095058.57,1122053.58,-26995.01,-2.41
2011-02-25,18,1005983.31,1095058.57,-89075.26,-8.13
2011-03-04,18,1063310.62,1005983.31,57327.31,5.7
2011-03-11,18,1002714.25,1063310.62,-60596.37,-5.7
2011-03-18,18,945889.59,1002714.25,-56824.66,-5.67
2011-03-25,18,944523.3,945889.59,-1366.29,-0.14
2011-04-01,18,938083.17,944523.3,-6440.13,-0.68
2011-04-08,18,1018541.3,938083.17,80458.13,8.58
2011-04-15,18,988157.72,1018541.3,-30383.58,-2.98
2011-04-22,18,1105860.06,988157.72,117702.34,11.91
2011-04-29,18,974114.39,1105860.06,-131745.67,-11.91
2011-05-06,18,1065427.37,974114.39,91312.98,9.37
2011-05-13,18,993172.98,1065427.37,-72254.39,-6.78
2011-05-20,18,994610.43,993172.98,1437.45,0.14
2011-05-27,18,1065214.14,994610.43,70603.71,7.1
2011-06-03,18,1178039.0,1065214.14,112824.86,10.59
2011-06-10,18,1044079.2,1178039.0,-133959.8,-11.37
2011-06-17,18,1045859.39,1044079.2,1780.19,0.17
2011-06-24,18,1056478.65,1045859.39,10619.26,1.02
2011-07-01,18,1087051.26,1056478.65,30572.61,2.89
2011-07-08,18,1048802.62,1087051.26,-38248.64,-3.52
2011-07-15,18,974916.13,1048802.62,-73886.49,-7.04
2011-07-22,18,991262.46,974916.13,16346.33,1.68
2011-07-29,18,954148.64,991262.46,-37113.82,-3.74
2011-08-05,18,1002806.39,954148.64,48657.75,5.1
2011-08-12,18,928470.83,1002806.39,-74335.56,-7.41
2011-08-19,18,932679.79,928470.83,4208.96,0.45
2011-08-26,18,1147906.46,932679.79,215226.67,23.08
2011-09-02,18,540922.94,1147906.46,-606983.52,-52.88
2011-09-09,18,951549.61,540922.94,410626.67,75.91
2011-09-16,18,845715.37,951549.61,-105834.24,-11.12
2011-09-23,18,853073.17,845715.37,7357.8,0.87
2011-09-30,18,847348.08,853073.17,-5725.09,-0.67
2011-10-07,18,1019741.1,847348.08,172393.02,20.35
2011-10-14,18,953533.95,1019741.1,-66207.15,-6.49
2011-10-21,18,1048212.62,953533.95,94678.67,9.93
2011-10-28,18,1106642.63,1048212.62,58430.01,5.57
2011-11-04,18,1100625.06,1106642.63,-6017.57,-0.54
2011-11-11,18,1079931.63,1100625.06,-20693.43,-1.88
2011-11-18,18,1056992.18,1079931.63,-22939.45,-2.12
2011-11-25,18,1624170.99,1056992.18,567178.81,53.66
2011-12-02,18,1188047.61,1624170.99,-436123.38,-26.85
2011-12-09,18,1368471.23,1188047.61,180423.62,15.19
2011-12-16,18,1516924.23,1368471.23,148453.0,10.85
2011-12-23,18,1882393.4,1516924.23,365469.17,24.09
2011-12-30,18,1010562.49,1882393.4,-871830.91,-46.32
2012-01-06,18,977286.07,1010562.49,-33276.42,-3.29
2012-01-13,18,890130.25,977286.07,-87155.82,-8.92
2012-01-20,18,937522.77,890130.25,47392.52,5.32
2012-01-27,18,825584.22,937522.77,-111938.55,-11.94
2012-02-03,18,1049772.04,825584.22,224187.82,27.16
2012-02-10,18,1161615.51,1049772.04,111843.47,10.65
2012-02-17,18,1115985.81,1161615.51,-45629.7,-3.93
2012-02-24,18,1037861.11,1115985.81,-78124.7,-7.0
2012-03-02,18,1047178.91,1037861.11,9317.8,0.9
2012-03-09,18,1084894.47,1047178.91,37715.56,3.6
2012-03-16,18,1022018.43,1084894.47,-62876.04,-5.8
2012-03-23,18,1031139.3,1022018.43,9120.87,0.89
2012-03-30,18,1009121.2,1031139.3,-22018.1,-2.14
2012-04-06,18,1200815.3,1009121.2,191694.1,19.0
2012-04-13,18,998443.5,1200815.3,-202371.8,-16.85
2012-04-20,18,1025813.8,998443.5,27370.3,2.74
2012-04-27,18,961186.23,1025813.8,-64627.57,-6.3
2012-05-04,18,1050027.89,961186.23,88841.66,9.24
2012-05-11,18,1060433.1,1050027.89,10405.21,0.99
2012-05-18,18,1047444.59,1060433.1,-12988.51,-1.22
2012-05-25,18,1088446.58,1047444.59,41001.99,3.91
2012-06-01,18,1118313.7,1088446.58,29867.12,2.74
2012-06-08,18,1110479.94,1118313.7,-7833.76,-0.7
2012-06-15,18,1057425.83,1110479.94,-53054.11,-4.78
2012-06-22,18,1080357.89,1057425.83,22932.06,2.17
2012-06-29,18,1097006.3,1080357.89,16648.41,1.54
2012-07-06,18,1158247.31,1097006.3,61241.01,5.58
2012-07-13,18,1024784.92,1158247.31,-133462.39,-11.52
2012-07-20,18,1033543.56,1024784.92,8758.64,0.85
2012-07-27,18,924506.26,1033543.56,-109037.3,-10.55
2012-08-03,18,1052066.58,924506.26,127560.32,13.8
2012-08-10,18,967304.07,1052066.58,-84762.51,-8.06
2012-08-17,18,1048134.24,967304.07,80830.17,8.36
2012-08-24,18,1145840.91,1048134.24,97706.67,9.32
2012-08-31,18,1117097.23,1145840.91,-28743.68,-2.51
2012-09-07,18,1083521.24,1117097.23,-33575.99,-3.01
2012-09-14,18,960476.1,1083521.24,-123045.14,-11.36
2012-09-21,18,971386.65,960476.1,10910.55,1.14
2012-09-28,18,1002856.2,971386.65,31469.55,3.24
2012-10-05,18,1092204.79,1002856.2,89348.59,8.91
2012-10-12,18,1074079.0,1092204.79,-18125.79,-1.66
2012-10-19,18,1048706.75,1074079.0,-25372.25,-2.36
2012-10-26,18,1127516.25,1048706.75,78809.5,7.51
2010-02-05,19,1507637.17,,,
2010-02-12,19,1536549.95,1507637.17,28912.78,1.92
2010-02-19,19,1515976.11,1536549.95,-20573.84,-1.34
2010-02-26,19,1373270.06,1515976.11,-142706.05,-9.41
2010-03-05,19,1495844.57,1373270.06,122574.51,8.93
2010-03-12,19,1467889.2,1495844.57,-27955.37,-1.87
2010-03-19,19,1332940.35,1467889.2,-134948.85,-9.19
2010-03-26,19,1427023.45,1332940.35,94083.1,7.06
2010-04-02,19,1642970.27,1427023.45,215946.82,15.13
2010-04-09,19,1489613.32,1642970.27,-153356.95,-9.33
2010-04-16,19,1460354.67,1489613.32,-29258.65,-1.96
2010-04-23,19,1456793.33,1460354.67,-3561.34,-0.24
2010-04-30,19,1405065.57,1456793.33,-51727.76,-3.55
2010-05-07,19,1566219.77,1405065.57,161154.2,11.47
2010-05-14,19,1437319.45,1566219.77,-128900.32,-8.23
2010-05-21,19,1377716.17,1437319.45,-59603.28,-4.15
2010-05-28,19,1648882.62,1377716.17,271166.45,19.68
2010-06-04,19,1519013.49,1648882.62,-129869.13,-7.88
2010-06-11,19,1410683.94,1519013.49,-108329.55,-7.13
2010-06-18,19,1457314.39,1410683.94,46630.45,3.31
2010-06-25,19,1450407.32,1457314.39,-6907.07,-0.47
2010-07-02,19,1549018.68,1450407.32,98611.36,6.8
2010-07-09,19,1577541.24,1549018.68,28522.56,1.84
2010-07-16,19,1412157.02,1577541.24,-165384.22,-10.48
2010-07-23,19,1372043.71,1412157.02,-40113.31,-2.84
2010-07-30,19,1366395.96,1372043.71,-5647.75,-0.41
2010-08-06,19,1492060.89,1366395.96,125664.93,9.2
2010-08-13,19,1418027.08,1492060.89,-74033.81,-4.96
2010-08-20,19,1419383.19,1418027.08,1356.11,0.1
2010-08-27,19,1557888.16,1419383.19,138504.97,9.76
2010-09-03,19,1623519.64,1557888.16,65631.48,4.21
2010-09-10,19,1591453.39,1623519.64,-32066.25,-1.98
2010-09-17,19,1386789.31,1591453.39,-204664.08,-12.86
2010-09-24,19,1318343.58,1386789.31,-68445.73,-4.94
2010-10-01,19,1379456.3,1318343.58,61112.72,4.64
2010-10-08,19,1428960.72,1379456.3,49504.42,3.59
2010-10-15,19,1369317.63,1428960.72,-59643.09,-4.17
2010-10-22,19,1357154.71,1369317.63,-12162.92,-0.89
2010-10-29,19,1404576.48,1357154.71,47421.77,3.49
2010-11-05,19,1435379.25,1404576.48,30802.77,2.19
2010-11-12,19,1490235.86,1435379.25,54856.61,3.82
2010-11-19,19,1377593.1,1490235.86,-112642.76,-7.56
2010-11-26,19,1993367.83,1377593.1,615774.73,44.7
2010-12-03,19,1615987.96,1993367.83,-377379.87,-18.93
2010-12-10,19,1799070.98,1615987.96,183083.02,11.33
2010-12-17,19,1911967.44,1799070.98,112896.46,6.28
2010-12-24,19,2678206.42,1911967.44,766238.98,40.08
2010-12-31,19,1275146.94,2678206.42,-1403059.48,-52.39
2011-01-07,19,1224175.99,1275146.94,-50970.95,-4.0
2011-01-14,19,1181204.53,1224175.99,-42971.46,-3.51
2011-01-21,19,1212967.84,1181204.53,31763.31,2.69
2011-01-28,19,1284185.49,1212967.84,71217.65,5.87
2011-02-04,19,1370562.11,1284185.49,86376.62,6.73
2011-02-11,19,1430851.11,1370562.11,60289.0,4.4
2011-02-18,19,1457270.16,1430851.11,26419.05,1.85
2011-02-25,19,1296658.47,1457270.16,-160611.69,-11.02
2011-03-04,19,1433569.44,1296658.47,136910.97,10.56
2011-03-11,19,1351450.43,1433569.44,-82119.01,-5.73
2011-03-18,19,1257972.37,1351450.43,-93478.06,-6.92
2011-03-25,19,1266564.94,1257972.37,8592.57,0.68
2011-04-01,19,1305950.22,1266564.94,39385.28,3.11
2011-04-08,19,1419911.91,1305950.22,113961.69,8.73
2011-04-15,19,1392093.04,1419911.91,-27818.87,-1.96
2011-04-22,19,1514288.82,1392093.04,122195.78,8.78
2011-04-29,19,1297237.7,1514288.82,-217051.12,-14.33
2011-05-06,19,1451953.95,1297237.7,154716.25,11.93
2011-05-13,19,1429143.06,1451953.95,-22810.89,-1.57
2011-05-20,19,1355234.3,1429143.06,-73908.76,-5.17
2011-05-27,19,1388553.11,1355234.3,33318.81,2.46
2011-06-03,19,1457345.75,1388553.11,68792.64,4.95
2011-06-10,19,1467473.63,1457345.75,10127.88,0.69
2011-06-17,19,1418973.62,1467473.63,-48500.01,-3.31
2011-06-24,19,1440785.7,1418973.62,21812.08,1.54
2011-07-01,19,1462731.93,1440785.7,21946.23,1.52
2011-07-08,19,1465489.75,1462731.93,2757.82,0.19
2011-07-15,19,1391580.41,1465489.75,-73909.34,-5.04
2011-07-22,19,1377119.45,1391580.41,-14460.96,-1.04
2011-07-29,19,1298775.8,1377119.45,-78343.65,-5.69
2011-08-05,19,1408968.55,1298775.8,110192.75,8.48
2011-08-12,19,1360969.45,1408968.55,-47999.1,-3.41
2011-08-19,19,1391792.69,1360969.45,30823.24,2.26
2011-08-26,19,1547729.24,1391792.69,155936.55,11.2
2011-09-02,19,1609951.02,1547729.24,62221.78,4.02
2011-09-09,19,1566712.79,1609951.02,-43238.23,-2.69
2011-09-16,19,1365633.53,1566712.79,-201079.26,-12.83
2011-09-23,19,1300375.76,1365633.53,-65257.77,-4.78
2011-09-30,19,1330757.22,1300375.76,30381.46,2.34
2011-10-07,19,1461718.87,1330757.22,130961.65,9.84
2011-10-14,19,1318905.53,1461718.87,-142813.34,-9.77
2011-10-21,19,1374863.1,1318905.53,55957.57,4.24
2011-10-28,19,1396612.36,1374863.1,21749.26,1.58
2011-11-04,19,1480289.64,1396612.36,83677.28,5.99
2011-11-11,19,1502078.93,1480289.64,21789.29,1.47
2011-11-18,19,1411835.57,1502078.93,-90243.36,-6.01
2011-11-25,19,1974646.78,1411835.57,562811.21,39.86
2011-12-02,19,1484708.38,1974646.78,-489938.4,-24.81
2011-12-09,19,1713769.06,1484708.38,229060.68,15.43
2011-12-16,19,1852179.15,1713769.06,138410.09,8.08
2011-12-23,19,2480159.47,1852179.15,627980.32,33.9
2011-12-30,19,1405168.06,2480159.47,-1074991.41,-43.34
2012-01-06,19,1266570.4,1405168.06,-138597.66,-9.86
2012-01-13,19,1182198.7,1266570.4,-84371.7,-6.66
2012-01-20,19,1237104.73,1182198.7,54906.03,4.64
2012-01-27,19,1279623.26,1237104.73,42518.53,3.44
2012-02-03,19,1345311.65,1279623.26,65688.39,5.13
2012-02-10,19,1499496.67,1345311.65,154185.02,11.46
2012-02-17,19,1424720.27,1499496.67,-74776.4,-4.99
2012-02-24,19,1352470.09,1424720.27,-72250.18,-5.07
2012-03-02,19,1308977.05,1352470.09,-43493.04,-3.22
2012-03-09,19,1358816.46,1308977.05,49839.41,3.81
2012-03-16,19,1312849.1,1358816.46,-45967.36,-3.38
2012-03-23,19,1342254.55,1312849.1,29405.45,2.24
2012-03-30,19,1327139.35,1342254.55,-15115.2,-1.13
2012-04-06,19,1631737.68,1327139.35,304598.33,22.95
2012-04-13,19,1365098.46,1631737.68,-266639.22,-16.34
2012-04-20,19,1255087.26,1365098.46,-110011.2,-8.06
2012-04-27,19,1285897.24,1255087.26,30809.98,2.45
2012-05-04,19,1405007.44,1285897.24,119110.2,9.26
2012-05-11,19,1442873.22,1405007.44,37865.78,2.7
2012-05-18,19,1366937.1,1442873.22,-75936.12,-5.26
2012-05-25,19,1485540.28,1366937.1,118603.18,8.68
2012-06-01,19,1450733.29,1485540.28,-34806.99,-2.34
2012-06-08,19,1390122.11,1450733.29,-60611.18,-4.18
2012-06-15,19,1440263.15,1390122.11,50141.04,3.61
2012-06-22,19,1468350.36,1440263.15,28087.21,1.95
2012-06-29,19,1379652.65,1468350.36,-88697.71,-6.04
2012-07-06,19,1557120.44,1379652.65,177467.79,12.86
2012-07-13,19,1321741.35,1557120.44,-235379.09,-15.12
2012-07-20,19,1317672.92,1321741.35,-4068.43,-0.31
2012-07-27,19,1248915.43,1317672.92,-68757.49,-5.22
2012-08-03,19,1342123.78,1248915.43,93208.35,7.46
2012-08-10,19,1408907.89,1342123.78,66784.11,4.98
2012-08-17,19,1375101.26,1408907.89,-33806.63,-2.4
2012-08-24,19,1544653.37,1375101.26,169552.11,12.33
2012-08-31,19,1542719.87,1544653.37,-1933.5,-0.13
2012-09-07,19,1497073.82,1542719.87,-45646.05,-2.96
2012-09-14,19,1370653.41,1497073.82,-126420.41,-8.44
2012-09-21,19,1338572.29,1370653.41,-32081.12,-2.34
2012-09-28,19,1338299.02,1338572.29,-273.27,-0.02
2012-10-05,19,1408016.1,1338299.02,69717.08,5.21
2012-10-12,19,1352809.5,1408016.1,-55206.6,-3.92
2012-10-19,19,1321102.35,1352809.5,-31707.15,-2.34
2012-10-26,19,1322117.96,1321102.35,1015.61,0.08
2010-02-05,20,2401395.47,,,
2010-02-12,20,2109107.9,2401395.47,-292287.57,-12.17
2010-02-19,20,2161549.76,2109107.9,52441.86,2.49
2010-02-26,20,1898193.95,2161549.76,-263355.81,-12.18
2010-03-05,20,2119213.72,1898193.95,221019.77,11.64
2010-03-12,20,2010974.84,2119213.72,-108238.88,-5.11
2010-03-19,20,1951848.43,2010974.84,-59126.41,-2.94
2010-03-26,20,1894742.95,1951848.43,-57105.48,-2.93
2010-04-02,20,2405395.22,1894742.95,510652.27,26.95
2010-04-09,20,2007796.26,2405395.22,-397598.96,-16.53
2010-04-16,20,1985784.59,2007796.26,-22011.67,-1.1
2010-04-23,20,1878862.42,1985784.59,-106922.17,-5.38
2010-04-30,20,1919053.21,1878862.42,40190.79,2.14
2010-05-07,20,2137202.38,1919053.21,218149.17,11.37
2010-05-14,20,2033211.62,2137202.38,-103990.76,-4.87
2010-05-21,20,1893736.9,2033211.62,-139474.72,-6.86
2010-05-28,20,2065984.95,1893736.9,172248.05,9.1
2010-06-04,20,2203619.35,2065984.95,137634.4,6.66
2010-06-11,20,2100489.79,2203619.35,-103129.56,-4.68
2010-06-18,20,2091903.63,2100489.79,-8586.16,-0.41
2010-06-25,20,1973135.87,2091903.63,-118767.76,-5.68
2010-07-02,20,2143676.77,1973135.87,170540.9,8.64
2010-07-09,20,2107285.85,2143676.77,-36390.92,-1.7
2010-07-16,20,2031852.16,2107285.85,-75433.69,-3.58
2010-07-23,20,1900535.9,2031852.16,-131316.26,-6.46
2010-07-30,20,1955896.59,1900535.9,55360.69,2.91
2010-08-06,20,1910177.38,1955896.59,-45719.21,-2.34
2010-08-13,20,2071022.45,1910177.38,160845.07,8.42
2010-08-20,20,1975374.56,2071022.45,-95647.89,-4.62
2010-08-27,20,1946369.57,1975374.56,-29004.99,-1.47
2010-09-03,20,2121561.41,1946369.57,175191.84,9.0
2010-09-10,20,2014954.79,2121561.41,-106606.62,-5.02
2010-09-17,20,1948359.78,2014954.79,-66595.01,-3.31
2010-09-24,20,1789687.65,1948359.78,-158672.13,-8.14
2010-10-01,20,1933719.21,1789687.65,144031.56,8.05
2010-10-08,20,2060389.27,1933719.21,126670.06,6.55
2010-10-15,20,1950676.39,2060389.27,-109712.88,-5.32
2010-10-22,20,1893955.27,1950676.39,-56721.12,-2.91
2010-10-29,20,1891816.0,1893955.27,-2139.27,-0.11
2010-11-05,20,2184316.64,1891816.0,292500.64,15.46
2010-11-12,20,2187765.28,2184316.64,3448.64,0.16
2010-11-19,20,2105058.91,2187765.28,-82706.37,-3.78
2010-11-26,20,2811634.04,2105058.91,706575.13,33.57
2010-12-03,20,2416051.17,2811634.04,-395582.87,-14.07
2010-12-10,20,2752122.08,2416051.17,336070.91,13.91
2010-12-17,20,2819193.17,2752122.08,67071.09,2.44
2010-12-24,20,3766687.43,2819193.17,947494.26,33.61
2010-12-31,20,1799737.79,3766687.43,-1966949.64,-52.22
2011-01-07,20,1843030.95,1799737.79,43293.16,2.41
2011-01-14,20,1884345.01,1843030.95,41314.06,2.24
2011-01-21,20,1781805.66,1884345.01,-102539.35,-5.44
2011-01-28,20,1761506.68,1781805.66,-20298.98,-1.14
2011-02-04,20,2351143.07,1761506.68,589636.39,33.47
2011-02-11,20,2211388.14,2351143.07,-139754.93,-5.94
2011-02-18,20,2258616.24,2211388.14,47228.1,2.14
2011-02-25,20,1938608.52,2258616.24,-320007.72,-14.17
2011-03-04,20,2143424.61,1938608.52,204816.09,10.57
2011-03-11,20,1990932.77,2143424.61,-152491.84,-7.11
2011-03-18,20,1931668.64,1990932.77,-59264.13,-2.98
2011-03-25,20,1824711.21,1931668.64,-106957.43,-5.54
2011-04-01,20,1927993.09,1824711.21,103281.88,5.66
2011-04-08,20,2027056.39,1927993.09,99063.3,5.14
2011-04-15,20,2057406.33,2027056.39,30349.94,1.5
2011-04-22,20,2313861.81,2057406.33,256455.48,12.46
2011-04-29,20,1881788.19,2313861.81,-432073.62,-18.67
2011-05-06,20,2090838.44,1881788.19,209050.25,11.11
2011-05-13,20,2036748.53,2090838.44,-54089.91,-2.59
2011-05-20,20,1953416.06,2036748.53,-83332.47,-4.09
2011-05-27,20,1944433.17,1953416.06,-8982.89,-0.46
2011-06-03,20,2182246.69,1944433.17,237813.52,12.23
2011-06-10,20,2135062.04,2182246.69,-47184.65,-2.16
2011-06-17,20,2065191.27,2135062.04,-69870.77,-3.27
2011-06-24,20,1950826.32,2065191.27,-114364.95,-5.54
2011-07-01,20,2053165.41,1950826.32,102339.09,5.25
2011-07-08,20,2123787.79,2053165.41,70622.38,3.44
2011-07-15,20,2039875.75,2123787.79,-83912.04,-3.95
2011-07-22,20,1950904.84,2039875.75,-88970.91,-4.36
2011-07-29,20,1858440.92,1950904.84,-92463.92,-4.74
2011-08-05,20,2189353.63,1858440.92,330912.71,17.81
2011-08-12,20,2052246.4,2189353.63,-137107.23,-6.26
2011-08-19,20,1990017.93,2052246.4,-62228.47,-3.03
2011-08-26,20,1933577.2,1990017.93,-56440.73,-2.84
2011-09-02,20,2141765.98,1933577.2,208188.78,10.77
2011-09-09,20,2050542.56,2141765.98,-91223.42,-4.26
2011-09-16,20,1979009.46,2050542.56,-71533.1,-3.49
2011-09-23,20,1888119.7,1979009.46,-90889.76,-4.59
2011-09-30,20,1945808.26,1888119.7,57688.56,3.06
2011-10-07,20,2135982.79,1945808.26,190174.53,9.77
2011-10-14,20,2010107.68,2135982.79,-125875.11,-5.89
2011-10-21,20,2104241.9,2010107.68,94134.22,4.68
2011-10-28,20,2065421.52,2104241.9,-38820.38,-1.84
2011-11-04,20,2284106.6,2065421.52,218685.08,10.59
2011-11-11,20,2269975.85,2284106.6,-14130.75,-0.62
2011-11-18,20,2169933.82,2269975.85,-100042.03,-4.41
2011-11-25,20,2906233.25,2169933.82,736299.43,33.93
2011-12-02,20,2298776.83,2906233.25,-607456.42,-20.9
2011-12-09,20,2546123.78,2298776.83,247346.95,10.76
2011-12-16,20,2762816.65,2546123.78,216692.87,8.51
2011-12-23,20,3555371.03,2762816.65,792554.38,28.69
2011-12-30,20,2043245.0,3555371.03,-1512126.03,-42.53
2012-01-06,20,1964701.94,2043245.0,-78543.06,-3.84
2012-01-13,20,1911510.64,1964701.94,-53191.3,-2.71
2012-01-20,20,1892775.94,1911510.64,-18734.7,-0.98
2012-01-27,20,1761016.51,1892775.94,-131759.43,-6.96
2012-02-03,20,2203523.2,1761016.51,442506.69,25.13
2012-02-10,20,2462978.28,2203523.2,259455.08,11.77
2012-02-17,20,2309025.16,2462978.28,-153953.12,-6.25
2012-02-24,20,2045837.55,2309025.16,-263187.61,-11.4
2012-03-02,20,2148822.76,2045837.55,102985.21,5.03
2012-03-09,20,2139265.4,2148822.76,-9557.36,-0.44
2012-03-16,20,2064991.71,2139265.4,-74273.69,-3.47
2012-03-23,20,1992436.96,2064991.71,-72554.75,-3.51
2012-03-30,20,2074721.74,1992436.96,82284.78,4.13
2012-04-06,20,2565259.92,2074721.74,490538.18,23.64
2012-04-13,20,2045396.06,2565259.92,-519863.86,-20.27
2012-04-20,20,1884427.84,2045396.06,-160968.22,-7.87
2012-04-27,20,1886503.93,1884427.84,2076.09,0.11
2012-05-04,20,2163510.89,1886503.93,277006.96,14.68
2012-05-11,20,2168097.11,2163510.89,4586.22,0.21
2012-05-18,20,2039222.26,2168097.11,-128874.85,-5.94
2012-05-25,20,2114989.0,2039222.26,75766.74,3.72
2012-06-01,20,2143126.59,2114989.0,28137.59,1.33
2012-06-08,20,2231962.13,2143126.59,88835.54,4.15
2012-06-15,20,2165160.29,2231962.13,-66801.84,-2.99
2012-06-22,20,2060588.69,2165160.29,-104571.6,-4.83
2012-06-29,20,2055952.61,2060588.69,-4636.08,-0.22
2012-07-06,20,2358055.3,2055952.61,302102.69,14.69
2012-07-13,20,2134680.12,2358055.3,-223375.18,-9.47
2012-07-20,20,1970170.29,2134680.12,-164509.83,-7.71
2012-07-27,20,1911559.1,1970170.29,-58611.19,-2.97
2012-08-03,20,2094515.71,1911559.1,182956.61,9.57
2012-08-10,20,2144245.39,2094515.71,49729.68,2.37
2012-08-17,20,2045061.22,2144245.39,-99184.17,-4.63
2012-08-24,20,2005341.43,2045061.22,-39719.79,-1.94
2012-08-31,20,2062481.56,2005341.43,57140.13,2.85
2012-09-07,20,2080529.06,2062481.56,18047.5,0.88
2012-09-14,20,2047949.98,2080529.06,-32579.08,-1.57
2012-09-21,20,2028587.24,2047949.98,-19362.74,-0.95
2012-09-28,20,2008350.58,2028587.24,-20236.66,-1.0
2012-10-05,20,2246411.89,2008350.58,238061.31,11.85
2012-10-12,20,2162951.36,2246411.89,-83460.53,-3.72
2012-10-19,20,1999363.49,2162951.36,-163587.87,-7.56
2012-10-26,20,2031650.55,1999363.49,32287.06,1.61
2010-02-05,21,798593.88,,,
2010-02-12,21,809321.44,798593.88,10727.56,1.34
2010-02-19,21,867283.25,809321.44,57961.81,7.16
2010-02-26,21,749597.24,867283.25,-117686.01,-13.57
2010-03-05,21,747444.32,749597.24,-2152.92,-0.29
2010-03-12,21,712312.89,747444.32,-35131.43,-4.7
2010-03-19,21,727070.0,712312.89,14757.11,2.07
2010-03-26,21,686497.53,727070.0,-40572.47,-5.58
2010-04-02,21,753664.12,686497.53,67166.59,9.78
2010-04-09,21,751181.4,753664.12,-2482.72,-0.33
2010-04-16,21,716026.51,751181.4,-35154.89,-4.68
2010-04-23,21,718780.59,716026.51,2754.08,0.38
2010-04-30,21,680532.69,718780.59,-38247.9,-5.32
2010-05-07,21,744969.42,680532.69,64436.73,9.47
2010-05-14,21,723559.88,744969.42,-21409.54,-2.87
2010-05-21,21,753361.72,723559.88,29801.84,4.12
2010-05-28,21,755214.26,753361.72,1852.54,0.25
2010-06-04,21,806012.48,755214.26,50798.22,6.73
2010-06-11,21,784305.55,806012.48,-21706.93,-2.69
2010-06-18,21,785104.29,784305.55,798.74,0.1
2010-06-25,21,769848.75,785104.29,-15255.54,-1.94
2010-07-02,21,711470.8,769848.75,-58377.95,-7.58
2010-07-09,21,714677.47,711470.8,3206.67,0.45
2010-07-16,21,755098.41,714677.47,40420.94,5.66
2010-07-23,21,765823.48,755098.41,10725.07,1.42
2010-07-30,21,715876.27,765823.48,-49947.21,-6.52
2010-08-06,21,739279.19,715876.27,23402.92,3.27
2010-08-13,21,793589.18,739279.19,54309.99,7.35
2010-08-20,21,848873.28,793589.18,55284.1,6.97
2010-08-27,21,855882.57,848873.28,7009.29,0.83
2010-09-03,21,727772.8,855882.57,-128109.77,-14.97
2010-09-10,21,674055.81,727772.8,-53716.99,-7.38
2010-09-17,21,684340.86,674055.81,10285.05,1.53
2010-09-24,21,671688.06,684340.86,-12652.8,-1.85
2010-10-01,21,677158.39,671688.06,5470.33,0.81
2010-10-08,21,680579.49,677158.39,3421.1,0.51
2010-10-15,21,693412.05,680579.49,12832.56,1.89
2010-10-22,21,710668.45,693412.05,17256.4,2.49
2010-10-29,21,731756.65,710668.45,21088.2,2.97
2010-11-05,21,719888.76,731756.65,-11867.89,-1.62
2010-11-12,21,735796.38,719888.76,15907.62,2.21
2010-11-19,21,756288.89,735796.38,20492.51,2.79
2010-11-26,21,1245628.61,756288.89,489339.72,64.7
2010-12-03,21,829210.73,1245628.61,-416417.88,-33.43
2010-12-10,21,943891.64,829210.73,114680.91,13.83
2010-12-17,21,1147556.83,943891.64,203665.19,21.58
2010-12-24,21,1587257.78,1147556.83,439700.95,38.32
2010-12-31,21,672903.23,1587257.78,-914354.55,-57.61
2011-01-07,21,629152.06,672903.23,-43751.17,-6.5
2011-01-14,21,650789.13,629152.06,21637.07,3.44
2011-01-21,21,663941.73,650789.13,13152.6,2.02
2011-01-28,21,649878.29,663941.73,-14063.44,-2.12
2011-02-04,21,596218.24,649878.29,-53660.05,-8.26
2011-02-11,21,771908.51,596218.24,175690.27,29.47
2011-02-18,21,884701.92,771908.51,112793.41,14.61
2011-02-25,21,768313.85,884701.92,-116388.07,-13.16
2011-03-04,21,796277.72,768313.85,27963.87,3.64
2011-03-11,21,763479.9,796277.72,-32797.82,-4.12
2011-03-18,21,793569.0,763479.9,30089.1,3.94
2011-03-25,21,753711.32,793569.0,-39857.68,-5.02
2011-04-01,21,732056.37,753711.32,-21654.95,-2.87
2011-04-08,21,744782.89,732056.37,12726.52,1.74
2011-04-15,21,768390.05,744782.89,23607.16,3.17
2011-04-22,21,801302.01,768390.05,32911.96,4.28
2011-04-29,21,783250.75,801302.01,-18051.26,-2.25
2011-05-06,21,718898.33,783250.75,-64352.42,-8.22
2011-05-13,21,754236.7,718898.33,35338.37,4.92
2011-05-20,21,744836.56,754236.7,-9400.14,-1.25
2011-05-27,21,744389.81,744836.56,-446.75,-0.06
2011-06-03,21,773878.58,744389.81,29488.77,3.96
2011-06-10,21,794397.89,773878.58,20519.31,2.65
2011-06-17,21,823220.43,794397.89,28822.54,3.63
2011-06-24,21,771298.98,823220.43,-51921.45,-6.31
2011-07-01,21,784639.12,771298.98,13340.14,1.73
2011-07-08,21,734099.4,784639.12,-50539.72,-6.44
2011-07-15,21,728311.15,734099.4,-5788.25,-0.79
2011-07-22,21,784490.67,728311.15,56179.52,7.71
2011-07-29,21,751167.12,784490.67,-33323.55,-4.25
2011-08-05,21,783614.89,751167.12,32447.77,4.32
2011-08-12,21,776933.37,783614.89,-6681.52,-0.85
2011-08-19,21,855546.5,776933.37,78613.13,10.12
2011-08-26,21,821127.53,855546.5,-34418.97,-4.02
2011-09-02,21,705557.8,821127.53,-115569.73,-14.07
2011-09-09,21,653989.65,705557.8,-51568.15,-7.31
2011-09-16,21,653525.84,653989.65,-463.81,-0.07
2011-09-23,21,681913.29,653525.84,28387.45,4.34
2011-09-30,21,651970.48,681913.29,-29942.81,-4.39
2011-10-07,21,663452.46,651970.48,11481.98,1.76
2011-10-14,21,671379.44,663452.46,7926.98,1.19
2011-10-21,21,729036.06,671379.44,57656.62,8.59
2011-10-28,21,738812.0,729036.06,9775.94,1.34
2011-11-04,21,767358.37,738812.0,28546.37,3.86
2011-11-11,21,757369.87,767358.37,-9988.5,-1.3
2011-11-18,21,737014.09,757369.87,-20355.78,-2.69
2011-11-25,21,1219263.4,737014.09,482249.31,65.43
2011-12-02,21,793184.25,1219263.4,-426079.15,-34.95
2011-12-09,21,897747.13,793184.25,104562.88,13.18
2011-12-16,21,1027584.51,897747.13,129837.38,14.46
2011-12-23,21,1384552.17,1027584.51,356967.66,34.74
2011-12-30,21,804362.36,1384552.17,-580189.81,-41.9
2012-01-06,21,640181.86,804362.36,-164180.5,-20.41
2012-01-13,21,631181.25,640181.86,-9000.61,-1.41
2012-01-20,21,651178.2,631181.25,19996.95,3.17
2012-01-27,21,611258.71,651178.2,-39919.49,-6.13
2012-02-03,21,680725.43,611258.71,69466.72,11.36
2012-02-10,21,770652.79,680725.43,89927.36,13.21
2012-02-17,21,834663.52,770652.79,64010.73,8.31
2012-02-24,21,747099.07,834663.52,-87564.45,-10.49
2012-03-02,21,764385.4,747099.07,17286.33,2.31
2012-03-09,21,755084.4,764385.4,-9301.0,-1.22
2012-03-16,21,767338.32,755084.4,12253.92,1.62
2012-03-23,21,729759.97,767338.32,-37578.35,-4.9
2012-03-30,21,724798.76,729759.97,-4961.21,-0.68
2012-04-06,21,761956.58,724798.76,37157.82,5.13
2012-04-13,21,769319.04,761956.58,7362.46,0.97
2012-04-20,21,734858.91,769319.04,-34460.13,-4.48
2012-04-27,21,674829.58,734858.91,-60029.33,-8.17
2012-05-04,21,697645.32,674829.58,22815.74,3.38
2012-05-11,21,649945.54,697645.32,-47699.78,-6.84
2012-05-18,21,700554.16,649945.54,50608.62,7.79
2012-05-25,21,722891.24,700554.16,22337.08,3.19
2012-06-01,21,695439.83,722891.24,-27451.41,-3.8
2012-06-08,21,707895.72,695439.83,12455.89,1.79
2012-06-15,21,727049.04,707895.72,19153.32,2.71
2012-06-22,21,735870.0,727049.04,8820.96,1.21
2012-06-29,21,716341.39,735870.0,-19528.61,-2.65
2012-07-06,21,693013.59,716341.39,-23327.8,-3.26
2012-07-13,21,668132.36,693013.59,-24881.23,-3.59
2012-07-20,21,691200.33,668132.36,23067.97,3.45
2012-07-27,21,677789.14,691200.33,-13411.19,-1.94
2012-08-03,21,693785.85,677789.14,15996.71,2.36
2012-08-10,21,700272.01,693785.85,6486.16,0.93
2012-08-17,21,751963.81,700272.01,51691.8,7.38
2012-08-24,21,802003.61,751963.81,50039.8,6.65
2012-08-31,21,763867.59,802003.61,-38136.02,-4.76
2012-09-07,21,642827.29,763867.59,-121040.3,-15.85
2012-09-14,21,628494.63,642827.29,-14332.66,-2.23
2012-09-21,21,667151.46,628494.63,38656.83,6.15
2012-09-28,21,647097.65,667151.46,-20053.81,-3.01
2012-10-05,21,651768.91,647097.65,4671.26,0.72
2012-10-12,21,653043.44,651768.91,1274.53,0.2
2012-10-19,21,641368.14,653043.44,-11675.3,-1.79
2012-10-26,21,675202.87,641368.14,33834.73,5.28
2010-02-05,22,1033017.37,,,
2010-02-12,22,1022571.25,1033017.37,-10446.12,-1.01
2010-02-19,22,988467.61,1022571.25,-34103.64,-3.34
2010-02-26,22,899761.48,988467.61,-88706.13,-8.97
2010-03-05,22,1009201.24,899761.48,109439.76,12.16
2010-03-12,22,967187.37,1009201.24,-42013.87,-4.16
2010-03-19,22,966145.09,967187.37,-1042.28,-0.11
2010-03-26,22,1012075.12,966145.09,45930.03,4.75
2010-04-02,22,1177340.99,1012075.12,165265.87,16.33
2010-04-09,22,1033171.07,1177340.99,-144169.92,-12.25
2010-04-16,22,1000968.67,1033171.07,-32202.4,-3.12
2010-04-23,22,969594.47,1000968.67,-31374.2,-3.13
2010-04-30,22,977683.06,969594.47,8088.59,0.83
2010-05-07,22,1052973.28,977683.06,75290.22,7.7
2010-05-14,22,973585.33,1052973.28,-79387.95,-7.54
2010-05-21,22,979977.89,973585.33,6392.56,0.66
2010-05-28,22,1103740.4,979977.89,123762.51,12.63
2010-06-04,22,1095539.13,1103740.4,-8201.27,-0.74
2010-06-11,22,1061196.47,1095539.13,-34342.66,-3.13
2010-06-18,22,1052895.25,1061196.47,-8301.22,-0.78
2010-06-25,22,1095020.33,1052895.25,42125.08,4.0
2010-07-02,22,1120259.71,1095020.33,25239.38,2.3
2010-07-09,22,1092654.26,1120259.71,-27605.45,-2.46
2010-07-16,22,988392.99,1092654.26,-104261.27,-9.54
2010-07-23,22,974123.2,988392.99,-14269.79,-1.44
2010-07-30,22,970773.64,974123.2,-3349.56,-0.34
2010-08-06,22,1010326.14,970773.64,39552.5,4.07
2010-08-13,22,993097.43,1010326.14,-17228.71,-1.71
2010-08-20,22,1017045.44,993097.43,23948.01,2.41
2010-08-27,22,1081420.96,1017045.44,64375.52,6.33
2010-09-03,22,1074535.88,1081420.96,-6885.08,-0.64
2010-09-10,22,924174.4,1074535.88,-150361.48,-13.99
2010-09-17,22,918285.97,924174.4,-5888.43,-0.64
2010-09-24,22,902779.25,918285.97,-15506.72,-1.69
2010-10-01,22,905987.17,902779.25,3207.92,0.36
2010-10-08,22,1015051.62,905987.17,109064.45,12.04
2010-10-15,22,954401.46,1015051.62,-60650.16,-5.98
2010-10-22,22,960998.52,954401.46,6597.06,0.69
2010-10-29,22,1025766.27,960998.52,64767.75,6.74
2010-11-05,22,1006888.16,1025766.27,-18878.11,-1.84
2010-11-12,22,1043698.64,1006888.16,36810.48,3.66
2010-11-19,22,985896.44,1043698.64,-57802.2,-5.54
2010-11-26,22,1564502.26,985896.44,578605.82,58.69
2010-12-03,22,1230514.58,1564502.26,-333987.68,-21.35
2010-12-10,22,1367202.84,1230514.58,136688.26,11.11
2010-12-17,22,1527682.99,1367202.84,160480.15,11.74
2010-12-24,22,1962445.04,1527682.99,434762.05,28.46
2010-12-31,22,774262.28,1962445.04,-1188182.76,-60.55
2011-01-07,22,873954.7,774262.28,99692.42,12.88
2011-01-14,22,807535.52,873954.7,-66419.18,-7.6
2011-01-21,22,855001.02,807535.52,47465.5,5.88
2011-01-28,22,799369.15,855001.02,-55631.87,-6.51
2011-02-04,22,946060.98,799369.15,146691.83,18.35
2011-02-11,22,1009206.33,946060.98,63145.35,6.67
2011-02-18,22,975964.86,1009206.33,-33241.47,-3.29
2011-02-25,22,911245.43,975964.86,-64719.43,-6.63
2011-03-04,22,997353.15,911245.43,86107.72,9.45
2011-03-11,22,944587.23,997353.15,-52765.92,-5.29
2011-03-18,22,926427.12,944587.23,-18160.11,-1.92
2011-03-25,22,933528.39,926427.12,7101.27,0.77
2011-04-01,22,951588.37,933528.39,18059.98,1.93
2011-04-08,22,969046.69,951588.37,17458.32,1.83
2011-04-15,22,1008557.04,969046.69,39510.35,4.08
2011-04-22,22,1152781.9,1008557.04,144224.86,14.3
2011-04-29,22,926133.8,1152781.9,-226648.1,-19.66
2011-05-06,22,1032076.06,926133.8,105942.26,11.44
2011-05-13,22,1001558.74,1032076.06,-30517.32,-2.96
2011-05-20,22,970307.83,1001558.74,-31250.91,-3.12
2011-05-27,22,1021568.34,970307.83,51260.51,5.28
2011-06-03,22,1125169.92,1021568.34,103601.58,10.14
2011-06-10,22,1060868.49,1125169.92,-64301.43,-5.71
2011-06-17,22,1042454.61,1060868.49,-18413.88,-1.74
2011-06-24,22,1012584.2,1042454.61,-29870.41,-2.87
2011-07-01,22,1077491.68,1012584.2,64907.48,6.41
2011-07-08,22,1017050.65,1077491.68,-60441.03,-5.61
2011-07-15,22,961953.57,1017050.65,-55097.08,-5.42
2011-07-22,22,964683.8,961953.57,2730.23,0.28
2011-07-29,22,944958.69,964683.8,-19725.11,-2.04
2011-08-05,22,983232.96,944958.69,38274.27,4.05
2011-08-12,22,991779.2,983232.96,8546.24,0.87
2011-08-19,22,973004.91,991779.2,-18774.29,-1.89
2011-08-26,22,1181815.31,973004.91,208810.4,21.46
2011-09-02,22,912762.76,1181815.31,-269052.55,-22.77
2011-09-09,22,1004434.54,912762.76,91671.78,10.04
2011-09-16,22,937420.65,1004434.54,-67013.89,-6.67
2011-09-23,22,899834.75,937420.65,-37585.9,-4.01
2011-09-30,22,953314.16,899834.75,53479.41,5.94
2011-10-07,22,993436.67,953314.16,40122.51,4.21
2011-10-14,22,944337.32,993436.67,-49099.35,-4.94
2011-10-21,22,981567.22,944337.32,37229.9,3.94
2011-10-28,22,1099351.68,981567.22,117784.46,12.0
2011-11-04,22,1106575.59,1099351.68,7223.91,0.66
2011-11-11,22,1051740.29,1106575.59,-54835.3,-4.96
2011-11-18,22,1007579.44,1051740.29,-44160.85,-4.2
2011-11-25,22,1535857.49,1007579.44,528278.05,52.43
2011-12-02,22,1167621.14,1535857.49,-368236.35,-23.98
2011-12-09,22,1308967.44,1167621.14,141346.3,12.11
2011-12-16,22,1453153.33,1308967.44,144185.89,11.02
2011-12-23,22,1863195.68,1453153.33,410042.35,28.22
2011-12-30,22,982661.14,1863195.68,-880534.54,-47.26
2012-01-06,22,895358.2,982661.14,-87302.94,-8.88
2012-01-13,22,855437.57,895358.2,-39920.63,-4.46
2012-01-20,22,897027.44,855437.57,41589.87,4.86
2012-01-27,22,786459.23,897027.44,-110568.21,-12.33
2012-02-03,22,958487.75,786459.23,172028.52,21.87
2012-02-10,22,1034448.07,958487.75,75960.32,7.93
2012-02-17,22,1004749.41,1034448.07,-29698.66,-2.87
2012-02-24,22,912958.95,1004749.41,-91790.46,-9.14
2012-03-02,22,974866.65,912958.95,61907.7,6.78
2012-03-09,22,991127.01,974866.65,16260.36,1.67
2012-03-16,22,966780.01,991127.01,-24347.0,-2.46
2012-03-23,22,992774.4,966780.01,25994.39,2.69
2012-03-30,22,965769.93,992774.4,-27004.47,-2.72
2012-04-06,22,1197489.66,965769.93,231719.73,23.99
2012-04-13,22,939118.24,1197489.66,-258371.42,-21.58
2012-04-20,22,1000342.87,939118.24,61224.63,6.52
2012-04-27,22,922539.94,1000342.87,-77802.93,-7.78
2012-05-04,22,1005083.31,922539.94,82543.37,8.95
2012-05-11,22,997868.63,1005083.31,-7214.68,-0.72
2012-05-18,22,986612.02,997868.63,-11256.61,-1.13
2012-05-25,22,1047297.38,986612.02,60685.36,6.15
2012-06-01,22,1102857.37,1047297.38,55559.99,5.31
2012-06-08,22,1061134.37,1102857.37,-41723.0,-3.78
2012-06-15,22,1061219.19,1061134.37,84.82,0.01
2012-06-22,22,1112449.3,1061219.19,51230.11,4.83
2012-06-29,22,1053881.78,1112449.3,-58567.52,-5.26
2012-07-06,22,1097786.14,1053881.78,43904.36,4.17
2012-07-13,22,971361.38,1097786.14,-126424.76,-11.52
2012-07-20,22,991969.37,971361.38,20607.99,2.12
2012-07-27,22,925731.21,991969.37,-66238.16,-6.68
2012-08-03,22,1007257.83,925731.21,81526.62,8.81
2012-08-10,22,973812.79,1007257.83,-33445.04,-3.32
2012-08-17,22,981273.26,973812.79,7460.47,0.77
2012-08-24,22,1060906.75,981273.26,79633.49,8.12
2012-08-31,22,1022270.86,1060906.75,-38635.89,-3.64
2012-09-07,22,996628.8,1022270.86,-25642.06,-2.51
2012-09-14,22,918049.28,996628.8,-78579.52,-7.88
2012-09-21,22,921612.53,918049.28,3563.25,0.39
2012-09-28,22,976479.51,921612.53,54866.98,5.95
2012-10-05,22,1009887.36,976479.51,33407.85,3.42
2012-10-12,22,1004039.84,1009887.36,-5847.52,-0.58
2012-10-19,22,978027.95,1004039.84,-26011.89,-2.59
2012-10-26,22,1094422.69,978027.95,116394.74,11.9
2010-02-05,23,1364721.58,,,
2010-02-12,23,1380892.08,1364721.58,16170.5,1.18
2010-02-19,23,1319588.04,1380892.08,-61304.04,-4.44
2010-02-26,23,1198709.65,1319588.04,-120878.39,-9.16
2010-03-05,23,1311175.93,1198709.65,112466.28,9.38
2010-03-12,23,1408082.96,1311175.93,96907.03,7.39
2010-03-19,23,1229008.32,1408082.96,-179074.64,-12.72
2010-03-26,23,1310701.8,1229008.32,81693.48,6.65
2010-04-02,23,1556627.62,1310701.8,245925.82,18.76
2010-04-09,23,1264434.7,1556627.62,-292192.92,-18.77
2010-04-16,23,1288823.72,1264434.7,24389.02,1.93
2010-04-23,23,1315023.08,1288823.72,26199.36,2.03
2010-04-30,23,1259414.52,1315023.08,-55608.56,-4.23
2010-05-07,23,1365552.28,1259414.52,106137.76,8.43
2010-05-14,23,1303055.09,1365552.28,-62497.19,-4.58
2010-05-21,23,1327424.28,1303055.09,24369.19,1.87
2010-05-28,23,1571158.56,1327424.28,243734.28,18.36
2010-06-04,23,1514435.51,1571158.56,-56723.05,-3.61
2010-06-11,23,1439432.06,1514435.51,-75003.45,-4.95
2010-06-18,23,1507708.93,1439432.06,68276.87,4.74
2010-06-25,23,1415204.88,1507708.93,-92504.05,-6.14
2010-07-02,23,1549113.18,1415204.88,133908.3,9.46
2010-07-09,23,1417535.78,1549113.18,-131577.4,-8.49
2010-07-16,23,1413124.11,1417535.78,-4411.67,-0.31
2010-07-23,23,1333634.45,1413124.11,-79489.66,-5.63
2010-07-30,23,1319773.55,1333634.45,-13860.9,-1.04
2010-08-06,23,1417013.07,1319773.55,97239.52,7.37
2010-08-13,23,1346345.97,1417013.07,-70667.1,-4.99
2010-08-20,23,1439901.05,1346345.97,93555.08,6.95
2010-08-27,23,1584623.36,1439901.05,144722.31,10.05
2010-09-03,23,1405119.23,1584623.36,-179504.13,-11.33
2010-09-10,23,1272842.85,1405119.23,-132276.38,-9.41
2010-09-17,23,1159132.58,1272842.85,-113710.27,-8.93
2010-09-24,23,1099055.65,1159132.58,-60076.93,-5.18
2010-10-01,23,1129909.44,1099055.65,30853.79,2.81
2010-10-08,23,1179851.68,1129909.44,49942.24,4.42
2010-10-15,23,1119809.71,1179851.68,-60041.97,-5.09
2010-10-22,23,1147503.92,1119809.71,27694.21,2.47
2010-10-29,23,1112871.23,1147503.92,-34632.69,-3.02
2010-11-05,23,1203119.96,1112871.23,90248.73,8.11
2010-11-12,23,1387953.75,1203119.96,184833.79,15.36
2010-11-19,23,1314994.32,1387953.75,-72959.43,-5.26
2010-11-26,23,2072685.05,1314994.32,757690.73,57.62
2010-12-03,23,1617025.41,2072685.05,-455659.64,-21.98
2010-12-10,23,1872365.99,1617025.41,255340.58,15.79
2010-12-17,23,2238573.48,1872365.99,366207.49,19.56
2010-12-24,23,2734277.1,2238573.48,495703.62,22.14
2010-12-31,23,1169773.85,2734277.1,-1564503.25,-57.22
2011-01-07,23,1122034.48,1169773.85,-47739.37,-4.08
2011-01-14,23,1016756.1,1122034.48,-105278.38,-9.38
2011-01-21,23,1110706.06,1016756.1,93949.96,9.24
2011-01-28,23,1083657.61,1110706.06,-27048.45,-2.44
2011-02-04,23,1159438.53,1083657.61,75780.92,6.99
2011-02-11,23,1249786.4,1159438.53,90347.87,7.79
2011-02-18,23,1369971.57,1249786.4,120185.17,9.62
2011-02-25,23,1206917.2,1369971.57,-163054.37,-11.9
2011-03-04,23,1301185.28,1206917.2,94268.08,7.81
2011-03-11,23,1042043.55,1301185.28,-259141.73,-19.92
2011-03-18,23,1203682.62,1042043.55,161639.07,15.51
2011-03-25,23,1148624.83,1203682.62,-55057.79,-4.57
2011-04-01,23,1182694.95,1148624.83,34070.12,2.97
2011-04-08,23,1248901.98,1182694.95,66207.03,5.6
2011-04-15,23,1263680.51,1248901.98,14778.53,1.18
2011-04-22,23,1447301.24,1263680.51,183620.73,14.53
2011-04-29,23,1173307.4,1447301.24,-273993.84,-18.93
2011-05-06,23,1359921.13,1173307.4,186613.73,15.9
2011-05-13,23,1254914.87,1359921.13,-105006.26,-7.72
2011-05-20,23,1337617.55,1254914.87,82702.68,6.59
2011-05-27,23,1361945.18,1337617.55,24327.63,1.82
2011-06-03,23,1562161.97,1361945.18,200216.79,14.7
2011-06-10,23,1447028.06,1562161.97,-115133.91,-7.37
2011-06-17,23,1470520.83,1447028.06,23492.77,1.62
2011-06-24,23,1434036.18,1470520.83,-36484.65,-2.48
2011-07-01,23,1492507.44,1434036.18,58471.26,4.08
2011-07-08,23,1379488.05,1492507.44,-113019.39,-7.57
2011-07-15,23,1360520.56,1379488.05,-18967.49,-1.37
2011-07-22,23,1362144.0,1360520.56,1623.44,0.12
2011-07-29,23,1319767.55,1362144.0,-42376.45,-3.11
2011-08-05,23,1416344.68,1319767.55,96577.13,7.32
2011-08-12,23,1380952.05,1416344.68,-35392.63,-2.5
2011-08-19,23,1453416.53,1380952.05,72464.48,5.25
2011-08-26,23,1637266.29,1453416.53,183849.76,12.65
2011-09-02,23,1464295.69,1637266.29,-172970.6,-10.56
2011-09-09,23,1423289.9,1464295.69,-41005.79,-2.8
2011-09-16,23,1253329.17,1423289.9,-169960.73,-11.94
2011-09-23,23,1289082.81,1253329.17,35753.64,2.85
2011-09-30,23,1275597.85,1289082.81,-13484.96,-1.05
2011-10-07,23,1463501.99,1275597.85,187904.14,14.73
2011-10-14,23,1257778.34,1463501.99,-205723.65,-14.06
2011-10-21,23,1441032.59,1257778.34,183254.25,14.57
2011-10-28,23,1407191.96,1441032.59,-33840.63,-2.35
2011-11-04,23,1428436.33,1407191.96,21244.37,1.51
2011-11-11,23,1436940.78,1428436.33,8504.45,0.6
2011-11-18,23,1345631.96,1436940.78,-91308.82,-6.35
2011-11-25,23,2057059.53,1345631.96,711427.57,52.87
2011-12-02,23,1552886.59,2057059.53,-504172.94,-24.51
2011-12-09,23,1841173.6,1552886.59,288287.01,18.56
2011-12-16,23,2173621.2,1841173.6,332447.6,18.06
2011-12-23,23,2587953.32,2173621.2,414332.12,19.06
2011-12-30,23,1213486.95,2587953.32,-1374466.37,-53.11
2012-01-06,23,1150662.55,1213486.95,-62824.4,-5.18
2012-01-13,23,1031451.35,1150662.55,-119211.2,-10.36
2012-01-20,23,1146992.13,1031451.35,115540.78,11.2
2012-01-27,23,1037476.38,1146992.13,-109515.75,-9.55
2012-02-03,23,1261872.67,1037476.38,224396.29,21.63
2012-02-10,23,1358444.07,1261872.67,96571.4,7.65
2012-02-17,23,1365546.69,1358444.07,7102.62,0.52
2012-02-24,23,1272948.27,1365546.69,-92598.42,-6.78
2012-03-02,23,1322852.2,1272948.27,49903.93,3.92
2012-03-09,23,1292724.9,1322852.2,-30127.3,-2.28
2012-03-16,23,1258364.31,1292724.9,-34360.59,-2.66
2012-03-23,23,1288154.1,1258364.31,29789.79,2.37
2012-03-30,23,1261964.96,1288154.1,-26189.14,-2.03
2012-04-06,23,1604605.69,1261964.96,342640.73,27.15
2012-04-13,23,1231752.54,1604605.69,-372853.15,-23.24
2012-04-20,23,1287899.41,1231752.54,56146.87,4.56
2012-04-27,23,1277758.76,1287899.41,-10140.65,-0.79
2012-05-04,23,1317379.68,1277758.76,39620.92,3.1
2012-05-11,23,1321914.34,1317379.68,4534.66,0.34
2012-05-18,23,1332952.47,1321914.34,11038.13,0.84
2012-05-25,23,1552934.64,1332952.47,219982.17,16.5
2012-06-01,23,1476144.34,1552934.64,-76790.3,-4.94
2012-06-08,23,1568048.54,1476144.34,91904.2,6.23
2012-06-15,23,1543667.68,1568048.54,-24380.86,-1.55
2012-06-22,23,1522042.57,1543667.68,-21625.11,-1.4
2012-06-29,23,1451782.16,1522042.57,-70260.41,-4.62
2012-07-06,23,1545370.16,1451782.16,93588.0,6.45
2012-07-13,23,1384921.63,1545370.16,-160448.53,-10.38
2012-07-20,23,1381339.23,1384921.63,-3582.4,-0.26
2012-07-27,23,1322932.36,1381339.23,-58406.87,-4.23
2012-08-03,23,1416926.31,1322932.36,93993.95,7.1
2012-08-10,23,1436311.76,1416926.31,19385.45,1.37
2012-08-17,23,1510131.45,1436311.76,73819.69,5.14
2012-08-24,23,1702220.96,1510131.45,192089.51,12.72
2012-08-31,23,1577468.78,1702220.96,-124752.18,-7.33
2012-09-07,23,1427162.26,1577468.78,-150306.52,-9.53
2012-09-14,23,1279041.64,1427162.26,-148120.62,-10.38
2012-09-21,23,1338627.55,1279041.64,59585.91,4.66
2012-09-28,23,1319035.06,1338627.55,-19592.49,-1.46
2012-10-05,23,1464616.59,1319035.06,145581.53,11.04
2012-10-12,23,1412925.25,1464616.59,-51691.34,-3.53
2012-10-19,23,1363155.77,1412925.25,-49769.48,-3.52
2012-10-26,23,1347454.59,1363155.77,-15701.18,-1.15
2010-02-05,24,1388725.63,,,
2010-02-12,24,1414107.1,1388725.63,25381.47,1.83
2010-02-19,24,1385362.49,1414107.1,-28744.61,-2.03
2010-02-26,24,1158722.74,1385362.49,-226639.75,-16.36
2010-03-05,24,1412387.37,1158722.74,253664.63,21.89
2010-03-12,24,1309340.16,1412387.37,-103047.21,-7.3
2010-03-19,24,1222511.29,1309340.16,-86828.87,-6.63
2010-03-26,24,1258311.56,1222511.29,35800.27,2.93
2010-04-02,24,1478321.26,1258311.56,220009.7,17.48
2010-04-09,24,1379579.63,1478321.26,-98741.63,-6.68
2010-04-16,24,1268266.72,1379579.63,-111312.91,-8.07
2010-04-23,24,1264117.01,1268266.72,-4149.71,-0.33
2010-04-30,24,1259877.19,1264117.01,-4239.82,-0.34
2010-05-07,24,1409705.03,1259877.19,149827.84,11.89
2010-05-14,24,1346783.35,1409705.03,-62921.68,-4.46
2010-05-21,24,1283482.85,1346783.35,-63300.5,-4.7
2010-05-28,24,1473868.15,1283482.85,190385.3,14.83
2010-06-04,24,1566668.91,1473868.15,92800.76,6.3
2010-06-11,24,1375458.21,1566668.91,-191210.7,-12.2
2010-06-18,24,1354168.18,1375458.21,-21290.03,-1.55
2010-06-25,24,1399073.75,1354168.18,44905.57,3.32
2010-07-02,24,1563387.94,1399073.75,164314.19,11.74
2010-07-09,24,1665502.55,1563387.94,102114.61,6.53
2010-07-16,24,1418697.05,1665502.55,-246805.5,-14.82
2010-07-23,24,1333740.35,1418697.05,-84956.7,-5.99
2010-07-30,24,1387517.63,1333740.35,53777.28,4.03
2010-08-06,24,1442819.28,1387517.63,55301.65,3.99
2010-08-13,24,1384243.75,1442819.28,-58575.53,-4.06
2010-08-20,24,1375307.54,1384243.75,-8936.21,-0.65
2010-08-27,24,1350059.35,1375307.54,-25248.19,-1.84
2010-09-03,24,1366381.6,1350059.35,16322.25,1.21
2010-09-10,24,1474498.59,1366381.6,108116.99,7.91
2010-09-17,24,1273295.46,1474498.59,-201203.13,-13.65
2010-09-24,24,1169413.27,1273295.46,-103882.19,-8.16
2010-10-01,24,1215273.2,1169413.27,45859.93,3.92
2010-10-08,24,1361944.94,1215273.2,146671.74,12.07
2010-10-15,24,1300806.74,1361944.94,-61138.2,-4.49
2010-10-22,24,1234875.33,1300806.74,-65931.41,-5.07
2010-10-29,24,1244925.94,1234875.33,10050.61,0.81
2010-11-05,24,1285358.01,1244925.94,40432.07,3.25
2010-11-12,24,1312877.01,1285358.01,27519.0,2.14
2010-11-19,24,1277150.6,1312877.01,-35726.41,-2.72
2010-11-26,24,1779276.51,1277150.6,502125.91,39.32
2010-12-03,24,1413302.7,1779276.51,-365973.81,-20.57
2010-12-10,24,1593012.75,1413302.7,179710.05,12.72
2010-12-17,24,1663525.77,1593012.75,70513.02,4.43
2010-12-24,24,2386015.75,1663525.77,722489.98,43.43
2010-12-31,24,1208600.05,2386015.75,-1177415.7,-49.35
2011-01-07,24,1178641.71,1208600.05,-29958.34,-2.48
2011-01-14,24,1167740.2,1178641.71,-10901.51,-0.92
2011-01-21,24,1107170.39,1167740.2,-60569.81,-5.19
2011-01-28,24,1126921.34,1107170.39,19750.95,1.78
2011-02-04,24,1225182.04,1126921.34,98260.7,8.72
2011-02-11,24,1341240.62,1225182.04,116058.58,9.47
2011-02-18,24,1360150.12,1341240.62,18909.5,1.41
2011-02-25,24,1235121.33,1360150.12,-125028.79,-9.19
2011-03-04,24,1346994.53,1235121.33,111873.2,9.06
2011-03-11,24,1253218.7,1346994.53,-93775.83,-6.96
2011-03-18,24,1168397.26,1253218.7,-84821.44,-6.77
2011-03-25,24,1158693.12,1168397.26,-9704.14,-0.83
2011-04-01,24,1163803.3,1158693.12,5110.18,0.44
2011-04-08,24,1273670.32,1163803.3,109867.02,9.44
2011-04-15,24,1245576.65,1273670.32,-28093.67,-2.21
2011-04-22,24,1372484.9,1245576.65,126908.25,10.19
2011-04-29,24,1197761.17,1372484.9,-174723.73,-12.73
2011-05-06,24,1339630.35,1197761.17,141869.18,11.84
2011-05-13,24,1311950.16,1339630.35,-27680.19,-2.07
2011-05-20,24,1234281.7,1311950.16,-77668.46,-5.92
2011-05-27,24,1311153.72,1234281.7,76872.02,6.23
2011-06-03,24,1554837.62,1311153.72,243683.9,18.59
2011-06-10,24,1373841.91,1554837.62,-180995.71,-11.64
2011-06-17,24,1320359.23,1373841.91,-53482.68,-3.89
2011-06-24,24,1304850.67,1320359.23,-15508.56,-1.17
2011-07-01,24,1445596.61,1304850.67,140745.94,10.79
2011-07-08,24,1567340.07,1445596.61,121743.46,8.42
2011-07-15,24,1356938.95,1567340.07,-210401.12,-13.42
2011-07-22,24,1357672.24,1356938.95,733.29,0.05
2011-07-29,24,1310973.06,1357672.24,-46699.18,-3.44
2011-08-05,24,1417616.81,1310973.06,106643.75,8.13
2011-08-12,24,1402818.01,1417616.81,-14798.8,-1.04
2011-08-19,24,1352039.88,1402818.01,-50778.13,-3.62
2011-08-26,24,1402372.09,1352039.88,50332.21,3.72
2011-09-02,24,1196105.44,1402372.09,-206266.65,-14.71
2011-09-09,24,1527455.19,1196105.44,331349.75,27.7
2011-09-16,24,1227535.97,1527455.19,-299919.22,-19.64
2011-09-23,24,1232376.49,1227535.97,4840.52,0.39
2011-09-30,24,1246242.61,1232376.49,13866.12,1.13
2011-10-07,24,1405914.39,1246242.61,159671.78,12.81
2011-10-14,24,1333315.03,1405914.39,-72599.36,-5.16
2011-10-21,24,1283563.43,1333315.03,-49751.6,-3.73
2011-10-28,24,1307142.75,1283563.43,23579.32,1.84
2011-11-04,24,1385860.38,1307142.75,78717.63,6.02
2011-11-11,24,1425078.59,1385860.38,39218.21,2.83
2011-11-18,24,1297535.69,1425078.59,-127542.9,-8.95
2011-11-25,24,1761235.67,1297535.69,463699.98,35.74
2011-12-02,24,1335647.1,1761235.67,-425588.57,-24.16
2011-12-09,24,1529615.54,1335647.1,193968.44,14.52
2011-12-16,24,1624994.43,1529615.54,95378.89,6.24
2011-12-23,24,2168344.23,1624994.43,543349.8,33.44
2011-12-30,24,1363973.16,2168344.23,-804371.07,-37.1
2012-01-06,24,1251581.89,1363973.16,-112391.27,-8.24
2012-01-13,24,1155594.2,1251581.89,-95987.69,-7.67
2012-01-20,24,1151993.85,1155594.2,-3600.35,-0.31
2012-01-27,24,1057290.41,1151993.85,-94703.44,-8.22
2012-02-03,24,1249696.97,1057290.41,192406.56,18.2
2012-02-10,24,1403460.87,1249696.97,153763.9,12.3
2012-02-17,24,1326370.08,1403460.87,-77090.79,-5.49
2012-02-24,24,1303233.15,1326370.08,-23136.93,-1.74
2012-03-02,24,1213994.39,1303233.15,-89238.76,-6.85
2012-03-09,24,1325835.7,1213994.39,111841.31,9.21
2012-03-16,24,1239299.12,1325835.7,-86536.58,-6.53
2012-03-23,24,1221723.94,1239299.12,-17575.18,-1.42
2012-03-30,24,1230106.13,1221723.94,8382.19,0.69
2012-04-06,24,1524734.29,1230106.13,294628.16,23.95
2012-04-13,24,1285783.87,1524734.29,-238950.42,-15.67
2012-04-20,24,1208654.4,1285783.87,-77129.47,-6.0
2012-04-27,24,1194334.65,1208654.4,-14319.75,-1.18
2012-05-04,24,1306551.71,1194334.65,112217.06,9.4
2012-05-11,24,1355391.79,1306551.71,48840.08,3.74
2012-05-18,24,1298809.8,1355391.79,-56581.99,-4.17
2012-05-25,24,1407897.57,1298809.8,109087.77,8.4
2012-06-01,24,1467722.19,1407897.57,59824.62,4.25
2012-06-08,24,1406313.13,1467722.19,-61409.06,-4.18
2012-06-15,24,1364445.98,1406313.13,-41867.15,-2.98
2012-06-22,24,1434709.63,1364445.98,70263.65,5.15
2012-06-29,24,1428869.9,1434709.63,-5839.73,-0.41
2012-07-06,24,1645097.75,1428869.9,216227.85,15.13
2012-07-13,24,1405475.78,1645097.75,-239621.97,-14.57
2012-07-20,24,1394299.0,1405475.78,-11176.78,-0.8
2012-07-27,24,1307339.14,1394299.0,-86959.86,-6.24
2012-08-03,24,1440374.13,1307339.14,133034.99,10.18
2012-08-10,24,1497054.81,1440374.13,56680.68,3.94
2012-08-17,24,1397970.54,1497054.81,-99084.27,-6.62
2012-08-24,24,1303726.54,1397970.54,-94244.0,-6.74
2012-08-31,24,1344558.92,1303726.54,40832.38,3.13
2012-09-07,24,1477134.75,1344558.92,132575.83,9.86
2012-09-14,24,1242909.53,1477134.75,-234225.22,-15.86
2012-09-21,24,1261158.47,1242909.53,18248.94,1.47
2012-09-28,24,1259278.36,1261158.47,-1880.11,-0.15
2012-10-05,24,1416720.54,1259278.36,157442.18,12.5
2012-10-12,24,1416301.17,1416720.54,-419.37,-0.03
2012-10-19,24,1255414.84,1416301.17,-160886.33,-11.36
2012-10-26,24,1307182.29,1255414.84,51767.45,4.12
2010-02-05,25,677231.63,,,
2010-02-12,25,583364.02,677231.63,-93867.61,-13.86
2010-02-19,25,676260.67,583364.02,92896.65,15.92
2010-02-26,25,628516.57,676260.67,-47744.1,-7.06
2010-03-05,25,665750.06,628516.57,37233.49,5.92
2010-03-12,25,660619.99,665750.06,-5130.07,-0.77
2010-03-19,25,659795.84,660619.99,-824.15,-0.12
2010-03-26,25,696687.6,659795.84,36891.76,5.59
2010-04-02,25,822486.37,696687.6,125798.77,18.06
2010-04-09,25,712647.97,822486.37,-109838.4,-13.35
2010-04-16,25,715311.6,712647.97,2663.63,0.37
2010-04-23,25,694531.72,715311.6,-20779.88,-2.91
2010-04-30,25,706924.02,694531.72,12392.3,1.78
2010-05-07,25,724468.97,706924.02,17544.95,2.48
2010-05-14,25,698073.95,724468.97,-26395.02,-3.64
2010-05-21,25,704113.22,698073.95,6039.27,0.87
2010-05-28,25,792442.54,704113.22,88329.32,12.54
2010-06-04,25,764155.44,792442.54,-28287.1,-3.57
2010-06-11,25,737163.2,764155.44,-26992.24,-3.53
2010-06-18,25,780444.94,737163.2,43281.74,5.87
2010-06-25,25,737569.14,780444.94,-42875.8,-5.49
2010-07-02,25,759407.87,737569.14,21838.73,2.96
2010-07-09,25,719591.13,759407.87,-39816.74,-5.24
2010-07-16,25,726997.84,719591.13,7406.71,1.03
2010-07-23,25,665290.93,726997.84,-61706.91,-8.49
2010-07-30,25,682124.34,665290.93,16833.41,2.53
2010-08-06,25,699464.43,682124.34,17340.09,2.54
2010-08-13,25,686072.39,699464.43,-13392.04,-1.91
2010-08-20,25,724499.81,686072.39,38427.42,5.6
2010-08-27,25,711461.95,724499.81,-13037.86,-1.8
2010-09-03,25,685700.08,711461.95,-25761.87,-3.62
2010-09-10,25,655811.95,685700.08,-29888.13,-4.36
2010-09-17,25,628989.88,655811.95,-26822.07,-4.09
2010-09-24,25,607819.33,628989.88,-21170.55,-3.37
2010-10-01,25,658640.14,607819.33,50820.81,8.36
2010-10-08,25,674283.86,658640.14,15643.72,2.38
2010-10-15,25,616094.72,674283.86,-58189.14,-8.63
2010-10-22,25,661644.19,616094.72,45549.47,7.39
2010-10-29,25,674458.03,661644.19,12813.84,1.94
2010-11-05,25,696314.53,674458.03,21856.5,3.24
2010-11-12,25,713250.08,696314.53,16935.55,2.43
2010-11-19,25,718056.73,713250.08,4806.65,0.67
2010-11-26,25,1115240.61,718056.73,397183.88,55.31
2010-12-03,25,885572.96,1115240.61,-229667.65,-20.59
2010-12-10,25,964729.18,885572.96,79156.22,8.94
2010-12-17,25,1047707.59,964729.18,82978.41,8.6
2010-12-24,25,1295391.19,1047707.59,247683.6,23.64
2010-12-31,25,623092.54,1295391.19,-672298.65,-51.9
2011-01-07,25,558794.63,623092.54,-64297.91,-10.32
2011-01-14,25,572360.83,558794.63,13566.2,2.43
2011-01-21,25,568093.57,572360.83,-4267.26,-0.75
2011-01-28,25,600448.69,568093.57,32355.12,5.7
2011-02-04,25,639830.45,600448.69,39381.76,6.56
2011-02-11,25,615666.78,639830.45,-24163.67,-3.78
2011-02-18,25,634637.03,615666.78,18970.25,3.08
2011-02-25,25,570816.34,634637.03,-63820.69,-10.06
2011-03-04,25,640912.18,570816.34,70095.84,12.28
2011-03-11,25,599828.39,640912.18,-41083.79,-6.41
2011-03-18,25,603393.64,599828.39,3565.25,0.59
2011-03-25,25,616324.24,603393.64,12930.6,2.14
2011-04-01,25,618377.79,616324.24,2053.55,0.33
2011-04-08,25,648606.13,618377.79,30228.34,4.89
2011-04-15,25,674562.45,648606.13,25956.32,4.0
2011-04-22,25,756588.42,674562.45,82025.97,12.16
2011-04-29,25,649245.0,756588.42,-107343.42,-14.19
2011-05-06,25,659446.55,649245.0,10201.55,1.57
2011-05-13,25,684783.15,659446.55,25336.6,3.84
2011-05-20,25,677971.33,684783.15,-6811.82,-0.99
2011-05-27,25,718373.94,677971.33,40402.61,5.96
2011-06-03,25,737551.74,718373.94,19177.8,2.67
2011-06-10,25,740259.63,737551.74,2707.89,0.37
2011-06-17,25,717373.43,740259.63,-22886.2,-3.09
2011-06-24,25,699270.1,717373.43,-18103.33,-2.52
2011-07-01,25,706206.86,699270.1,6936.76,0.99
2011-07-08,25,698529.64,706206.86,-7677.22,-1.09
2011-07-15,25,680510.23,698529.64,-18019.41,-2.58
2011-07-22,25,670854.96,680510.23,-9655.27,-1.42
2011-07-29,25,668390.82,670854.96,-2464.14,-0.37
2011-08-05,25,679706.01,668390.82,11315.19,1.69
2011-08-12,25,667130.48,679706.01,-12575.53,-1.85
2011-08-19,25,688958.75,667130.48,21828.27,3.27
2011-08-26,25,726422.55,688958.75,37463.8,5.44
2011-09-02,25,699779.0,726422.55,-26643.55,-3.67
2011-09-09,25,673248.48,699779.0,-26530.52,-3.79
2011-09-16,25,628720.46,673248.48,-44528.02,-6.61
2011-09-23,25,620885.93,628720.46,-7834.53,-1.25
2011-09-30,25,639160.24,620885.93,18274.31,2.94
2011-10-07,25,671522.87,639160.24,32362.63,5.06
2011-10-14,25,646915.47,671522.87,-24607.4,-3.66
2011-10-21,25,690675.5,646915.47,43760.03,6.76
2011-10-28,25,724443.97,690675.5,33768.47,4.89
2011-11-04,25,718393.61,724443.97,-6050.36,-0.84
2011-11-11,25,719235.07,718393.61,841.46,0.12
2011-11-18,25,728525.6,719235.07,9290.53,1.29
2011-11-25,25,1116211.39,728525.6,387685.79,53.22
2011-12-02,25,878314.57,1116211.39,-237896.82,-21.31
2011-12-09,25,916446.02,878314.57,38131.45,4.34
2011-12-16,25,997502.47,916446.02,81056.45,8.84
2011-12-23,25,1290532.97,997502.47,293030.5,29.38
2011-12-30,25,683665.37,1290532.97,-606867.6,-47.02
2012-01-06,25,636419.12,683665.37,-47246.25,-6.91
2012-01-13,25,614764.31,636419.12,-21654.81,-3.4
2012-01-20,25,594744.89,614764.31,-20019.42,-3.26
2012-01-27,25,589554.29,594744.89,-5190.6,-0.87
2012-02-03,25,642776.4,589554.29,53222.11,9.03
2012-02-10,25,658984.38,642776.4,16207.98,2.52
2012-02-17,25,654088.02,658984.38,-4896.36,-0.74
2012-02-24,25,613501.05,654088.02,-40586.97,-6.21
2012-03-02,25,643155.89,613501.05,29654.84,4.83
2012-03-09,25,643711.53,643155.89,555.64,0.09
2012-03-16,25,638204.27,643711.53,-5507.26,-0.86
2012-03-23,25,672831.78,638204.27,34627.51,5.43
2012-03-30,25,684348.92,672831.78,11517.14,1.71
2012-04-06,25,791356.9,684348.92,107007.98,15.64
2012-04-13,25,658691.56,791356.9,-132665.34,-16.76
2012-04-20,25,661566.48,658691.56,2874.92,0.44
2012-04-27,25,655157.32,661566.48,-6409.16,-0.97
2012-05-04,25,696421.72,655157.32,41264.4,6.3
2012-05-11,25,739866.16,696421.72,43444.44,6.24
2012-05-18,25,717207.19,739866.16,-22658.97,-3.06
2012-05-25,25,783371.02,717207.19,66163.83,9.23
2012-06-01,25,694765.95,783371.02,-88605.07,-11.31
2012-06-08,25,730254.19,694765.95,35488.24,5.11
2012-06-15,25,753860.89,730254.19,23606.7,3.23
2012-06-22,25,721601.9,753860.89,-32258.99,-4.28
2012-06-29,25,718890.81,721601.9,-2711.09,-0.38
2012-07-06,25,753385.55,718890.81,34494.74,4.8
2012-07-13,25,714093.95,753385.55,-39291.6,-5.22
2012-07-20,25,685676.58,714093.95,-28417.37,-3.98
2012-07-27,25,659109.53,685676.58,-26567.05,-3.87
2012-08-03,25,709724.6,659109.53,50615.07,7.68
2012-08-10,25,710496.97,709724.6,772.37,0.11
2012-08-17,25,728467.72,710496.97,17970.75,2.53
2012-08-24,25,756527.64,728467.72,28059.92,3.85
2012-08-31,25,714828.73,756527.64,-41698.91,-5.51
2012-09-07,25,671482.9,714828.73,-43345.83,-6.06
2012-09-14,25,657241.63,671482.9,-14241.27,-2.12
2012-09-21,25,664745.2,657241.63,7503.57,1.14
2012-09-28,25,683300.84,664745.2,18555.64,2.79
2012-10-05,25,699536.73,683300.84,16235.89,2.38
2012-10-12,25,697317.41,699536.73,-2219.32,-0.32
2012-10-19,25,685531.85,697317.41,-11785.56,-1.69
2012-10-26,25,688940.94,685531.85,3409.09,0.5
2010-02-05,26,1034119.21,,,
2010-02-12,26,1015684.09,1034119.21,-18435.12,-1.78
2010-02-19,26,999348.55,1015684.09,-16335.54,-1.61
2010-02-26,26,855385.01,999348.55,-143963.54,-14.41
2010-03-05,26,1005669.58,855385.01,150284.57,17.57
2010-03-12,26,963382.09,1005669.58,-42287.49,-4.2
2010-03-19,26,903366.55,963382.09,-60015.54,-6.23
2010-03-26,26,893613.0,903366.55,-9753.55,-1.08
2010-04-02,26,1029849.2,893613.0,136236.2,15.25
2010-04-09,26,1022293.81,1029849.2,-7555.39,-0.73
2010-04-16,26,905548.38,1022293.81,-116745.43,-11.42
2010-04-23,26,881930.87,905548.38,-23617.51,-2.61
2010-04-30,26,904503.85,881930.87,22572.98,2.56
2010-05-07,26,1074479.73,904503.85,169975.88,18.79
2010-05-14,26,972663.59,1074479.73,-101816.14,-9.48
2010-05-21,26,986765.01,972663.59,14101.42,1.45
2010-05-28,26,1069851.59,986765.01,83086.58,8.42
2010-06-04,26,1003202.66,1069851.59,-66648.93,-6.23
2010-06-11,26,1073862.59,1003202.66,70659.93,7.04
2010-06-18,26,1001286.67,1073862.59,-72575.92,-6.76
2010-06-25,26,976242.09,1001286.67,-25044.58,-2.5
2010-07-02,26,1078455.48,976242.09,102213.39,10.47
2010-07-09,26,1122356.53,1078455.48,43901.05,4.07
2010-07-16,26,1028151.72,1122356.53,-94204.81,-8.39
2010-07-23,26,971615.62,1028151.72,-56536.1,-5.5
2010-07-30,26,1005324.28,971615.62,33708.66,3.47
2010-08-06,26,1125329.77,1005324.28,120005.49,11.94
2010-08-13,26,1011938.29,1125329.77,-113391.48,-10.08
2010-08-20,26,1007385.36,1011938.29,-4552.93,-0.45
2010-08-27,26,977322.52,1007385.36,-30062.84,-2.98
2010-09-03,26,1037549.71,977322.52,60227.19,6.16
2010-09-10,26,1042226.3,1037549.71,4676.59,0.45
2010-09-17,26,923473.7,1042226.3,-118752.6,-11.39
2010-09-24,26,868636.3,923473.7,-54837.4,-5.94
2010-10-01,26,923221.52,868636.3,54585.22,6.28
2010-10-08,26,1001069.52,923221.52,77848.0,8.43
2010-10-15,26,937956.89,1001069.52,-63112.63,-6.3
2010-10-22,26,916522.66,937956.89,-21434.23,-2.29
2010-10-29,26,895069.88,916522.66,-21452.78,-2.34
2010-11-05,26,970224.51,895069.88,75154.63,8.4
2010-11-12,26,971193.01,970224.51,968.5,0.1
2010-11-19,26,901972.7,971193.01,-69220.31,-7.13
2010-11-26,26,1286833.62,901972.7,384860.92,42.67
2010-12-03,26,1016143.64,1286833.62,-270689.98,-21.04
2010-12-10,26,1149612.04,1016143.64,133468.4,13.13
2010-12-17,26,1196813.33,1149612.04,47201.29,4.11
2010-12-24,26,1573982.47,1196813.33,377169.14,31.51
2010-12-31,26,877268.29,1573982.47,-696714.18,-44.26
2011-01-07,26,938149.21,877268.29,60880.92,6.94
2011-01-14,26,812323.29,938149.21,-125825.92,-13.41
2011-01-21,26,809833.21,812323.29,-2490.08,-0.31
2011-01-28,26,817485.14,809833.21,7651.93,0.94
2011-02-04,26,911807.02,817485.14,94321.88,11.54
2011-02-11,26,1010711.08,911807.02,98904.06,10.85
2011-02-18,26,981978.02,1010711.08,-28733.06,-2.84
2011-02-25,26,910298.44,981978.02,-71679.58,-7.3
2011-03-04,26,945643.17,910298.44,35344.73,3.88
2011-03-11,26,946614.55,945643.17,971.38,0.1
2011-03-18,26,887426.12,946614.55,-59188.43,-6.25
2011-03-25,26,866566.54,887426.12,-20859.58,-2.35
2011-04-01,26,849231.61,866566.54,-17334.93,-2.0
2011-04-08,26,985229.81,849231.61,135998.2,16.01
2011-04-15,26,863266.12,985229.81,-121963.69,-12.38
2011-04-22,26,921700.61,863266.12,58434.49,6.77
2011-04-29,26,873450.29,921700.61,-48250.32,-5.23
2011-05-06,26,1024778.23,873450.29,151327.94,17.33
2011-05-13,26,941008.85,1024778.23,-83769.38,-8.17
2011-05-20,26,938334.62,941008.85,-2674.23,-0.28
2011-05-27,26,996723.58,938334.62,58388.96,6.22
2011-06-03,26,1054454.4,996723.58,57730.82,5.79
2011-06-10,26,1094058.68,1054454.4,39604.28,3.76
2011-06-17,26,981646.46,1094058.68,-112412.22,-10.27
2011-06-24,26,997474.93,981646.46,15828.47,1.61
2011-07-01,26,1070119.09,997474.93,72644.16,7.28
2011-07-08,26,1133807.03,1070119.09,63687.94,5.95
2011-07-15,26,1021534.7,1133807.03,-112272.33,-9.9
2011-07-22,26,1017867.8,1021534.7,-3666.9,-0.36
2011-07-29,26,1005360.5,1017867.8,-12507.3,-1.23
2011-08-05,26,1107552.43,1005360.5,102191.93,10.16
2011-08-12,26,1087644.5,1107552.43,-19907.93,-1.8
2011-08-19,26,1021766.75,1087644.5,-65877.75,-6.06
2011-08-26,26,1064617.62,1021766.75,42850.87,4.19
2011-09-02,26,1040143.14,1064617.62,-24474.48,-2.3
2011-09-09,26,1069710.97,1040143.14,29567.83,2.84
2011-09-16,26,951569.84,1069710.97,-118141.13,-11.04
2011-09-23,26,923644.6,951569.84,-27925.24,-2.93
2011-09-30,26,959339.51,923644.6,35694.91,3.86
2011-10-07,26,1130022.99,959339.51,170683.48,17.79
2011-10-14,26,987886.08,1130022.99,-142136.91,-12.58
2011-10-21,26,974907.28,987886.08,-12978.8,-1.31
2011-10-28,26,972256.98,974907.28,-2650.3,-0.27
2011-11-04,26,988950.75,972256.98,16693.77,1.72
2011-11-11,26,1077640.13,988950.75,88689.38,8.97
2011-11-18,26,946091.79,1077640.13,-131548.34,-12.21
2011-11-25,26,1282320.05,946091.79,336228.26,35.54
2011-12-02,26,1012498.49,1282320.05,-269821.56,-21.04
2011-12-09,26,1148987.46,1012498.49,136488.97,13.48
2011-12-16,26,1204807.83,1148987.46,55820.37,4.86
2011-12-23,26,1515175.01,1204807.83,310367.18,25.76
2011-12-30,26,972834.42,1515175.01,-542340.59,-35.79
2012-01-06,26,971557.62,972834.42,-1276.8,-0.13
2012-01-13,26,836305.65,971557.62,-135251.97,-13.92
2012-01-20,26,838751.5,836305.65,2445.85,0.29
2012-01-27,26,820059.89,838751.5,-18691.61,-2.23
2012-02-03,26,939158.25,820059.89,119098.36,14.52
2012-02-10,26,1081005.64,939158.25,141847.39,15.1
2012-02-17,26,965788.76,1081005.64,-115216.88,-10.66
2012-02-24,26,917924.47,965788.76,-47864.29,-4.96
2012-03-02,26,955641.74,917924.47,37717.27,4.11
2012-03-09,26,1028569.01,955641.74,72927.27,7.63
2012-03-16,26,919503.4,1028569.01,-109065.61,-10.6
2012-03-23,26,874790.68,919503.4,-44712.72,-4.86
2012-03-30,26,922018.43,874790.68,47227.75,5.4
2012-04-06,26,1116829.23,922018.43,194810.8,21.13
2012-04-13,26,889670.29,1116829.23,-227158.94,-20.34
2012-04-20,26,923600.02,889670.29,33929.73,3.81
2012-04-27,26,911969.0,923600.02,-11631.02,-1.26
2012-05-04,26,946573.29,911969.0,34604.29,3.79
2012-05-11,26,1062548.73,946573.29,115975.44,12.25
2012-05-18,26,978082.84,1062548.73,-84465.89,-7.95
2012-05-25,26,1067310.74,978082.84,89227.9,9.12
2012-06-01,26,1015853.03,1067310.74,-51457.71,-4.82
2012-06-08,26,1106176.83,1015853.03,90323.8,8.89
2012-06-15,26,1029248.22,1106176.83,-76928.61,-6.95
2012-06-22,26,1056282.91,1029248.22,27034.69,2.63
2012-06-29,26,1051190.44,1056282.91,-5092.47,-0.48
2012-07-06,26,1180470.8,1051190.44,129280.36,12.3
2012-07-13,26,1063149.78,1180470.8,-117321.02,-9.94
2012-07-20,26,1049625.9,1063149.78,-13523.88,-1.27
2012-07-27,26,1031745.14,1049625.9,-17880.76,-1.7
2012-08-03,26,1090915.09,1031745.14,59169.95,5.73
2012-08-10,26,1121476.51,1090915.09,30561.42,2.8
2012-08-17,26,1068292.56,1121476.51,-53183.95,-4.74
2012-08-24,26,1022704.2,1068292.56,-45588.36,-4.27
2012-08-31,26,1053495.51,1022704.2,30791.31,3.01
2012-09-07,26,1081874.03,1053495.51,28378.52,2.69
2012-09-14,26,986131.94,1081874.03,-95742.09,-8.85
2012-09-21,26,961084.08,986131.94,-25047.86,-2.54
2012-09-28,26,964726.37,961084.08,3642.29,0.38
2012-10-05,26,1095504.26,964726.37,130777.89,13.56
2012-10-12,26,1044639.69,1095504.26,-50864.57,-4.64
2012-10-19,26,975578.02,1044639.69,-69061.67,-6.61
2012-10-26,26,958619.8,975578.02,-16958.22,-1.74
2010-02-05,27,1874289.79,,,
2010-02-12,27,1745362.72,1874289.79,-128927.07,-6.88
2010-02-19,27,1945070.33,1745362.72,199707.61,11.44
2010-02-26,27,1390934.27,1945070.33,-554136.06,-28.49
2010-03-05,27,1313729.72,1390934.27,-77204.55,-5.55
2010-03-12,27,1925113.12,1313729.72,611383.4,46.54
2010-03-19,27,1700627.97,1925113.12,-224485.15,-11.66
2010-03-26,27,1836714.84,1700627.97,136086.87,8.0
2010-04-02,27,2053952.97,1836714.84,217238.13,11.83
2010-04-09,27,1955814.13,2053952.97,-98138.84,-4.78
2010-04-16,27,1857500.96,1955814.13,-98313.17,-5.03
2010-04-23,27,1850205.47,1857500.96,-7295.49,-0.39
2010-04-30,27,1805885.04,1850205.47,-44320.43,-2.4
2010-05-07,27,1939458.84,1805885.04,133573.8,7.4
2010-05-14,27,1842465.78,1939458.84,-96993.06,-5.0
2010-05-21,27,1836595.58,1842465.78,-5870.2,-0.32
2010-05-28,27,1962468.67,1836595.58,125873.09,6.85
2010-06-04,27,2073102.59,1962468.67,110633.92,5.64
2010-06-11,27,1873812.93,2073102.59,-199289.66,-9.61
2010-06-18,27,1887182.27,1873812.93,13369.34,0.71
2010-06-25,27,1962625.01,1887182.27,75442.74,4.0
2010-07-02,27,2024554.1,1962625.01,61929.09,3.16
2010-07-09,27,2119163.01,2024554.1,94608.91,4.67
2010-07-16,27,1880691.64,2119163.01,-238471.37,-11.25
2010-07-23,27,1808250.71,1880691.64,-72440.93,-3.85
2010-07-30,27,1816489.53,1808250.71,8238.82,0.46
2010-08-06,27,1908036.68,1816489.53,91547.15,5.04
2010-08-13,27,1864436.12,1908036.68,-43600.56,-2.29
2010-08-20,27,1936878.46,1864436.12,72442.34,3.89
2010-08-27,27,1870684.21,1936878.46,-66194.25,-3.42
2010-09-03,27,1908110.9,1870684.21,37426.69,2.0
2010-09-10,27,1913494.81,1908110.9,5383.91,0.28
2010-09-17,27,1629978.46,1913494.81,-283516.35,-14.82
2010-09-24,27,1597002.71,1629978.46,-32975.75,-2.02
2010-10-01,27,1543532.83,1597002.71,-53469.88,-3.35
2010-10-08,27,1707662.87,1543532.83,164130.04,10.63
2010-10-15,27,1728388.2,1707662.87,20725.33,1.21
2010-10-22,27,1693935.29,1728388.2,-34452.91,-1.99
2010-10-29,27,1688955.49,1693935.29,-4979.8,-0.29
2010-11-05,27,1686010.02,1688955.49,-2945.47,-0.17
2010-11-12,27,1828010.25,1686010.02,142000.23,8.42
2010-11-19,27,1704785.74,1828010.25,-123224.51,-6.74
2010-11-26,27,2627910.75,1704785.74,923125.01,54.15
2010-12-03,27,1884343.67,2627910.75,-743567.08,-28.29
2010-12-10,27,2139733.68,1884343.67,255390.01,13.55
2010-12-17,27,2350098.36,2139733.68,210364.68,9.83
2010-12-24,27,3078162.08,2350098.36,728063.72,30.98
2010-12-31,27,1440963.0,3078162.08,-1637199.08,-53.19
2011-01-07,27,1568159.48,1440963.0,127196.48,8.83
2011-01-14,27,1532308.62,1568159.48,-35850.86,-2.29
2011-01-21,27,1517029.9,1532308.62,-15278.72,-1.0
2011-01-28,27,1421111.55,1517029.9,-95918.35,-6.32
2011-02-04,27,1628100.79,1421111.55,206989.24,14.57
2011-02-11,27,1636224.77,1628100.79,8123.98,0.5
2011-02-18,27,1709365.19,1636224.77,73140.42,4.47
2011-02-25,27,1688935.71,1709365.19,-20429.48,-1.2
2011-03-04,27,1656130.67,1688935.71,-32805.04,-1.94
2011-03-11,27,1613259.77,1656130.67,-42870.9,-2.59
2011-03-18,27,1624539.21,1613259.77,11279.44,0.7
2011-03-25,27,1554651.08,1624539.21,-69888.13,-4.3
2011-04-01,27,1628868.28,1554651.08,74217.2,4.77
2011-04-08,27,1689844.18,1628868.28,60975.9,3.74
2011-04-15,27,1727175.61,1689844.18,37331.43,2.21
2011-04-22,27,1921655.48,1727175.61,194479.87,11.26
2011-04-29,27,1642074.64,1921655.48,-279580.84,-14.55
2011-05-06,27,1757041.96,1642074.64,114967.32,7.0
2011-05-13,27,1763545.32,1757041.96,6503.36,0.37
2011-05-20,27,1725268.56,1763545.32,-38276.76,-2.17
2011-05-27,27,1820723.17,1725268.56,95454.61,5.53
2011-06-03,27,2053708.01,1820723.17,232984.84,12.8
2011-06-10,27,1817914.71,2053708.01,-235793.3,-11.48
2011-06-17,27,1814740.09,1817914.71,-3174.62,-0.17
2011-06-24,27,1811455.15,1814740.09,-3284.94,-0.18
2011-07-01,27,1949983.93,1811455.15,138528.78,7.65
2011-07-08,27,2000055.27,1949983.93,50071.34,2.57
2011-07-15,27,1762155.79,2000055.27,-237899.48,-11.89
2011-07-22,27,1754879.45,1762155.79,-7276.34,-0.41
2011-07-29,27,1744879.06,1754879.45,-10000.39,-0.57
2011-08-05,27,1747289.53,1744879.06,2410.47,0.14
2011-08-12,27,1758437.96,1747289.53,11148.43,0.64
2011-08-19,27,1781905.24,1758437.96,23467.28,1.33
2011-08-26,27,2034400.78,1781905.24,252495.54,14.17
2011-09-02,27,1511717.53,2034400.78,-522683.25,-25.69
2011-09-09,27,1911470.84,1511717.53,399753.31,26.44
2011-09-16,27,1613773.9,1911470.84,-297696.94,-15.57
2011-09-23,27,1606208.68,1613773.9,-7565.22,-0.47
2011-09-30,27,1599626.26,1606208.68,-6582.42,-0.41
2011-10-07,27,1672339.27,1599626.26,72713.01,4.55
2011-10-14,27,1682652.51,1672339.27,10313.24,0.62
2011-10-21,27,1689591.44,1682652.51,6938.93,0.41
2011-10-28,27,1710372.4,1689591.44,20780.96,1.23
2011-11-04,27,1621109.3,1710372.4,-89263.1,-5.22
2011-11-11,27,1800728.07,1621109.3,179618.77,11.08
2011-11-18,27,1723739.44,1800728.07,-76988.63,-4.28
2011-11-25,27,2504400.71,1723739.44,780661.27,45.29
2011-12-02,27,1806924.74,2504400.71,-697475.97,-27.85
2011-12-09,27,2014665.98,1806924.74,207741.24,11.5
2011-12-16,27,2205919.86,2014665.98,191253.88,9.49
2011-12-23,27,2739019.75,2205919.86,533099.89,24.17
2011-12-30,27,1650604.6,2739019.75,-1088415.15,-39.74
2012-01-06,27,1535287.4,1650604.6,-115317.2,-6.99
2012-01-13,27,1492399.13,1535287.4,-42888.27,-2.79
2012-01-20,27,1542131.05,1492399.13,49731.92,3.33
2012-01-27,27,1263534.86,1542131.05,-278596.19,-18.07
2012-02-03,27,1564246.02,1263534.86,300711.16,23.8
2012-02-10,27,1651605.35,1564246.02,87359.33,5.58
2012-02-17,27,1606221.56,1651605.35,-45383.79,-2.75
2012-02-24,27,1648602.39,1606221.56,42380.83,2.64
2012-03-02,27,1509323.09,1648602.39,-139279.3,-8.45
2012-03-09,27,1607343.41,1509323.09,98020.32,6.49
2012-03-16,27,1635984.07,1607343.41,28640.66,1.78
2012-03-23,27,1620839.34,1635984.07,-15144.73,-0.93
2012-03-30,27,1615494.14,1620839.34,-5345.2,-0.33
2012-04-06,27,1899013.34,1615494.14,283519.2,17.55
2012-04-13,27,1650405.21,1899013.34,-248608.13,-13.09
2012-04-20,27,1639999.47,1650405.21,-10405.74,-0.63
2012-04-27,27,1565498.84,1639999.47,-74500.63,-4.54
2012-05-04,27,1669388.45,1565498.84,103889.61,6.64
2012-05-11,27,1674306.31,1669388.45,4917.86,0.29
2012-05-18,27,1707158.82,1674306.31,32852.51,1.96
2012-05-25,27,1818906.73,1707158.82,111747.91,6.55
2012-06-01,27,1900638.6,1818906.73,81731.87,4.49
2012-06-08,27,1764756.31,1900638.6,-135882.29,-7.15
2012-06-15,27,1773500.56,1764756.31,8744.25,0.5
2012-06-22,27,1837884.79,1773500.56,64384.23,3.63
2012-06-29,27,1842555.32,1837884.79,4670.53,0.25
2012-07-06,27,2062224.92,1842555.32,219669.6,11.92
2012-07-13,27,1755889.53,2062224.92,-306335.39,-14.85
2012-07-20,27,1730913.66,1755889.53,-24975.87,-1.42
2012-07-27,27,1625883.71,1730913.66,-105029.95,-6.07
2012-08-03,27,1705810.84,1625883.71,79927.13,4.92
2012-08-10,27,1720537.26,1705810.84,14726.42,0.86
2012-08-17,27,1735339.59,1720537.26,14802.33,0.86
2012-08-24,27,1780443.36,1735339.59,45103.77,2.6
2012-08-31,27,1731935.43,1780443.36,-48507.93,-2.72
2012-09-07,27,1840955.23,1731935.43,109019.8,6.29
2012-09-14,27,1519604.5,1840955.23,-321350.73,-17.46
2012-09-21,27,1557485.75,1519604.5,37881.25,2.49
2012-09-28,27,1540687.63,1557485.75,-16798.12,-1.08
2012-10-05,27,1591816.88,1540687.63,51129.25,3.32
2012-10-12,27,1660081.29,1591816.88,68264.41,4.29
2012-10-19,27,1620374.24,1660081.29,-39707.05,-2.39
2012-10-26,27,1703047.74,1620374.24,82673.5,5.1
2010-02-05,28,1672352.29,,,
2010-02-12,28,1558968.49,1672352.29,-113383.8,-6.78
2010-02-19,28,1491300.42,1558968.49,-67668.07,-4.34
2010-02-26,28,1542173.33,1491300.42,50872.91,3.41
2010-03-05,28,1608435.45,1542173.33,66262.12,4.3
2010-03-12,28,1326877.11,1608435.45,-281558.34,-17.51
2010-03-19,28,1279819.43,1326877.11,-47057.68,-3.55
2010-03-26,28,1245268.77,1279819.43,-34550.66,-2.7
2010-04-02,28,1441559.4,1245268.77,196290.63,15.76
2010-04-09,28,1382359.21,1441559.4,-59200.19,-4.11
2010-04-16,28,1268240.66,1382359.21,-114118.55,-8.26
2010-04-23,28,1244177.21,1268240.66,-24063.45,-1.9
2010-04-30,28,1186971.02,1244177.21,-57206.19,-4.6
2010-05-07,28,1532893.22,1186971.02,345922.2,29.14
2010-05-14,28,1245898.73,1532893.22,-286994.49,-18.72
2010-05-21,28,1217923.71,1245898.73,-27975.02,-2.25
2010-05-28,28,1176588.25,1217923.71,-41335.46,-3.39
2010-06-04,28,1543678.02,1176588.25,367089.77,31.2
2010-06-11,28,1348995.17,1543678.02,-194682.85,-12.61
2010-06-18,28,1267619.06,1348995.17,-81376.11,-6.03
2010-06-25,28,1231025.07,1267619.06,-36593.99,-2.89
2010-07-02,28,1399960.15,1231025.07,168935.08,13.72
2010-07-09,28,1340293.87,1399960.15,-59666.28,-4.26
2010-07-16,28,1225336.41,1340293.87,-114957.46,-8.58
2010-07-23,28,1205884.98,1225336.41,-19451.43,-1.59
2010-07-30,28,1150204.71,1205884.98,-55680.27,-4.62
2010-08-06,28,1523101.38,1150204.71,372896.67,32.42
2010-08-13,28,1218688.09,1523101.38,-304413.29,-19.99
2010-08-20,28,1195897.6,1218688.09,-22790.49,-1.87
2010-08-27,28,1191585.92,1195897.6,-4311.68,-0.36
2010-09-03,28,1523410.71,1191585.92,331824.79,27.85
2010-09-10,28,1246062.17,1523410.71,-277348.54,-18.21
2010-09-17,28,1159812.35,1246062.17,-86249.82,-6.92
2010-09-24,28,1111797.21,1159812.35,-48015.14,-4.14
2010-10-01,28,1203080.41,1111797.21,91283.2,8.21
2010-10-08,28,1334571.87,1203080.41,131491.46,10.93
2010-10-15,28,1158062.99,1334571.87,-176508.88,-13.23
2010-10-22,28,1120619.32,1158062.99,-37443.67,-3.23
2010-10-29,28,1231688.48,1120619.32,111069.16,9.91
2010-11-05,28,1501663.26,1231688.48,269974.78,21.92
2010-11-12,28,1266460.45,1501663.26,-235202.81,-15.66
2010-11-19,28,1179315.72,1266460.45,-87144.73,-6.88
2010-11-26,28,1937033.5,1179315.72,757717.78,64.25
2010-12-03,28,1447916.29,1937033.5,-489117.21,-25.25
2010-12-10,28,1466164.49,1447916.29,18248.2,1.26
2010-12-17,28,1510443.62,1466164.49,44279.13,3.02
2010-12-24,28,2026026.39,1510443.62,515582.77,34.13
2010-12-31,28,1090558.57,2026026.39,-935467.82,-46.17
2011-01-07,28,1402902.47,1090558.57,312343.9,28.64
2011-01-14,28,1098286.61,1402902.47,-304615.86,-21.71
2011-01-21,28,1079669.11,1098286.61,-18617.5,-1.7
2011-01-28,28,1127859.69,1079669.11,48190.58,4.46
2011-02-04,28,1564897.32,1127859.69,437037.63,38.75
2011-02-11,28,1397301.38,1564897.32,-167595.94,-10.71
2011-02-18,28,1514828.82,1397301.38,117527.44,8.41
2011-02-25,28,1311796.91,1514828.82,-203031.91,-13.4
2011-03-04,28,1723736.91,1311796.91,411940.0,31.4
2011-03-11,28,1380836.35,1723736.91,-342900.56,-19.89
2011-03-18,28,1286413.71,1380836.35,-94422.64,-6.84
2011-03-25,28,1201059.72,1286413.71,-85353.99,-6.64
2011-04-01,28,1336838.41,1201059.72,135778.69,11.3
2011-04-08,28,1414713.5,1336838.41,77875.09,5.83
2011-04-15,28,1240126.07,1414713.5,-174587.43,-12.34
2011-04-22,28,1297452.0,1240126.07,57325.93,4.62
2011-04-29,28,1222367.9,1297452.0,-75084.1,-5.79
2011-05-06,28,1515890.38,1222367.9,293522.48,24.01
2011-05-13,28,1253316.3,1515890.38,-262574.08,-17.32
2011-05-20,28,1151282.31,1253316.3,-102033.99,-8.14
2011-05-27,28,1160043.98,1151282.31,8761.67,0.76
2011-06-03,28,1403779.25,1160043.98,243735.27,21.01
2011-06-10,28,1339972.83,1403779.25,-63806.42,-4.55
2011-06-17,28,1268503.49,1339972.83,-71469.34,-5.33
2011-06-24,28,1208809.34,1268503.49,-59694.15,-4.71
2011-07-01,28,1319054.57,1208809.34,110245.23,9.12
2011-07-08,28,1459655.85,1319054.57,140601.28,10.66
2011-07-15,28,1197373.13,1459655.85,-262282.72,-17.97
2011-07-22,28,1165870.54,1197373.13,-31502.59,-2.63
2011-07-29,28,1114530.29,1165870.54,-51340.25,-4.4
2011-08-05,28,1523870.89,1114530.29,409340.6,36.73
2011-08-12,28,1218764.94,1523870.89,-305105.95,-20.02
2011-08-19,28,1200019.74,1218764.94,-18745.2,-1.54
2011-08-26,28,1166479.51,1200019.74,-33540.23,-2.79
2011-09-02,28,1468871.49,1166479.51,302391.98,25.92
2011-09-09,28,1310087.0,1468871.49,-158784.49,-10.81
2011-09-16,28,1159212.1,1310087.0,-150874.9,-11.52
2011-09-23,28,1109105.92,1159212.1,-50106.18,-4.32
2011-09-30,28,1120731.76,1109105.92,11625.84,1.05
2011-10-07,28,1557314.58,1120731.76,436582.82,38.96
2011-10-14,28,1220984.94,1557314.58,-336329.64,-21.6
2011-10-21,28,1203172.05,1220984.94,-17812.89,-1.46
2011-10-28,28,1242746.06,1203172.05,39574.01,3.29
2011-11-04,28,1576654.67,1242746.06,333908.61,26.87
2011-11-11,28,1402654.95,1576654.67,-173999.72,-11.04
2011-11-18,28,1255081.22,1402654.95,-147573.73,-10.52
2011-11-25,28,1929738.27,1255081.22,674657.05,53.75
2011-12-02,28,1368130.35,1929738.27,-561607.92,-29.1
2011-12-09,28,1467024.3,1368130.35,98893.95,7.23
2011-12-16,28,1429954.66,1467024.3,-37069.64,-2.53
2011-12-23,28,1796203.51,1429954.66,366248.85,25.61
2011-12-30,28,1270036.53,1796203.51,-526166.98,-29.29
2012-01-06,28,1466046.07,1270036.53,196009.54,15.43
2012-01-13,28,1161190.29,1466046.07,-304855.78,-20.79
2012-01-20,28,1129540.48,1161190.29,-31649.81,-2.73
2012-01-27,28,1132948.48,1129540.48,3408.0,0.3
2012-02-03,28,1531599.44,1132948.48,398650.96,35.19
2012-02-10,28,1572966.15,1531599.44,41366.71,2.7
2012-02-17,28,1501503.68,1572966.15,-71462.47,-4.54
2012-02-24,28,1323487.91,1501503.68,-178015.77,-11.86
2012-03-02,28,1451740.57,1323487.91,128252.66,9.69
2012-03-09,28,1680764.06,1451740.57,229023.49,15.78
2012-03-16,28,1337875.49,1680764.06,-342888.57,-20.4
2012-03-23,28,1216059.41,1337875.49,-121816.08,-9.11
2012-03-30,28,1209524.11,1216059.41,-6535.3,-0.54
2012-04-06,28,1559592.79,1209524.11,350068.68,28.94
2012-04-13,28,1290684.95,1559592.79,-268907.84,-17.24
2012-04-20,28,1180797.2,1290684.95,-109887.75,-8.51
2012-04-27,28,1170456.16,1180797.2,-10341.04,-0.88
2012-05-04,28,1450628.85,1170456.16,280172.69,23.94
2012-05-11,28,1264575.18,1450628.85,-186053.67,-12.83
2012-05-18,28,1213310.45,1264575.18,-51264.73,-4.05
2012-05-25,28,1151214.41,1213310.45,-62096.04,-5.12
2012-06-01,28,1245480.95,1151214.41,94266.54,8.19
2012-06-08,28,1440687.69,1245480.95,195206.74,15.67
2012-06-15,28,1229760.97,1440687.69,-210926.72,-14.64
2012-06-22,28,1180671.55,1229760.97,-49089.42,-3.99
2012-06-29,28,1129031.98,1180671.55,-51639.57,-4.37
2012-07-06,28,1500863.54,1129031.98,371831.56,32.93
2012-07-13,28,1179915.04,1500863.54,-320948.5,-21.38
2012-07-20,28,1149427.48,1179915.04,-30487.56,-2.58
2012-07-27,28,1135035.09,1149427.48,-14392.39,-1.25
2012-08-03,28,1376520.1,1135035.09,241485.01,21.28
2012-08-10,28,1269113.41,1376520.1,-107406.69,-7.8
2012-08-17,28,1184198.41,1269113.41,-84915.0,-6.69
2012-08-24,28,1199309.59,1184198.41,15111.18,1.28
2012-08-31,28,1227118.75,1199309.59,27809.16,2.32
2012-09-07,28,1469693.99,1227118.75,242575.24,19.77
2012-09-14,28,1124660.77,1469693.99,-345033.22,-23.48
2012-09-21,28,1135340.19,1124660.77,10679.42,0.95
2012-09-28,28,1129508.61,1135340.19,-5831.58,-0.51
2012-10-05,28,1462941.03,1129508.61,333432.42,29.52
2012-10-12,28,1205536.71,1462941.03,-257404.32,-17.59
2012-10-19,28,1143724.48,1205536.71,-61812.23,-5.13
2012-10-26,28,1213860.61,1143724.48,70136.13,6.13
2010-02-05,29,538634.46,,,
2010-02-12,29,529672.95,538634.46,-8961.51,-1.66
2010-02-19,29,542399.07,529672.95,12726.12,2.4
2010-02-26,29,488417.61,542399.07,-53981.46,-9.95
2010-03-05,29,535087.91,488417.61,46670.3,9.56
2010-03-12,29,519042.49,535087.91,-16045.42,-3.0
2010-03-19,29,496851.6,519042.49,-22190.89,-4.28
2010-03-26,29,552985.34,496851.6,56133.74,11.3
2010-04-02,29,599629.25,552985.34,46643.91,8.43
2010-04-09,29,569937.23,599629.25,-29692.02,-4.95
2010-04-16,29,509100.84,569937.23,-60836.39,-10.67
2010-04-23,29,505329.66,509100.84,-3771.18,-0.74
2010-04-30,29,501013.47,505329.66,-4316.19,-0.85
2010-05-07,29,568497.35,501013.47,67483.88,13.47
2010-05-14,29,518940.88,568497.35,-49556.47,-8.72
2010-05-21,29,502021.82,518940.88,-16919.06,-3.26
2010-05-28,29,577627.66,502021.82,75605.84,15.06
2010-06-04,29,588017.66,577627.66,10390.0,1.8
2010-06-11,29,540716.58,588017.66,-47301.08,-8.04
2010-06-18,29,558731.74,540716.58,18015.16,3.33
2010-06-25,29,585548.79,558731.74,26817.05,4.8
2010-07-02,29,581473.55,585548.79,-4075.24,-0.7
2010-07-09,29,563449.43,581473.55,-18024.12,-3.1
2010-07-16,29,512292.01,563449.43,-51157.42,-9.08
2010-07-23,29,506502.09,512292.01,-5789.92,-1.13
2010-07-30,29,509872.77,506502.09,3370.68,0.67
2010-08-06,29,519787.93,509872.77,9915.16,1.94
2010-08-13,29,495269.0,519787.93,-24518.93,-4.72
2010-08-20,29,531640.19,495269.0,36371.19,7.34
2010-08-27,29,545766.13,531640.19,14125.94,2.66
2010-09-03,29,579272.38,545766.13,33506.25,6.14
2010-09-10,29,491290.37,579272.38,-87982.01,-15.19
2010-09-17,29,463752.89,491290.37,-27537.48,-5.61
2010-09-24,29,465338.41,463752.89,1585.52,0.34
2010-10-01,29,474698.01,465338.41,9359.6,2.01
2010-10-08,29,530059.06,474698.01,55361.05,11.66
2010-10-15,29,483011.69,530059.06,-47047.37,-8.88
2010-10-22,29,505221.17,483011.69,22209.48,4.6
2010-10-29,29,527058.59,505221.17,21837.42,4.32
2010-11-05,29,521002.97,527058.59,-6055.62,-1.15
2010-11-12,29,524450.7,521002.97,3447.73,0.66
2010-11-19,29,508174.55,524450.7,-16276.15,-3.1
2010-11-26,29,975268.91,508174.55,467094.36,91.92
2010-12-03,29,642678.53,975268.91,-332590.38,-34.1
2010-12-10,29,713834.74,642678.53,71156.21,11.07
2010-12-17,29,850538.25,713834.74,136703.51,19.15
2010-12-24,29,1130926.79,850538.25,280388.54,32.97
2010-12-31,29,465992.02,1130926.79,-664934.77,-58.8
2011-01-07,29,455952.18,465992.02,-10039.84,-2.15
2011-01-14,29,426905.26,455952.18,-29046.92,-6.37
2011-01-21,29,445134.15,426905.26,18228.89,4.27
2011-01-28,29,410426.97,445134.15,-34707.18,-7.8
2011-02-04,29,504126.89,410426.97,93699.92,22.83
2011-02-11,29,550387.78,504126.89,46260.89,9.18
2011-02-18,29,542529.21,550387.78,-7858.57,-1.43
2011-02-25,29,483660.15,542529.21,-58869.06,-10.85
2011-03-04,29,536031.67,483660.15,52371.52,10.83
2011-03-11,29,493430.45,536031.67,-42601.22,-7.95
2011-03-18,29,493653.43,493430.45,222.98,0.05
2011-03-25,29,478773.05,493653.43,-14880.38,-3.01
2011-04-01,29,475615.26,478773.05,-3157.79,-0.66
2011-04-08,29,505304.33,475615.26,29689.07,6.24
2011-04-15,29,518245.97,505304.33,12941.64,2.56
2011-04-22,29,589252.69,518245.97,71006.72,13.7
2011-04-29,29,493078.64,589252.69,-96174.05,-16.32
2011-05-06,29,534372.53,493078.64,41293.89,8.37
2011-05-13,29,549551.02,534372.53,15178.49,2.84
2011-05-20,29,492932.51,549551.02,-56618.51,-10.3
2011-05-27,29,550735.64,492932.51,57803.13,11.73
2011-06-03,29,598251.57,550735.64,47515.93,8.63
2011-06-10,29,558431.44,598251.57,-39820.13,-6.66
2011-06-17,29,536914.17,558431.44,-21517.27,-3.85
2011-06-24,29,545368.17,536914.17,8454.0,1.57
2011-07-01,29,567114.6,545368.17,21746.43,3.99
2011-07-08,29,547586.07,567114.6,-19528.53,-3.44
2011-07-15,29,505246.15,547586.07,-42339.92,-7.73
2011-07-22,29,507335.75,505246.15,2089.6,0.41
2011-07-29,29,474653.06,507335.75,-32682.69,-6.44
2011-08-05,29,503486.37,474653.06,28833.31,6.07
2011-08-12,29,471311.5,503486.37,-32174.87,-6.39
2011-08-19,29,498056.0,471311.5,26744.5,5.67
2011-08-26,29,608294.98,498056.0,110238.98,22.13
2011-09-02,29,497085.91,608294.98,-111209.07,-18.28
2011-09-09,29,505406.72,497085.91,8320.81,1.67
2011-09-16,29,474129.35,505406.72,-31277.37,-6.19
2011-09-23,29,475696.37,474129.35,1567.02,0.33
2011-09-30,29,446516.26,475696.37,-29180.11,-6.13
2011-10-07,29,514993.0,446516.26,68476.74,15.34
2011-10-14,29,475776.45,514993.0,-39216.55,-7.61
2011-10-21,29,505068.22,475776.45,29291.77,6.16
2011-10-28,29,515119.64,505068.22,10051.42,1.99
2011-11-04,29,620735.72,515119.64,105616.08,20.5
2011-11-11,29,531600.62,620735.72,-89135.1,-14.36
2011-11-18,29,504601.29,531600.62,-26999.33,-5.08
2011-11-25,29,913165.19,504601.29,408563.9,80.97
2011-12-02,29,579874.22,913165.19,-333290.97,-36.5
2011-12-09,29,633240.53,579874.22,53366.31,9.2
2011-12-16,29,736805.66,633240.53,103565.13,16.35
2011-12-23,29,1016637.39,736805.66,279831.73,37.98
2011-12-30,29,551743.05,1016637.39,-464894.34,-45.73
2012-01-06,29,469773.85,551743.05,-81969.2,-14.86
2012-01-13,29,444756.37,469773.85,-25017.48,-5.33
2012-01-20,29,446863.31,444756.37,2106.94,0.47
2012-01-27,29,395987.24,446863.31,-50876.07,-11.39
2012-02-03,29,493159.35,395987.24,97172.11,24.54
2012-02-10,29,545840.05,493159.35,52680.7,10.68
2012-02-17,29,559606.91,545840.05,13766.86,2.52
2012-02-24,29,488782.63,559606.91,-70824.28,-12.66
2012-03-02,29,500801.72,488782.63,12019.09,2.46
2012-03-09,29,504750.35,500801.72,3948.63,0.79
2012-03-16,29,489293.72,504750.35,-15456.63,-3.06
2012-03-23,29,517408.48,489293.72,28114.76,5.75
2012-03-30,29,504566.28,517408.48,-12842.2,-2.48
2012-04-06,29,633826.55,504566.28,129260.27,25.62
2012-04-13,29,520493.83,633826.55,-113332.72,-17.88
2012-04-20,29,525200.59,520493.83,4706.76,0.9
2012-04-27,29,497250.22,525200.59,-27950.37,-5.32
2012-05-04,29,504963.84,497250.22,7713.62,1.55
2012-05-11,29,529707.87,504963.84,24744.03,4.9
2012-05-18,29,543706.04,529707.87,13998.17,2.64
2012-05-25,29,549665.67,543706.04,5959.63,1.1
2012-06-01,29,576252.35,549665.67,26586.68,4.84
2012-06-08,29,554093.15,576252.35,-22159.2,-3.85
2012-06-15,29,552338.76,554093.15,-1754.39,-0.32
2012-06-22,29,581854.5,552338.76,29515.74,5.34
2012-06-29,29,555954.13,581854.5,-25900.37,-4.45
2012-07-06,29,578832.41,555954.13,22878.28,4.12
2012-07-13,29,514709.76,578832.41,-64122.65,-11.08
2012-07-20,29,506705.36,514709.76,-8004.4,-1.56
2012-07-27,29,475158.24,506705.36,-31547.12,-6.23
2012-08-03,29,504754.74,475158.24,29596.5,6.23
2012-08-10,29,518628.42,504754.74,13873.68,2.75
2012-08-17,29,416881.66,518628.42,-101746.76,-19.62
2012-08-24,29,615026.15,416881.66,198144.49,47.53
2012-08-31,29,545844.91,615026.15,-69181.24,-11.25
2012-09-07,29,540811.85,545844.91,-5033.06,-0.92
2012-09-14,29,475127.18,540811.85,-65684.67,-12.15
2012-09-21,29,489079.23,475127.18,13952.05,2.94
2012-09-28,29,489674.23,489079.23,595.0,0.12
2012-10-05,29,520632.8,489674.23,30958.57,6.32
2012-10-12,29,513737.0,520632.8,-6895.8,-1.32
2012-10-19,29,516909.24,513737.0,3172.24,0.62
2012-10-26,29,534970.68,516909.24,18061.44,3.49
2010-02-05,30,465108.52,,,
2010-02-12,30,497374.57,465108.52,32266.05,6.94
2010-02-19,30,463513.26,497374.57,-33861.31,-6.81
2010-02-26,30,472330.71,463513.26,8817.45,1.9
2010-03-05,30,472591.07,472330.71,260.36,0.06
2010-03-12,30,468189.93,472591.07,-4401.14,-0.93
2010-03-19,30,445736.36,468189.93,-22453.57,-4.8
2010-03-26,30,442457.35,445736.36,-3279.01,-0.74
2010-04-02,30,457884.06,442457.35,15426.71,3.49
2010-04-09,30,454800.96,457884.06,-3083.1,-0.67
2010-04-16,30,471054.16,454800.96,16253.2,3.57
2010-04-23,30,462454.39,471054.16,-8599.77,-1.83
2010-04-30,30,456140.34,462454.39,-6314.05,-1.37
2010-05-07,30,457883.94,456140.34,1743.6,0.38
2010-05-14,30,461868.09,457883.94,3984.15,0.87
2010-05-21,30,455751.84,461868.09,-6116.25,-1.32
2010-05-28,30,462474.16,455751.84,6722.32,1.47
2010-06-04,30,458343.7,462474.16,-4130.46,-0.89
2010-06-11,30,445530.16,458343.7,-12813.54,-2.8
2010-06-18,30,447727.52,445530.16,2197.36,0.49
2010-06-25,30,453210.24,447727.52,5482.72,1.22
2010-07-02,30,450337.47,453210.24,-2872.77,-0.63
2010-07-09,30,436293.4,450337.47,-14044.07,-3.12
2010-07-16,30,438068.71,436293.4,1775.31,0.41
2010-07-23,30,440491.33,438068.71,2422.62,0.55
2010-07-30,30,437893.76,440491.33,-2597.57,-0.59
2010-08-06,30,441407.06,437893.76,3513.3,0.8
2010-08-13,30,444160.07,441407.06,2753.01,0.62
2010-08-20,30,447139.8,444160.07,2979.73,0.67
2010-08-27,30,443810.78,447139.8,-3329.02,-0.74
2010-09-03,30,461548.98,443810.78,17738.2,4.0
2010-09-10,30,455162.92,461548.98,-6386.06,-1.38
2010-09-17,30,462058.19,455162.92,6895.27,1.51
2010-09-24,30,448392.17,462058.19,-13666.02,-2.96
2010-10-01,30,445475.3,448392.17,-2916.87,-0.65
2010-10-08,30,462080.47,445475.3,16605.17,3.73
2010-10-15,30,453943.89,462080.47,-8136.58,-1.76
2010-10-22,30,459631.74,453943.89,5687.85,1.25
2010-10-29,30,438334.39,459631.74,-21297.35,-4.63
2010-11-05,30,484661.87,438334.39,46327.48,10.57
2010-11-12,30,431266.64,484661.87,-53395.23,-11.02
2010-11-19,30,423707.69,431266.64,-7558.95,-1.75
2010-11-26,30,462732.36,423707.69,39024.67,9.21
2010-12-03,30,407112.22,462732.36,-55620.14,-12.02
2010-12-10,30,428631.91,407112.22,21519.69,5.29
2010-12-17,30,445332.28,428631.91,16700.37,3.9
2010-12-24,30,519354.88,445332.28,74022.6,16.62
2010-12-31,30,397631.02,519354.88,-121723.86,-23.44
2011-01-07,30,451077.21,397631.02,53446.19,13.44
2011-01-14,30,465408.72,451077.21,14331.51,3.18
2011-01-21,30,439132.62,465408.72,-26276.1,-5.65
2011-01-28,30,425989.04,439132.62,-13143.58,-2.99
2011-02-04,30,490970.95,425989.04,64981.91,15.25
2011-02-11,30,470921.24,490970.95,-20049.71,-4.08
2011-02-18,30,417070.51,470921.24,-53850.73,-11.44
2011-02-25,30,432687.97,417070.51,15617.46,3.74
2011-03-04,30,443334.71,432687.97,10646.74,2.46
2011-03-11,30,438529.81,443334.71,-4804.9,-1.08
2011-03-18,30,425470.84,438529.81,-13058.97,-2.98
2011-03-25,30,431754.01,425470.84,6283.17,1.48
2011-04-01,30,437926.79,431754.01,6172.78,1.43
2011-04-08,30,443889.5,437926.79,5962.71,1.36
2011-04-15,30,426666.92,443889.5,-17222.58,-3.88
2011-04-22,30,445358.73,426666.92,18691.81,4.38
2011-04-29,30,423687.2,445358.73,-21671.53,-4.87
2011-05-06,30,438789.52,423687.2,15102.32,3.56
2011-05-13,30,424614.59,438789.52,-14174.93,-3.23
2011-05-20,30,435102.2,424614.59,10487.61,2.47
2011-05-27,30,429305.82,435102.2,-5796.38,-1.33
2011-06-03,30,432808.48,429305.82,3502.66,0.82
2011-06-10,30,424697.05,432808.48,-8111.43,-1.87
2011-06-17,30,435481.03,424697.05,10783.98,2.54
2011-06-24,30,422715.74,435481.03,-12765.29,-2.93
2011-07-01,30,428782.38,422715.74,6066.64,1.44
2011-07-08,30,419764.37,428782.38,-9018.01,-2.1
2011-07-15,30,420515.63,419764.37,751.26,0.18
2011-07-22,30,423441.76,420515.63,2926.13,0.7
2011-07-29,30,414245.96,423441.76,-9195.8,-2.17
2011-08-05,30,431798.64,414245.96,17552.68,4.24
2011-08-12,30,412224.67,431798.64,-19573.97,-4.53
2011-08-19,30,414450.61,412224.67,2225.94,0.54
2011-08-26,30,387944.83,414450.61,-26505.78,-6.4
2011-09-02,30,369722.32,387944.83,-18222.51,-4.7
2011-09-09,30,370897.82,369722.32,1175.5,0.32
2011-09-16,30,382914.66,370897.82,12016.84,3.24
2011-09-23,30,391837.56,382914.66,8922.9,2.33
2011-09-30,30,387001.13,391837.56,-4836.43,-1.23
2011-10-07,30,417528.26,387001.13,30527.13,7.89
2011-10-14,30,410711.99,417528.26,-6816.27,-1.63
2011-10-21,30,428958.53,410711.99,18246.54,4.44
2011-10-28,30,426151.88,428958.53,-2806.65,-0.65
2011-11-04,30,432359.04,426151.88,6207.16,1.46
2011-11-11,30,409686.63,432359.04,-22672.41,-5.24
2011-11-18,30,436462.63,409686.63,26776.0,6.54
2011-11-25,30,452163.93,436462.63,15701.3,3.6
2011-12-02,30,412385.75,452163.93,-39778.18,-8.8
2011-12-09,30,436741.02,412385.75,24355.27,5.91
2011-12-16,30,441265.08,436741.02,4524.06,1.04
2011-12-23,30,492022.68,441265.08,50757.6,11.5
2011-12-30,30,376777.45,492022.68,-115245.23,-23.42
2012-01-06,30,457030.86,376777.45,80253.41,21.3
2012-01-13,30,447023.91,457030.86,-10006.95,-2.19
2012-01-20,30,438760.62,447023.91,-8263.29,-1.85
2012-01-27,30,433037.66,438760.62,-5722.96,-1.3
2012-02-03,30,434080.74,433037.66,1043.08,0.24
2012-02-10,30,451365.99,434080.74,17285.25,3.98
2012-02-17,30,435109.11,451365.99,-16256.88,-3.6
2012-02-24,30,425215.71,435109.11,-9893.4,-2.27
2012-03-02,30,438640.61,425215.71,13424.9,3.16
2012-03-09,30,446617.89,438640.61,7977.28,1.82
2012-03-16,30,413617.45,446617.89,-33000.44,-7.39
2012-03-23,30,430222.97,413617.45,16605.52,4.01
2012-03-30,30,449603.91,430222.97,19380.94,4.5
2012-04-06,30,461511.92,449603.91,11908.01,2.65
2012-04-13,30,428784.7,461511.92,-32727.22,-7.09
2012-04-20,30,462909.41,428784.7,34124.71,7.96
2012-04-27,30,433744.83,462909.41,-29164.58,-6.3
2012-05-04,30,454477.54,433744.83,20732.71,4.78
2012-05-11,30,436070.45,454477.54,-18407.09,-4.05
2012-05-18,30,460945.14,436070.45,24874.69,5.7
2012-05-25,30,449355.91,460945.14,-11589.23,-2.51
2012-06-01,30,427021.18,449355.91,-22334.73,-4.97
2012-06-08,30,437222.94,427021.18,10201.76,2.39
2012-06-15,30,438523.24,437222.94,1300.3,0.3
2012-06-22,30,428554.63,438523.24,-9968.61,-2.27
2012-06-29,30,423192.4,428554.63,-5362.23,-1.25
2012-07-06,30,440553.42,423192.4,17361.02,4.1
2012-07-13,30,417640.34,440553.42,-22913.08,-5.2
2012-07-20,30,427491.04,417640.34,9850.7,2.36
2012-07-27,30,424581.17,427491.04,-2909.87,-0.68
2012-08-03,30,425136.55,424581.17,555.38,0.13
2012-08-10,30,430878.28,425136.55,5741.73,1.35
2012-08-17,30,423351.15,430878.28,-7527.13,-1.75
2012-08-24,30,425296.65,423351.15,1945.5,0.46
2012-08-31,30,439132.5,425296.65,13835.85,3.25
2012-09-07,30,433565.77,439132.5,-5566.73,-1.27
2012-09-14,30,437773.31,433565.77,4207.54,0.97
2012-09-21,30,443891.64,437773.31,6118.33,1.4
2012-09-28,30,425410.04,443891.64,-18481.6,-4.16
2012-10-05,30,446751.45,425410.04,21341.41,5.02
2012-10-12,30,434593.26,446751.45,-12158.19,-2.72
2012-10-19,30,437537.29,434593.26,2944.03,0.68
2012-10-26,30,439424.5,437537.29,1887.21,0.43
2010-02-05,31,1469252.05,,,
2010-02-12,31,1543947.23,1469252.05,74695.18,5.08
2010-02-19,31,1473386.75,1543947.23,-70560.48,-4.57
2010-02-26,31,1344354.41,1473386.75,-129032.34,-8.76
2010-03-05,31,1384870.51,1344354.41,40516.1,3.01
2010-03-12,31,1366193.35,1384870.51,-18677.16,-1.35
2010-03-19,31,1332261.01,1366193.35,-33932.34,-2.48
2010-03-26,31,1229635.7,1332261.01,-102625.31,-7.7
2010-04-02,31,1357600.68,1229635.7,127964.98,10.41
2010-04-09,31,1395710.09,1357600.68,38109.41,2.81
2010-04-16,31,1367448.28,1395710.09,-28261.81,-2.02
2010-04-23,31,1280465.8,1367448.28,-86982.48,-6.36
2010-04-30,31,1243200.24,1280465.8,-37265.56,-2.91
2010-05-07,31,1381796.8,1243200.24,138596.56,11.15
2010-05-14,31,1287288.59,1381796.8,-94508.21,-6.84
2010-05-21,31,1337405.6,1287288.59,50117.01,3.89
2010-05-28,31,1309437.17,1337405.6,-27968.43,-2.09
2010-06-04,31,1427624.5,1309437.17,118187.33,9.03
2010-06-11,31,1377092.33,1427624.5,-50532.17,-3.54
2010-06-18,31,1368090.08,1377092.33,-9002.25,-0.65
2010-06-25,31,1303523.73,1368090.08,-64566.35,-4.72
2010-07-02,31,1311704.92,1303523.73,8181.19,0.63
2010-07-09,31,1315118.4,1311704.92,3413.48,0.26
2010-07-16,31,1335433.72,1315118.4,20315.32,1.54
2010-07-23,31,1276031.84,1335433.72,-59401.88,-4.45
2010-07-30,31,1231993.14,1276031.84,-44038.7,-3.45
2010-08-06,31,1352401.08,1231993.14,120407.94,9.77
2010-08-13,31,1327719.34,1352401.08,-24681.74,-1.83
2010-08-20,31,1376571.21,1327719.34,48851.87,3.68
2010-08-27,31,1326621.98,1376571.21,-49949.23,-3.63
2010-09-03,31,1302047.48,1326621.98,-24574.5,-1.85
2010-09-10,31,1308179.02,1302047.48,6131.54,0.47
2010-09-17,31,1294105.01,1308179.02,-14074.01,-1.08
2010-09-24,31,1230250.25,1294105.01,-63854.76,-4.93
2010-10-01,31,1213981.64,1230250.25,-16268.61,-1.32
2010-10-08,31,1300131.68,1213981.64,86150.04,7.1
2010-10-15,31,1265852.43,1300131.68,-34279.25,-2.64
2010-10-22,31,1262289.29,1265852.43,-3563.14,-0.28
2010-10-29,31,1257921.28,1262289.29,-4368.01,-0.35
2010-11-05,31,1324455.72,1257921.28,66534.44,5.29
2010-11-12,31,1352780.76,1324455.72,28325.04,2.14
2010-11-19,31,1359158.57,1352780.76,6377.81,0.47
2010-11-26,31,1858856.06,1359158.57,499697.49,36.77
2010-12-03,31,1338716.37,1858856.06,-520139.69,-27.98
2010-12-10,31,1475685.1,1338716.37,136968.73,10.23
2010-12-17,31,1714667.0,1475685.1,238981.9,16.19
2010-12-24,31,2068942.97,1714667.0,354275.97,20.66
2010-12-31,31,1198071.6,2068942.97,-870871.37,-42.09
2011-01-07,31,1311986.87,1198071.6,113915.27,9.51
2011-01-14,31,1350730.31,1311986.87,38743.44,2.95
2011-01-21,31,1344167.13,1350730.31,-6563.18,-0.49
2011-01-28,31,1254955.68,1344167.13,-89211.45,-6.64
2011-02-04,31,1443206.46,1254955.68,188250.78,15.0
2011-02-11,31,1539230.32,1443206.46,96023.86,6.65
2011-02-18,31,1539063.91,1539230.32,-166.41,-0.01
2011-02-25,31,1365678.22,1539063.91,-173385.69,-11.27
2011-03-04,31,1412721.18,1365678.22,47042.96,3.44
2011-03-11,31,1405572.93,1412721.18,-7148.25,-0.51
2011-03-18,31,1425559.02,1405572.93,19986.09,1.42
2011-03-25,31,1357036.1,1425559.02,-68522.92,-4.81
2011-04-01,31,1344890.73,1357036.1,-12145.37,-0.89
2011-04-08,31,1416790.17,1344890.73,71899.44,5.35
2011-04-15,31,1408464.08,1416790.17,-8326.09,-0.59
2011-04-22,31,1461393.91,1408464.08,52929.83,3.76
2011-04-29,31,1331137.96,1461393.91,-130255.95,-8.91
2011-05-06,31,1388755.61,1331137.96,57617.65,4.33
2011-05-13,31,1408118.22,1388755.61,19362.61,1.39
2011-05-20,31,1387365.19,1408118.22,-20753.03,-1.47
2011-05-27,31,1342273.64,1387365.19,-45091.55,-3.25
2011-06-03,31,1430348.1,1342273.64,88074.46,6.56
2011-06-10,31,1425299.37,1430348.1,-5048.73,-0.35
2011-06-17,31,1491039.14,1425299.37,65739.77,4.61
2011-06-24,31,1375962.46,1491039.14,-115076.68,-7.72
2011-07-01,31,1371889.27,1375962.46,-4073.19,-0.3
2011-07-08,31,1423144.47,1371889.27,51255.2,3.74
2011-07-15,31,1415473.91,1423144.47,-7670.56,-0.54
2011-07-22,31,1401944.8,1415473.91,-13529.11,-0.96
2011-07-29,31,1308122.15,1401944.8,-93822.65,-6.69
2011-08-05,31,1428993.33,1308122.15,120871.18,9.24
2011-08-12,31,1443311.49,1428993.33,14318.16,1.0
2011-08-19,31,1487542.53,1443311.49,44231.04,3.06
2011-08-26,31,1417267.07,1487542.53,-70275.46,-4.72
2011-09-02,31,1385769.03,1417267.07,-31498.04,-2.22
2011-09-09,31,1376670.27,1385769.03,-9098.76,-0.66
2011-09-16,31,1363460.86,1376670.27,-13209.41,-0.96
2011-09-23,31,1347607.74,1363460.86,-15853.12,-1.16
2011-09-30,31,1285534.74,1347607.74,-62073.0,-4.61
2011-10-07,31,1427383.24,1285534.74,141848.5,11.03
2011-10-14,31,1378340.18,1427383.24,-49043.06,-3.44
2011-10-21,31,1409310.4,1378340.18,30970.22,2.25
2011-10-28,31,1346862.72,1409310.4,-62447.68,-4.43
2011-11-04,31,1426405.46,1346862.72,79542.74,5.91
2011-11-11,31,1444783.64,1426405.46,18378.18,1.29
2011-11-18,31,1445174.79,1444783.64,391.15,0.03
2011-11-25,31,1934099.65,1445174.79,488924.86,33.83
2011-12-02,31,1388809.43,1934099.65,-545290.22,-28.19
2011-12-09,31,1556798.94,1388809.43,167989.51,12.1
2011-12-16,31,1611196.61,1556798.94,54397.67,3.49
2011-12-23,31,2026176.14,1611196.61,414979.53,25.76
2011-12-30,31,1355405.95,2026176.14,-670770.19,-33.11
2012-01-06,31,1401232.52,1355405.95,45826.57,3.38
2012-01-13,31,1377485.12,1401232.52,-23747.4,-1.69
2012-01-20,31,1372504.9,1377485.12,-4980.22,-0.36
2012-01-27,31,1259941.48,1372504.9,-112563.42,-8.2
2012-02-03,31,1391479.91,1259941.48,131538.43,10.44
2012-02-10,31,1527688.58,1391479.91,136208.67,9.79
2012-02-17,31,1570813.52,1527688.58,43124.94,2.82
2012-02-24,31,1392543.37,1570813.52,-178270.15,-11.35
2012-03-02,31,1427881.22,1392543.37,35337.85,2.54
2012-03-09,31,1439034.86,1427881.22,11153.64,0.78
2012-03-16,31,1481728.13,1439034.86,42693.27,2.97
2012-03-23,31,1365824.97,1481728.13,-115903.16,-7.82
2012-03-30,31,1318854.22,1365824.97,-46970.75,-3.44
2012-04-06,31,1496169.81,1318854.22,177315.59,13.44
2012-04-13,31,1407842.91,1496169.81,-88326.9,-5.9
2012-04-20,31,1407036.59,1407842.91,-806.32,-0.06
2012-04-27,31,1311352.25,1407036.59,-95684.34,-6.8
2012-05-04,31,1391257.28,1311352.25,79905.03,6.09
2012-05-11,31,1392938.06,1391257.28,1680.78,0.12
2012-05-18,31,1441473.82,1392938.06,48535.76,3.48
2012-05-25,31,1397094.26,1441473.82,-44379.56,-3.08
2012-06-01,31,1404516.29,1397094.26,7422.03,0.53
2012-06-08,31,1443285.79,1404516.29,38769.5,2.76
2012-06-15,31,1431003.43,1443285.79,-12282.36,-0.85
2012-06-22,31,1394065.76,1431003.43,-36937.67,-2.58
2012-06-29,31,1349202.25,1394065.76,-44863.51,-3.22
2012-07-06,31,1458059.42,1349202.25,108857.17,8.07
2012-07-13,31,1374301.34,1458059.42,-83758.08,-5.74
2012-07-20,31,1392395.2,1374301.34,18093.86,1.32
2012-07-27,31,1303732.36,1392395.2,-88662.84,-6.37
2012-08-03,31,1390174.63,1303732.36,86442.27,6.63
2012-08-10,31,1386472.59,1390174.63,-3702.04,-0.27
2012-08-17,31,1410181.7,1386472.59,23709.11,1.71
2012-08-24,31,1379783.21,1410181.7,-30398.49,-2.16
2012-08-31,31,1373651.49,1379783.21,-6131.72,-0.44
2012-09-07,31,1358111.62,1373651.49,-15539.87,-1.13
2012-09-14,31,1327705.44,1358111.62,-30406.18,-2.24
2012-09-21,31,1373064.87,1327705.44,45359.43,3.42
2012-09-28,31,1279080.58,1373064.87,-93984.29,-6.84
2012-10-05,31,1363365.05,1279080.58,84284.47,6.59
2012-10-12,31,1401113.42,1363365.05,37748.37,2.77
2012-10-19,31,1378730.45,1401113.42,-22382.97,-1.6
2012-10-26,31,1340232.55,1378730.45,-38497.9,-2.79
2010-02-05,32,1087616.19,,,
2010-02-12,32,1123566.12,1087616.19,35949.93,3.31
2010-02-19,32,1082559.06,1123566.12,-41007.06,-3.65
2010-02-26,32,1053247.1,1082559.06,-29311.96,-2.71
2010-03-05,32,1066566.74,1053247.1,13319.64,1.26
2010-03-12,32,1093319.37,1066566.74,26752.63,2.51
2010-03-19,32,1059781.78,1093319.37,-33537.59,-3.07
2010-03-26,32,1076021.58,1059781.78,16239.8,1.53
2010-04-02,32,1131732.94,1076021.58,55711.36,5.18
2010-04-09,32,1095889.22,1131732.94,-35843.72,-3.17
2010-04-16,32,1082763.27,1095889.22,-13125.95,-1.2
2010-04-23,32,1072474.8,1082763.27,-10288.47,-0.95
2010-04-30,32,1066792.63,1072474.8,-5682.17,-0.53
2010-05-07,32,1133657.58,1066792.63,66864.95,6.27
2010-05-14,32,1079314.52,1133657.58,-54343.06,-4.79
2010-05-21,32,1143819.35,1079314.52,64504.83,5.98
2010-05-28,32,1205662.85,1143819.35,61843.5,5.41
2010-06-04,32,1149234.96,1205662.85,-56427.89,-4.68
2010-06-11,32,1192074.09,1149234.96,42839.13,3.73
2010-06-18,32,1150191.72,1192074.09,-41882.37,-3.51
2010-06-25,32,1124763.74,1150191.72,-25427.98,-2.21
2010-07-02,32,1187988.64,1124763.74,63224.9,5.62
2010-07-09,32,1077253.67,1187988.64,-110734.97,-9.32
2010-07-16,32,1120172.24,1077253.67,42918.57,3.98
2010-07-23,32,1109574.11,1120172.24,-10598.13,-0.95
2010-07-30,32,1065350.56,1109574.11,-44223.55,-3.99
2010-08-06,32,1144552.09,1065350.56,79201.53,7.43
2010-08-13,32,1157975.68,1144552.09,13423.59,1.17
2010-08-20,32,1189887.86,1157975.68,31912.18,2.76
2010-08-27,32,1140501.03,1189887.86,-49386.83,-4.15
2010-09-03,32,1095932.51,1140501.03,-44568.52,-3.91
2010-09-10,32,1028635.39,1095932.51,-67297.12,-6.14
2010-09-17,32,1043962.36,1028635.39,15326.97,1.49
2010-09-24,32,1067432.1,1043962.36,23469.74,2.25
2010-10-01,32,1061089.56,1067432.1,-6342.54,-0.59
2010-10-08,32,1085483.44,1061089.56,24393.88,2.3
2010-10-15,32,1096692.88,1085483.44,11209.44,1.03
2010-10-22,32,1102185.0,1096692.88,5492.12,0.5
2010-10-29,32,1115138.51,1102185.0,12953.51,1.18
2010-11-05,32,1063056.21,1115138.51,-52082.3,-4.67
2010-11-12,32,1141019.11,1063056.21,77962.9,7.33
2010-11-19,32,1150729.89,1141019.11,9710.78,0.85
2010-11-26,32,1634635.86,1150729.89,483905.97,42.05
2010-12-03,32,1200892.56,1634635.86,-433743.3,-26.53
2010-12-10,32,1377322.73,1200892.56,176430.17,14.69
2010-12-17,32,1557776.1,1377322.73,180453.37,13.1
2010-12-24,32,1949183.14,1557776.1,391407.04,25.13
2010-12-31,32,955463.84,1949183.14,-993719.3,-50.98
2011-01-07,32,1046416.17,955463.84,90952.33,9.52
2011-01-14,32,1028206.51,1046416.17,-18209.66,-1.74
2011-01-21,32,1078348.91,1028206.51,50142.4,4.88
2011-01-28,32,1006814.85,1078348.91,-71534.06,-6.63
2011-02-04,32,1070457.8,1006814.85,63642.95,6.32
2011-02-11,32,1124357.2,1070457.8,53899.4,5.04
2011-02-18,32,1183528.58,1124357.2,59171.38,5.26
2011-02-25,32,1054754.67,1183528.58,-128773.91,-10.88
2011-03-04,32,1106847.62,1054754.67,52092.95,4.94
2011-03-11,32,1101458.21,1106847.62,-5389.41,-0.49
2011-03-18,32,1100765.5,1101458.21,-692.71,-0.06
2011-03-25,32,1068719.22,1100765.5,-32046.28,-2.91
2011-04-01,32,1051121.02,1068719.22,-17598.2,-1.65
2011-04-08,32,1102975.59,1051121.02,51854.57,4.93
2011-04-15,32,1120508.14,1102975.59,17532.55,1.59
2011-04-22,32,1210602.91,1120508.14,90094.77,8.04
2011-04-29,32,1107494.55,1210602.91,-103108.36,-8.52
2011-05-06,32,1181793.55,1107494.55,74299.0,6.71
2011-05-13,32,1138162.76,1181793.55,-43630.79,-3.69
2011-05-20,32,1145084.76,1138162.76,6922.0,0.61
2011-05-27,32,1175447.49,1145084.76,30362.73,2.65
2011-06-03,32,1167757.0,1175447.49,-7690.49,-0.65
2011-06-10,32,1239741.34,1167757.0,71984.34,6.16
2011-06-17,32,1192031.38,1239741.34,-47709.96,-3.85
2011-06-24,32,1163869.52,1192031.38,-28161.86,-2.36
2011-07-01,32,1199845.29,1163869.52,35975.77,3.09
2011-07-08,32,1110244.52,1199845.29,-89600.77,-7.47
2011-07-15,32,1144254.26,1110244.52,34009.74,3.06
2011-07-22,32,1185674.48,1144254.26,41420.22,3.62
2011-07-29,32,1169988.62,1185674.48,-15685.86,-1.32
2011-08-05,32,1201694.14,1169988.62,31705.52,2.71
2011-08-12,32,1206795.74,1201694.14,5101.6,0.42
2011-08-19,32,1221318.17,1206795.74,14522.43,1.2
2011-08-26,32,1183740.91,1221318.17,-37577.26,-3.08
2011-09-02,32,1152117.5,1183740.91,-31623.41,-2.67
2011-09-09,32,1128237.3,1152117.5,-23880.2,-2.07
2011-09-16,32,1142499.25,1128237.3,14261.95,1.26
2011-09-23,32,1116140.29,1142499.25,-26358.96,-2.31
2011-09-30,32,1088943.98,1116140.29,-27196.31,-2.44
2011-10-07,32,1149448.02,1088943.98,60504.04,5.56
2011-10-14,32,1175420.26,1149448.02,25972.24,2.26
2011-10-21,32,1151258.74,1175420.26,-24161.52,-2.06
2011-10-28,32,1185391.96,1151258.74,34133.22,2.96
2011-11-04,32,1204628.28,1185391.96,19236.32,1.62
2011-11-11,32,1182733.0,1204628.28,-21895.28,-1.82
2011-11-18,32,1181651.55,1182733.0,-1081.45,-0.09
2011-11-25,32,1684468.66,1181651.55,502817.11,42.55
2011-12-02,32,1179773.88,1684468.66,-504694.78,-29.96
2011-12-09,32,1415746.91,1179773.88,235973.03,20.0
2011-12-16,32,1556017.91,1415746.91,140271.0,9.91
2011-12-23,32,1959526.96,1556017.91,403509.05,25.93
2011-12-30,32,1102367.65,1959526.96,-857159.31,-43.74
2012-01-06,32,1099937.25,1102367.65,-2430.4,-0.22
2012-01-13,32,1071598.36,1099937.25,-28338.89,-2.58
2012-01-20,32,1080012.04,1071598.36,8413.68,0.79
2012-01-27,32,1051864.6,1080012.04,-28147.44,-2.61
2012-02-03,32,1156826.31,1051864.6,104961.71,9.98
2012-02-10,32,1129422.86,1156826.31,-27403.45,-2.37
2012-02-17,32,1243812.59,1129422.86,114389.73,10.13
2012-02-24,32,1091822.72,1243812.59,-151989.87,-12.22
2012-03-02,32,1153332.89,1091822.72,61510.17,5.63
2012-03-09,32,1124537.97,1153332.89,-28794.92,-2.5
2012-03-16,32,1138101.18,1124537.97,13563.21,1.21
2012-03-23,32,1146632.46,1138101.18,8531.28,0.75
2012-03-30,32,1108686.87,1146632.46,-37945.59,-3.31
2012-04-06,32,1270577.01,1108686.87,161890.14,14.6
2012-04-13,32,1171834.47,1270577.01,-98742.54,-7.77
2012-04-20,32,1121405.91,1171834.47,-50428.56,-4.3
2012-04-27,32,1126962.44,1121405.91,5556.53,0.5
2012-05-04,32,1187384.53,1126962.44,60422.09,5.36
2012-05-11,32,1187051.07,1187384.53,-333.46,-0.03
2012-05-18,32,1177539.71,1187051.07,-9511.36,-0.8
2012-05-25,32,1232784.22,1177539.71,55244.51,4.69
2012-06-01,32,1157557.79,1232784.22,-75226.43,-6.1
2012-06-08,32,1246322.44,1157557.79,88764.65,7.67
2012-06-15,32,1234759.54,1246322.44,-11562.9,-0.93
2012-06-22,32,1196880.11,1234759.54,-37879.43,-3.07
2012-06-29,32,1178211.81,1196880.11,-18668.3,-1.56
2012-07-06,32,1214183.97,1178211.81,35972.16,3.05
2012-07-13,32,1141184.66,1214183.97,-72999.31,-6.01
2012-07-20,32,1167829.33,1141184.66,26644.67,2.33
2012-07-27,32,1144901.52,1167829.33,-22927.81,-1.96
2012-08-03,32,1183571.35,1144901.52,38669.83,3.38
2012-08-10,32,1227469.2,1183571.35,43897.85,3.71
2012-08-17,32,1261306.37,1227469.2,33837.17,2.76
2012-08-24,32,1272809.11,1261306.37,11502.74,0.91
2012-08-31,32,1183979.27,1272809.11,-88829.84,-6.98
2012-09-07,32,1126685.95,1183979.27,-57293.32,-4.84
2012-09-14,32,1156377.47,1126685.95,29691.52,2.64
2012-09-21,32,1159119.6,1156377.47,2742.13,0.24
2012-09-28,32,1157111.15,1159119.6,-2008.45,-0.17
2012-10-05,32,1202775.24,1157111.15,45664.09,3.95
2012-10-12,32,1176681.31,1202775.24,-26093.93,-2.17
2012-10-19,32,1199292.06,1176681.31,22610.75,1.92
2012-10-26,32,1219979.29,1199292.06,20687.23,1.72
2010-02-05,33,274593.43,,,
2010-02-12,33,294882.83,274593.43,20289.4,7.39
2010-02-19,33,296850.83,294882.83,1968.0,0.67
2010-02-26,33,284052.77,296850.83,-12798.06,-4.31
2010-03-05,33,291484.89,284052.77,7432.12,2.62
2010-03-12,33,312161.0,291484.89,20676.11,7.09
2010-03-19,33,282235.73,312161.0,-29925.27,-9.59
2010-03-26,33,262893.76,282235.73,-19341.97,-6.85
2010-04-02,33,274634.52,262893.76,11740.76,4.47
2010-04-09,33,325201.05,274634.52,50566.53,18.41
2010-04-16,33,307779.64,325201.05,-17421.41,-5.36
2010-04-23,33,263263.02,307779.64,-44516.62,-14.46
2010-04-30,33,275883.23,263263.02,12620.21,4.79
2010-05-07,33,326870.13,275883.23,50986.9,18.48
2010-05-14,33,331173.51,326870.13,4303.38,1.32
2010-05-21,33,294264.2,331173.51,-36909.31,-11.15
2010-05-28,33,279246.33,294264.2,-15017.87,-5.1
2010-06-04,33,285100.0,279246.33,5853.67,2.1
2010-06-11,33,310800.79,285100.0,25700.79,9.01
2010-06-18,33,272399.08,310800.79,-38401.71,-12.36
2010-06-25,33,259419.91,272399.08,-12979.17,-4.76
2010-07-02,33,267495.76,259419.91,8075.85,3.11
2010-07-09,33,302423.93,267495.76,34928.17,13.06
2010-07-16,33,280937.84,302423.93,-21486.09,-7.1
2010-07-23,33,252734.31,280937.84,-28203.53,-10.04
2010-07-30,33,242047.03,252734.31,-10687.28,-4.23
2010-08-06,33,262789.95,242047.03,20742.92,8.57
2010-08-13,33,265367.51,262789.95,2577.56,0.98
2010-08-20,33,230519.49,265367.51,-34848.02,-13.13
2010-08-27,33,224031.19,230519.49,-6488.3,-2.81
2010-09-03,33,237405.82,224031.19,13374.63,5.97
2010-09-10,33,272834.88,237405.82,35429.06,14.92
2010-09-17,33,246277.18,272834.88,-26557.7,-9.73
2010-09-24,33,231976.84,246277.18,-14300.34,-5.81
2010-10-01,33,224294.39,231976.84,-7682.45,-3.31
2010-10-08,33,266484.19,224294.39,42189.8,18.81
2010-10-15,33,251732.92,266484.19,-14751.27,-5.54
2010-10-22,33,234175.92,251732.92,-17557.0,-6.97
2010-10-29,33,213538.32,234175.92,-20637.6,-8.81
2010-11-05,33,246124.61,213538.32,32586.29,15.26
2010-11-12,33,272803.94,246124.61,26679.33,10.84
2010-11-19,33,224639.76,272803.94,-48164.18,-17.66
2010-11-26,33,240044.57,224639.76,15404.81,6.86
2010-12-03,33,209986.25,240044.57,-30058.32,-12.52
2010-12-10,33,253050.1,209986.25,43063.85,20.51
2010-12-17,33,238875.26,253050.1,-14174.84,-5.6
2010-12-24,33,249246.8,238875.26,10371.54,4.34
2010-12-31,33,219804.85,249246.8,-29441.95,-11.81
2011-01-07,33,243948.82,219804.85,24143.97,10.98
2011-01-14,33,259527.75,243948.82,15578.93,6.39
2011-01-21,33,244856.44,259527.75,-14671.31,-5.65
2011-01-28,33,231155.9,244856.44,-13700.54,-5.6
2011-02-04,33,234218.03,231155.9,3062.13,1.32
2011-02-11,33,276198.74,234218.03,41980.71,17.92
2011-02-18,33,252349.6,276198.74,-23849.14,-8.63
2011-02-25,33,242901.21,252349.6,-9448.39,-3.74
2011-03-04,33,245435.8,242901.21,2534.59,1.04
2011-03-11,33,270921.44,245435.8,25485.64,10.38
2011-03-18,33,247234.47,270921.44,-23686.97,-8.74
2011-03-25,33,238084.08,247234.47,-9150.39,-3.7
2011-04-01,33,232769.09,238084.08,-5314.99,-2.23
2011-04-08,33,271924.73,232769.09,39155.64,16.82
2011-04-15,33,275749.56,271924.73,3824.83,1.41
2011-04-22,33,248603.3,275749.56,-27146.26,-9.84
2011-04-29,33,248561.86,248603.3,-41.44,-0.02
2011-05-06,33,257031.19,248561.86,8469.33,3.41
2011-05-13,33,279466.87,257031.19,22435.68,8.73
2011-05-20,33,239206.26,279466.87,-40260.61,-14.41
2011-05-27,33,239431.85,239206.26,225.59,0.09
2011-06-03,33,243477.03,239431.85,4045.18,1.69
2011-06-10,33,258427.39,243477.03,14950.36,6.14
2011-06-17,33,238172.66,258427.39,-20254.73,-7.84
2011-06-24,33,238433.53,238172.66,260.87,0.11
2011-07-01,33,226702.36,238433.53,-11731.17,-4.92
2011-07-08,33,262717.71,226702.36,36015.35,15.89
2011-07-15,33,265003.47,262717.71,2285.76,0.87
2011-07-22,33,238915.05,265003.47,-26088.42,-9.84
2011-07-29,33,224806.96,238915.05,-14108.09,-5.91
2011-08-05,33,242456.39,224806.96,17649.43,7.85
2011-08-12,33,274721.85,242456.39,32265.46,13.31
2011-08-19,33,242771.37,274721.85,-31950.48,-11.63
2011-08-26,33,237095.82,242771.37,-5675.55,-2.34
2011-09-02,33,239198.36,237095.82,2102.54,0.89
2011-09-09,33,281842.28,239198.36,42643.92,17.83
2011-09-16,33,262407.57,281842.28,-19434.71,-6.9
2011-09-23,33,234793.12,262407.57,-27614.45,-10.52
2011-09-30,33,229731.98,234793.12,-5061.14,-2.16
2011-10-07,33,262159.13,229731.98,32427.15,14.12
2011-10-14,33,272487.33,262159.13,10328.2,3.94
2011-10-21,33,233543.08,272487.33,-38944.25,-14.29
2011-10-28,33,231319.96,233543.08,-2223.12,-0.95
2011-11-04,33,236157.12,231319.96,4837.16,2.09
2011-11-11,33,271961.04,236157.12,35803.92,15.16
2011-11-18,33,251294.5,271961.04,-20666.54,-7.6
2011-11-25,33,255996.47,251294.5,4701.97,1.87
2011-12-02,33,220060.35,255996.47,-35936.12,-14.04
2011-12-09,33,270373.05,220060.35,50312.7,22.86
2011-12-16,33,259638.35,270373.05,-10734.7,-3.97
2011-12-23,33,256235.19,259638.35,-3403.16,-1.31
2011-12-30,33,215359.21,256235.19,-40875.98,-15.95
2012-01-06,33,267058.08,215359.21,51698.87,24.01
2012-01-13,33,279447.22,267058.08,12389.14,4.64
2012-01-20,33,244899.2,279447.22,-34548.02,-12.36
2012-01-27,33,236920.49,244899.2,-7978.71,-3.26
2012-02-03,33,256091.32,236920.49,19170.83,8.09
2012-02-10,33,282552.58,256091.32,26461.26,10.33
2012-02-17,33,266300.98,282552.58,-16251.6,-5.75
2012-02-24,33,242526.7,266300.98,-23774.28,-8.93
2012-03-02,33,248051.53,242526.7,5524.83,2.28
2012-03-09,33,287346.29,248051.53,39294.76,15.84
2012-03-16,33,278067.73,287346.29,-9278.56,-3.23
2012-03-23,33,246970.97,278067.73,-31096.76,-11.18
2012-03-30,33,251327.67,246970.97,4356.7,1.76
2012-04-06,33,275911.97,251327.67,24584.3,9.78
2012-04-13,33,312698.67,275911.97,36786.7,13.33
2012-04-20,33,261837.2,312698.67,-50861.47,-16.27
2012-04-27,33,249798.75,261837.2,-12038.45,-4.6
2012-05-04,33,270497.51,249798.75,20698.76,8.29
2012-05-11,33,295841.84,270497.51,25344.33,9.37
2012-05-18,33,276899.95,295841.84,-18941.89,-6.4
2012-05-25,33,261851.74,276899.95,-15048.21,-5.43
2012-06-01,33,261131.09,261851.74,-720.65,-0.28
2012-06-08,33,286082.76,261131.09,24951.67,9.56
2012-06-15,33,290444.31,286082.76,4361.55,1.52
2012-06-22,33,261666.29,290444.31,-28778.02,-9.91
2012-06-29,33,244338.31,261666.29,-17327.98,-6.62
2012-07-06,33,273690.37,244338.31,29352.06,12.01
2012-07-13,33,287033.64,273690.37,13343.27,4.88
2012-07-20,33,253205.89,287033.64,-33827.75,-11.79
2012-07-27,33,249134.32,253205.89,-4071.57,-1.61
2012-08-03,33,258533.12,249134.32,9398.8,3.77
2012-08-10,33,297753.49,258533.12,39220.37,15.17
2012-08-17,33,270097.76,297753.49,-27655.73,-9.29
2012-08-24,33,247672.56,270097.76,-22425.2,-8.3
2012-08-31,33,237129.81,247672.56,-10542.75,-4.26
2012-09-07,33,286428.78,237129.81,49298.97,20.79
2012-09-14,33,277417.53,286428.78,-9011.25,-3.15
2012-09-21,33,252709.58,277417.53,-24707.95,-8.91
2012-09-28,33,242813.51,252709.58,-9896.07,-3.92
2012-10-05,33,265444.9,242813.51,22631.39,9.32
2012-10-12,33,291781.15,265444.9,26336.25,9.92
2012-10-19,33,254412.34,291781.15,-37368.81,-12.81
2012-10-26,33,253731.13,254412.34,-681.21,-0.27
2010-02-05,34,956228.96,,,
2010-02-12,34,994610.99,956228.96,38382.03,4.01
2010-02-19,34,983963.07,994610.99,-10647.92,-1.07
2010-02-26,34,905756.13,983963.07,-78206.94,-7.95
2010-03-05,34,918295.79,905756.13,12539.66,1.38
2010-03-12,34,921247.88,918295.79,2952.09,0.32
2010-03-19,34,892070.82,921247.88,-29177.06,-3.17
2010-03-26,34,880742.35,892070.82,-11328.47,-1.27
2010-04-02,34,979428.66,880742.35,98686.31,11.2
2010-04-09,34,950684.2,979428.66,-28744.46,-2.93
2010-04-16,34,923344.54,950684.2,-27339.66,-2.88
2010-04-23,34,910240.68,923344.54,-13103.86,-1.42
2010-04-30,34,859922.19,910240.68,-50318.49,-5.53
2010-05-07,34,953495.48,859922.19,93573.29,10.88
2010-05-14,34,933924.44,953495.48,-19571.04,-2.05
2010-05-21,34,913616.32,933924.44,-20308.12,-2.17
2010-05-28,34,942868.38,913616.32,29252.06,3.2
2010-06-04,34,966187.51,942868.38,23319.13,2.47
2010-06-11,34,954681.56,966187.51,-11505.95,-1.19
2010-06-18,34,941612.04,954681.56,-13069.52,-1.37
2010-06-25,34,895800.07,941612.04,-45811.97,-4.87
2010-07-02,34,919229.36,895800.07,23429.29,2.62
2010-07-09,34,911210.81,919229.36,-8018.55,-0.87
2010-07-16,34,930269.79,911210.81,19058.98,2.09
2010-07-23,34,902050.95,930269.79,-28218.84,-3.03
2010-07-30,34,875976.83,902050.95,-26074.12,-2.89
2010-08-06,34,987435.35,875976.83,111458.52,12.72
2010-08-13,34,951208.65,987435.35,-36226.7,-3.67
2010-08-20,34,985152.94,951208.65,33944.29,3.57
2010-08-27,34,855421.39,985152.94,-129731.55,-13.17
2010-09-03,34,964356.74,855421.39,108935.35,12.73
2010-09-10,34,932240.96,964356.74,-32115.78,-3.33
2010-09-17,34,885445.47,932240.96,-46795.49,-5.02
2010-09-24,34,867539.07,885445.47,-17906.4,-2.02
2010-10-01,34,865709.11,867539.07,-1829.96,-0.21
2010-10-08,34,931710.67,865709.11,66001.56,7.62
2010-10-15,34,888703.62,931710.67,-43007.05,-4.62
2010-10-22,34,936293.6,888703.62,47589.98,5.35
2010-10-29,34,926294.02,936293.6,-9999.58,-1.07
2010-11-05,34,972292.31,926294.02,45998.29,4.97
2010-11-12,34,979730.78,972292.31,7438.47,0.77
2010-11-19,34,955766.33,979730.78,-23964.45,-2.45
2010-11-26,34,1309476.68,955766.33,353710.35,37.01
2010-12-03,34,1001512.21,1309476.68,-307964.47,-23.52
2010-12-10,34,1086661.02,1001512.21,85148.81,8.5
2010-12-17,34,1227148.13,1086661.02,140487.11,12.93
2010-12-24,34,1620748.25,1227148.13,393600.12,32.07
2010-12-31,34,902109.69,1620748.25,-718638.56,-44.34
2011-01-07,34,900646.94,902109.69,-1462.75,-0.16
2011-01-14,34,898610.33,900646.94,-2036.61,-0.23
2011-01-21,34,891025.39,898610.33,-7584.94,-0.84
2011-01-28,34,836717.75,891025.39,-54307.64,-6.09
2011-02-04,34,971932.87,836717.75,135215.12,16.16
2011-02-11,34,1015654.6,971932.87,43721.73,4.5
2011-02-18,34,1062629.3,1015654.6,46974.7,4.63
2011-02-25,34,953331.45,1062629.3,-109297.85,-10.29
2011-03-04,34,963910.81,953331.45,10579.36,1.11
2011-03-11,34,943951.67,963910.81,-19959.14,-2.07
2011-03-18,34,1014218.8,943951.67,70267.13,7.44
2011-03-25,34,922898.38,1014218.8,-91320.42,-9.0
2011-04-01,34,884233.67,922898.38,-38664.71,-4.19
2011-04-08,34,975479.83,884233.67,91246.16,10.32
2011-04-15,34,941829.0,975479.83,-33650.83,-3.45
2011-04-22,34,1051518.45,941829.0,109689.45,11.65
2011-04-29,34,895973.02,1051518.45,-155545.43,-14.79
2011-05-06,34,965853.58,895973.02,69880.56,7.8
2011-05-13,34,966232.69,965853.58,379.11,0.04
2011-05-20,34,945018.83,966232.69,-21213.86,-2.2
2011-05-27,34,941311.83,945018.83,-3707.0,-0.39
2011-06-03,34,947229.24,941311.83,5917.41,0.63
2011-06-10,34,943912.77,947229.24,-3316.47,-0.35
2011-06-17,34,968258.09,943912.77,24345.32,2.58
2011-06-24,34,923795.04,968258.09,-44463.05,-4.59
2011-07-01,34,911106.22,923795.04,-12688.82,-1.37
2011-07-08,34,926934.57,911106.22,15828.35,1.74
2011-07-15,34,903882.96,926934.57,-23051.61,-2.49
2011-07-22,34,913236.62,903882.96,9353.66,1.03
2011-07-29,34,851461.9,913236.62,-61774.72,-6.76
2011-08-05,34,942236.45,851461.9,90774.55,10.66
2011-08-12,34,956251.18,942236.45,14014.73,1.49
2011-08-19,34,960418.54,956251.18,4167.36,0.44
2011-08-26,34,871404.6,960418.54,-89013.94,-9.27
2011-09-02,34,926455.64,871404.6,55051.04,6.32
2011-09-09,34,930506.14,926455.64,4050.5,0.44
2011-09-16,34,927249.61,930506.14,-3256.53,-0.35
2011-09-23,34,902852.73,927249.61,-24396.88,-2.63
2011-09-30,34,871847.85,902852.73,-31004.88,-3.43
2011-10-07,34,954069.45,871847.85,82221.6,9.43
2011-10-14,34,911788.79,954069.45,-42280.66,-4.43
2011-10-21,34,953693.23,911788.79,41904.44,4.6
2011-10-28,34,958063.87,953693.23,4370.64,0.46
2011-11-04,34,992621.93,958063.87,34558.06,3.61
2011-11-11,34,991570.02,992621.93,-1051.91,-0.11
2011-11-18,34,947552.44,991570.02,-44017.58,-4.44
2011-11-25,34,1345595.82,947552.44,398043.38,42.01
2011-12-02,34,988742.08,1345595.82,-356853.74,-26.52
2011-12-09,34,1084243.91,988742.08,95501.83,9.66
2011-12-16,34,1151052.86,1084243.91,66808.95,6.16
2011-12-23,34,1593655.96,1151052.86,442603.1,38.45
2011-12-30,34,965512.36,1593655.96,-628143.6,-39.42
2012-01-06,34,953844.85,965512.36,-11667.51,-1.21
2012-01-13,34,913755.12,953844.85,-40089.73,-4.2
2012-01-20,34,910899.05,913755.12,-2856.07,-0.31
2012-01-27,34,872450.37,910899.05,-38448.68,-4.22
2012-02-03,34,939367.14,872450.37,66916.77,7.67
2012-02-10,34,1047658.09,939367.14,108290.95,11.53
2012-02-17,34,1123446.51,1047658.09,75788.42,7.23
2012-02-24,34,950154.24,1123446.51,-173292.27,-15.43
2012-03-02,34,990263.7,950154.24,40109.46,4.22
2012-03-09,34,976393.43,990263.7,-13870.27,-1.4
2012-03-16,34,999298.43,976393.43,22905.0,2.35
2012-03-23,34,945143.33,999298.43,-54155.1,-5.42
2012-03-30,34,938861.77,945143.33,-6281.56,-0.66
2012-04-06,34,1091020.37,938861.77,152158.6,16.21
2012-04-13,34,987353.65,1091020.37,-103666.72,-9.5
2012-04-20,34,977628.78,987353.65,-9724.87,-0.98
2012-04-27,34,940299.87,977628.78,-37328.91,-3.82
2012-05-04,34,991104.4,940299.87,50804.53,5.4
2012-05-11,34,949625.52,991104.4,-41478.88,-4.19
2012-05-18,34,998672.85,949625.52,49047.33,5.16
2012-05-25,34,1015737.61,998672.85,17064.76,1.71
2012-06-01,34,977062.44,1015737.61,-38675.17,-3.81
2012-06-08,34,999511.29,977062.44,22448.85,2.3
2012-06-15,34,982345.51,999511.29,-17165.78,-1.72
2012-06-22,34,1000285.1,982345.51,17939.59,1.83
2012-06-29,34,942970.63,1000285.1,-57314.47,-5.73
2012-07-06,34,1007867.68,942970.63,64897.05,6.88
2012-07-13,34,954677.75,1007867.68,-53189.93,-5.28
2012-07-20,34,950929.59,954677.75,-3748.16,-0.39
2012-07-27,34,917883.79,950929.59,-33045.8,-3.48
2012-08-03,34,973250.41,917883.79,55366.62,6.03
2012-08-10,34,1004523.59,973250.41,31273.18,3.21
2012-08-17,34,1013820.86,1004523.59,9297.27,0.93
2012-08-24,34,926250.21,1013820.86,-87570.65,-8.64
2012-08-31,34,933487.71,926250.21,7237.5,0.78
2012-09-07,34,976415.56,933487.71,42927.85,4.6
2012-09-14,34,955211.7,976415.56,-21203.86,-2.17
2012-09-21,34,943047.78,955211.7,-12163.92,-1.27
2012-09-28,34,928629.31,943047.78,-14418.47,-1.53
2012-10-05,34,968896.68,928629.31,40267.37,4.34
2012-10-12,34,948613.39,968896.68,-20283.29,-2.09
2012-10-19,34,963516.28,948613.39,14902.89,1.57
2012-10-26,34,956987.81,963516.28,-6528.47,-0.68
2010-02-05,35,1230613.5,,,
2010-02-12,35,1168815.31,1230613.5,-61798.19,-5.02
2010-02-19,35,1270658.64,1168815.31,101843.33,8.71
2010-02-26,35,1020651.74,1270658.64,-250006.9,-19.68
2010-03-05,35,1162610.27,1020651.74,141958.53,13.91
2010-03-12,35,1150344.39,1162610.27,-12265.88,-1.06
2010-03-19,35,1117536.09,1150344.39,-32808.3,-2.85
2010-03-26,35,1078900.44,1117536.09,-38635.65,-3.46
2010-04-02,35,1189556.47,1078900.44,110656.03,10.26
2010-04-09,35,1198014.97,1189556.47,8458.5,0.71
2010-04-16,35,1084487.55,1198014.97,-113527.42,-9.48
2010-04-23,35,1110827.48,1084487.55,26339.93,2.43
2010-04-30,35,1096930.65,1110827.48,-13896.83,-1.25
2010-05-07,35,1182099.88,1096930.65,85169.23,7.76
2010-05-14,35,1104277.57,1182099.88,-77822.31,-6.58
2010-05-21,35,1078182.18,1104277.57,-26095.39,-2.36
2010-05-28,35,1223777.48,1078182.18,145595.3,13.5
2010-06-04,35,1282378.71,1223777.48,58601.23,4.79
2010-06-11,35,1160412.71,1282378.71,-121966.0,-9.51
2010-06-18,35,1198025.76,1160412.71,37613.05,3.24
2010-06-25,35,1230245.74,1198025.76,32219.98,2.69
2010-07-02,35,1245827.08,1230245.74,15581.34,1.27
2010-07-09,35,1268766.76,1245827.08,22939.68,1.84
2010-07-16,35,1124414.87,1268766.76,-144351.89,-11.38
2010-07-23,35,1121756.43,1124414.87,-2658.44,-0.24
2010-07-30,35,1139131.78,1121756.43,17375.35,1.55
2010-08-06,35,1180183.39,1139131.78,41051.61,3.6
2010-08-13,35,1090587.5,1180183.39,-89595.89,-7.59
2010-08-20,35,1033719.5,1090587.5,-56868.0,-5.21
2010-08-27,35,917693.06,1033719.5,-116026.44,-11.22
2010-09-03,35,948660.79,917693.06,30967.73,3.37
2010-09-10,35,961685.98,948660.79,13025.19,1.37
2010-09-17,35,831443.61,961685.98,-130242.37,-13.54
2010-09-24,35,758069.78,831443.61,-73373.83,-8.82
2010-10-01,35,771065.21,758069.78,12995.43,1.71
2010-10-08,35,874615.32,771065.21,103550.11,13.43
2010-10-15,35,798376.99,874615.32,-76238.33,-8.72
2010-10-22,35,827705.82,798376.99,29328.83,3.67
2010-10-29,35,857797.33,827705.82,30091.51,3.64
2010-11-05,35,843755.12,857797.33,-14042.21,-1.64
2010-11-12,35,870914.69,843755.12,27159.57,3.22
2010-11-19,35,846850.35,870914.69,-24064.34,-2.76
2010-11-26,35,1781866.98,846850.35,935016.63,110.41
2010-12-03,35,982598.88,1781866.98,-799268.1,-44.86
2010-12-10,35,1108580.19,982598.88,125981.31,12.82
2010-12-17,35,1314987.4,1108580.19,206407.21,18.62
2010-12-24,35,1779236.54,1314987.4,464249.14,35.3
2010-12-31,35,576332.05,1779236.54,-1202904.49,-67.61
2011-01-07,35,649289.75,576332.05,72957.7,12.66
2011-01-14,35,687670.78,649289.75,38381.03,5.91
2011-01-21,35,659902.07,687670.78,-27768.71,-4.04
2011-01-28,35,633289.78,659902.07,-26612.29,-4.03
2011-02-04,35,747577.05,633289.78,114287.27,18.05
2011-02-11,35,859258.17,747577.05,111681.12,14.94
2011-02-18,35,865305.88,859258.17,6047.71,0.7
2011-02-25,35,841129.26,865305.88,-24176.62,-2.79
2011-03-04,35,850448.54,841129.26,9319.28,1.11
2011-03-11,35,830601.39,850448.54,-19847.15,-2.33
2011-03-18,35,800662.82,830601.39,-29938.57,-3.6
2011-03-25,35,762184.1,800662.82,-38478.72,-4.81
2011-04-01,35,762620.94,762184.1,436.84,0.06
2011-04-08,35,813352.41,762620.94,50731.47,6.65
2011-04-15,35,795157.2,813352.41,-18195.21,-2.24
2011-04-22,35,841778.34,795157.2,46621.14,5.86
2011-04-29,35,811824.06,841778.34,-29954.28,-3.56
2011-05-06,35,835181.18,811824.06,23357.12,2.88
2011-05-13,35,826155.95,835181.18,-9025.23,-1.08
2011-05-20,35,776838.56,826155.95,-49317.39,-5.97
2011-05-27,35,850708.6,776838.56,73870.04,9.51
2011-06-03,35,955466.84,850708.6,104758.24,12.31
2011-06-10,35,855130.21,955466.84,-100336.63,-10.5
2011-06-17,35,828594.86,855130.21,-26535.35,-3.1
2011-06-24,35,849397.57,828594.86,20802.71,2.51
2011-07-01,35,874453.88,849397.57,25056.31,2.95
2011-07-08,35,827717.85,874453.88,-46736.03,-5.34
2011-07-15,35,813845.5,827717.85,-13872.35,-1.68
2011-07-22,35,820188.42,813845.5,6342.92,0.78
2011-07-29,35,770820.27,820188.42,-49368.15,-6.02
2011-08-05,35,826820.71,770820.27,56000.44,7.27
2011-08-12,35,819911.89,826820.71,-6908.82,-0.84
2011-08-19,35,820288.35,819911.89,376.46,0.05
2011-08-26,35,897037.25,820288.35,76748.9,9.36
2011-09-02,35,813486.55,897037.25,-83550.7,-9.31
2011-09-09,35,922440.64,813486.55,108954.09,13.39
2011-09-16,35,738792.11,922440.64,-183648.53,-19.91
2011-09-23,35,705802.45,738792.11,-32989.66,-4.47
2011-09-30,35,749676.95,705802.45,43874.5,6.22
2011-10-07,35,791637.53,749676.95,41960.58,5.6
2011-10-14,35,772859.25,791637.53,-18778.28,-2.37
2011-10-21,35,811328.4,772859.25,38469.15,4.98
2011-10-28,35,808821.5,811328.4,-2506.9,-0.31
2011-11-04,35,653468.75,808821.5,-155352.75,-19.21
2011-11-11,35,880576.33,653468.75,227107.58,34.75
2011-11-18,35,820964.1,880576.33,-59612.23,-6.77
2011-11-25,35,1733822.4,820964.1,912858.3,111.19
2011-12-02,35,903606.03,1733822.4,-830216.37,-47.88
2011-12-09,35,948964.99,903606.03,45358.96,5.02
2011-12-16,35,1115255.65,948964.99,166290.66,17.52
2011-12-23,35,1550214.02,1115255.65,434958.37,39.0
2011-12-30,35,904650.55,1550214.02,-645563.47,-41.64
2012-01-06,35,671708.09,904650.55,-232942.46,-25.75
2012-01-13,35,625135.11,671708.09,-46572.98,-6.93
2012-01-20,35,669850.04,625135.11,44714.93,7.15
2012-01-27,35,588722.99,669850.04,-81127.05,-12.11
2012-02-03,35,746901.03,588722.99,158178.04,26.87
2012-02-10,35,849779.14,746901.03,102878.11,13.77
2012-02-17,35,824568.39,849779.14,-25210.75,-2.97
2012-02-24,35,805028.74,824568.39,-19539.65,-2.37
2012-03-02,35,766571.1,805028.74,-38457.64,-4.78
2012-03-09,35,796351.35,766571.1,29780.25,3.88
2012-03-16,35,793045.82,796351.35,-3305.53,-0.42
2012-03-23,35,760671.1,793045.82,-32374.72,-4.08
2012-03-30,35,744525.69,760671.1,-16145.41,-2.12
2012-04-06,35,860293.46,744525.69,115767.77,15.55
2012-04-13,35,788633.42,860293.46,-71660.04,-8.33
2012-04-20,35,794660.24,788633.42,6026.82,0.76
2012-04-27,35,721212.45,794660.24,-73447.79,-9.24
2012-05-04,35,772036.6,721212.45,50824.15,7.05
2012-05-11,35,802383.63,772036.6,30347.03,3.93
2012-05-18,35,819196.68,802383.63,16813.05,2.1
2012-05-25,35,822167.17,819196.68,2970.49,0.36
2012-06-01,35,932195.52,822167.17,110028.35,13.38
2012-06-08,35,873415.01,932195.52,-58780.51,-6.31
2012-06-15,35,848289.41,873415.01,-25125.6,-2.88
2012-06-22,35,911696.0,848289.41,63406.59,7.47
2012-06-29,35,892133.41,911696.0,-19562.59,-2.15
2012-07-06,35,985479.64,892133.41,93346.23,10.46
2012-07-13,35,825763.48,985479.64,-159716.16,-16.21
2012-07-20,35,841224.74,825763.48,15461.26,1.87
2012-07-27,35,808030.15,841224.74,-33194.59,-3.95
2012-08-03,35,866216.36,808030.15,58186.21,7.2
2012-08-10,35,888368.8,866216.36,22152.44,2.56
2012-08-17,35,887979.47,888368.8,-389.33,-0.04
2012-08-24,35,895274.72,887979.47,7295.25,0.82
2012-08-31,35,931278.97,895274.72,36004.25,4.02
2012-09-07,35,984833.35,931278.97,53554.38,5.75
2012-09-14,35,821568.64,984833.35,-163264.71,-16.58
2012-09-21,35,772302.94,821568.64,-49265.7,-6.0
2012-09-28,35,814099.86,772302.94,41796.92,5.41
2012-10-05,35,866064.4,814099.86,51964.54,6.38
2012-10-12,35,873643.14,866064.4,7578.74,0.88
2012-10-19,35,829284.67,873643.14,-44358.47,-5.08
2012-10-26,35,865137.6,829284.67,35852.93,4.32
2010-02-05,36,467546.74,,,
2010-02-12,36,469563.7,467546.74,2016.96,0.43
2010-02-19,36,470281.03,469563.7,717.33,0.15
2010-02-26,36,447519.44,470281.03,-22761.59,-4.84
2010-03-05,36,480203.43,447519.44,32683.99,7.3
2010-03-12,36,441434.2,480203.43,-38769.23,-8.07
2010-03-19,36,428851.99,441434.2,-12582.21,-2.85
2010-03-26,36,404438.51,428851.99,-24413.48,-5.69
2010-04-02,36,435972.82,404438.51,31534.31,7.8
2010-04-09,36,453016.91,435972.82,17044.09,3.91
2010-04-16,36,483699.56,453016.91,30682.65,6.77
2010-04-23,36,434116.8,483699.56,-49582.76,-10.25
2010-04-30,36,457899.64,434116.8,23782.84,5.48
2010-05-07,36,489372.02,457899.64,31472.38,6.87
2010-05-14,36,476733.74,489372.02,-12638.28,-2.58
2010-05-21,36,474917.98,476733.74,-1815.76,-0.38
2010-05-28,36,447050.42,474917.98,-27867.56,-5.87
2010-06-04,36,471088.88,447050.42,24038.46,5.38
2010-06-11,36,467711.18,471088.88,-3377.7,-0.72
2010-06-18,36,485694.72,467711.18,17983.54,3.85
2010-06-25,36,434879.87,485694.72,-50814.85,-10.46
2010-07-02,36,434252.15,434879.87,-627.72,-0.14
2010-07-09,36,471713.59,434252.15,37461.44,8.63
2010-07-16,36,466962.04,471713.59,-4751.55,-1.01
2010-07-23,36,452021.2,466962.04,-14940.84,-3.2
2010-07-30,36,432451.91,452021.2,-19569.29,-4.33
2010-08-06,36,467442.94,432451.91,34991.03,8.09
2010-08-13,36,470436.8,467442.94,2993.86,0.64
2010-08-20,36,437949.9,470436.8,-32486.9,-6.91
2010-08-27,36,412050.73,437949.9,-25899.17,-5.91
2010-09-03,36,431294.45,412050.73,19243.72,4.67
2010-09-10,36,434471.38,431294.45,3176.93,0.74
2010-09-17,36,454694.21,434471.38,20222.83,4.65
2010-09-24,36,419348.59,454694.21,-35345.62,-7.77
2010-10-01,36,422169.47,419348.59,2820.88,0.67
2010-10-08,36,444351.61,422169.47,22182.14,5.25
2010-10-15,36,453308.15,444351.61,8956.54,2.02
2010-10-22,36,424956.3,453308.15,-28351.85,-6.25
2010-10-29,36,392654.26,424956.3,-32302.04,-7.6
2010-11-05,36,405860.37,392654.26,13206.11,3.36
2010-11-12,36,425804.8,405860.37,19944.43,4.91
2010-11-19,36,411615.71,425804.8,-14189.09,-3.33
2010-11-26,36,408891.49,411615.71,-2724.22,-0.66
2010-12-03,36,360266.09,408891.49,-48625.4,-11.89
2010-12-10,36,404545.03,360266.09,44278.94,12.29
2010-12-17,36,410214.7,404545.03,5669.67,1.4
2010-12-24,36,422093.59,410214.7,11878.89,2.9
2010-12-31,36,359310.65,422093.59,-62782.94,-14.87
2011-01-07,36,384659.85,359310.65,25349.2,7.05
2011-01-14,36,410497.73,384659.85,25837.88,6.72
2011-01-21,36,399191.05,410497.73,-11306.68,-2.75
2011-01-28,36,372174.12,399191.05,-27016.93,-6.77
2011-02-04,36,417521.7,372174.12,45347.58,12.18
2011-02-11,36,401501.2,417521.7,-16020.5,-3.84
2011-02-18,36,427175.03,401501.2,25673.83,6.39
2011-02-25,36,380279.44,427175.03,-46895.59,-10.98
2011-03-04,36,402579.84,380279.44,22300.4,5.86
2011-03-11,36,407506.78,402579.84,4926.94,1.22
2011-03-18,36,431412.22,407506.78,23905.44,5.87
2011-03-25,36,390732.02,431412.22,-40680.2,-9.43
2011-04-01,36,385672.11,390732.02,-5059.91,-1.29
2011-04-08,36,428727.61,385672.11,43055.5,11.16
2011-04-15,36,414986.54,428727.61,-13741.07,-3.21
2011-04-22,36,374574.72,414986.54,-40411.82,-9.74
2011-04-29,36,340708.78,374574.72,-33865.94,-9.04
2011-05-06,36,393401.4,340708.78,52692.62,15.47
2011-05-13,36,395316.65,393401.4,1915.25,0.49
2011-05-20,36,376183.44,395316.65,-19133.21,-4.84
2011-05-27,36,348655.2,376183.44,-27528.24,-7.32
2011-06-03,36,373703.95,348655.2,25048.75,7.18
2011-06-10,36,374182.04,373703.95,478.09,0.13
2011-06-17,36,394645.25,374182.04,20463.21,5.47
2011-06-24,36,360009.94,394645.25,-34635.31,-8.78
2011-07-01,36,354270.77,360009.94,-5739.17,-1.59
2011-07-08,36,377464.62,354270.77,23193.85,6.55
2011-07-15,36,385631.48,377464.62,8166.86,2.16
2011-07-22,36,361311.41,385631.48,-24320.07,-6.31
2011-07-29,36,354361.08,361311.41,-6950.33,-1.92
2011-08-05,36,381017.75,354361.08,26656.67,7.52
2011-08-12,36,380188.69,381017.75,-829.06,-0.22
2011-08-19,36,373267.58,380188.69,-6921.11,-1.82
2011-08-26,36,344964.2,373267.58,-28303.38,-7.58
2011-09-02,36,350276.29,344964.2,5312.09,1.54
2011-09-09,36,352960.64,350276.29,2684.35,0.77
2011-09-16,36,343108.12,352960.64,-9852.52,-2.79
2011-09-23,36,322405.13,343108.12,-20702.99,-6.03
2011-09-30,36,314910.37,322405.13,-7494.76,-2.32
2011-10-07,36,346137.87,314910.37,31227.5,9.92
2011-10-14,36,342076.99,346137.87,-4060.88,-1.17
2011-10-21,36,328633.34,342076.99,-13443.65,-3.93
2011-10-28,36,306193.81,328633.34,-22439.53,-6.83
2011-11-04,36,313387.11,306193.81,7193.3,2.35
2011-11-11,36,328498.92,313387.11,15111.81,4.82
2011-11-18,36,332901.94,328498.92,4403.02,1.34
2011-11-25,36,332811.55,332901.94,-90.39,-0.03
2011-12-02,36,293350.51,332811.55,-39461.04,-11.86
2011-12-09,36,312298.37,293350.51,18947.86,6.46
2011-12-16,36,341503.92,312298.37,29205.55,9.35
2011-12-23,36,325262.46,341503.92,-16241.46,-4.76
2011-12-30,36,287425.22,325262.46,-37837.24,-11.63
2012-01-06,36,329467.82,287425.22,42042.6,14.63
2012-01-13,36,325976.34,329467.82,-3491.48,-1.06
2012-01-20,36,330927.21,325976.34,4950.87,1.52
2012-01-27,36,301444.94,330927.21,-29482.27,-8.91
2012-02-03,36,310982.87,301444.94,9537.93,3.16
2012-02-10,36,335741.9,310982.87,24759.03,7.96
2012-02-17,36,326316.73,335741.9,-9425.17,-2.81
2012-02-24,36,313270.45,326316.73,-13046.28,-4.0
2012-03-02,36,315396.72,313270.45,2126.27,0.68
2012-03-09,36,318674.93,315396.72,3278.21,1.04
2012-03-16,36,335345.82,318674.93,16670.89,5.23
2012-03-23,36,317872.51,335345.82,-17473.31,-5.21
2012-03-30,36,304144.9,317872.51,-13727.61,-4.32
2012-04-06,36,331026.11,304144.9,26881.21,8.84
2012-04-13,36,339407.94,331026.11,8381.83,2.53
2012-04-20,36,323915.32,339407.94,-15492.62,-4.56
2012-04-27,36,308389.82,323915.32,-15525.5,-4.79
2012-05-04,36,312467.52,308389.82,4077.7,1.32
2012-05-11,36,330518.34,312467.52,18050.82,5.78
2012-05-18,36,324801.13,330518.34,-5717.21,-1.73
2012-05-25,36,306098.17,324801.13,-18702.96,-5.76
2012-06-01,36,306005.53,306098.17,-92.64,-0.03
2012-06-08,36,338273.38,306005.53,32267.85,10.54
2012-06-15,36,333146.88,338273.38,-5126.5,-1.52
2012-06-22,36,306411.01,333146.88,-26735.87,-8.03
2012-06-29,36,291530.43,306411.01,-14880.58,-4.86
2012-07-06,36,306578.89,291530.43,15048.46,5.16
2012-07-13,36,298337.41,306578.89,-8241.48,-2.69
2012-07-20,36,303289.55,298337.41,4952.14,1.66
2012-07-27,36,279643.43,303289.55,-23646.12,-7.8
2012-08-03,36,304989.97,279643.43,25346.54,9.06
2012-08-10,36,298947.51,304989.97,-6042.46,-1.98
2012-08-17,36,314607.22,298947.51,15659.71,5.24
2012-08-24,36,282545.55,314607.22,-32061.67,-10.19
2012-08-31,36,282647.48,282545.55,101.93,0.04
2012-09-07,36,293728.57,282647.48,11081.09,3.92
2012-09-14,36,301893.63,293728.57,8165.06,2.78
2012-09-21,36,293804.45,301893.63,-8089.18,-2.68
2012-09-28,36,270677.98,293804.45,-23126.47,-7.87
2012-10-05,36,277137.86,270677.98,6459.88,2.39
2012-10-12,36,300236.85,277137.86,23098.99,8.33
2012-10-19,36,287360.05,300236.85,-12876.8,-4.29
2012-10-26,36,272489.41,287360.05,-14870.64,-5.17
2010-02-05,37,536006.73,,,
2010-02-12,37,529852.7,536006.73,-6154.03,-1.15
2010-02-19,37,510382.5,529852.7,-19470.2,-3.67
2010-02-26,37,513615.82,510382.5,3233.32,0.63
2010-03-05,37,519255.68,513615.82,5639.86,1.1
2010-03-12,37,513015.35,519255.68,-6240.33,-1.2
2010-03-19,37,460020.74,513015.35,-52994.61,-10.33
2010-03-26,37,515777.97,460020.74,55757.23,12.12
2010-04-02,37,540189.7,515777.97,24411.73,4.73
2010-04-09,37,513327.55,540189.7,-26862.15,-4.97
2010-04-16,37,524544.83,513327.55,11217.28,2.19
2010-04-23,37,527019.78,524544.83,2474.95,0.47
2010-04-30,37,517850.83,527019.78,-9168.95,-1.74
2010-05-07,37,543234.77,517850.83,25383.94,4.9
2010-05-14,37,505196.08,543234.77,-38038.69,-7.0
2010-05-21,37,510494.7,505196.08,5298.62,1.05
2010-05-28,37,532241.22,510494.7,21746.52,4.26
2010-06-04,37,479195.02,532241.22,-53046.2,-9.97
2010-06-11,37,481915.11,479195.02,2720.09,0.57
2010-06-18,37,505761.62,481915.11,23846.51,4.95
2010-06-25,37,485419.39,505761.62,-20342.23,-4.02
2010-07-02,37,498292.53,485419.39,12873.14,2.65
2010-07-09,37,502456.04,498292.53,4163.51,0.84
2010-07-16,37,485150.01,502456.04,-17306.03,-3.44
2010-07-23,37,491998.12,485150.01,6848.11,1.41
2010-07-30,37,487912.95,491998.12,-4085.17,-0.83
2010-08-06,37,508576.62,487912.95,20663.67,4.24
2010-08-13,37,491815.83,508576.62,-16760.79,-3.3
2010-08-20,37,486930.72,491815.83,-4885.11,-0.99
2010-08-27,37,512157.25,486930.72,25226.53,5.18
2010-09-03,37,510427.53,512157.25,-1729.72,-0.34
2010-09-10,37,510296.07,510427.53,-131.46,-0.03
2010-09-17,37,501251.4,510296.07,-9044.67,-1.77
2010-09-24,37,494265.48,501251.4,-6985.92,-1.39
2010-10-01,37,529877.93,494265.48,35612.45,7.21
2010-10-08,37,524483.65,529877.93,-5394.28,-1.02
2010-10-15,37,498925.86,524483.65,-25557.79,-4.87
2010-10-22,37,510425.4,498925.86,11499.54,2.3
2010-10-29,37,514485.9,510425.4,4060.5,0.8
2010-11-05,37,539683.42,514485.9,25197.52,4.9
2010-11-12,37,517546.69,539683.42,-22136.73,-4.1
2010-11-19,37,518124.16,517546.69,577.47,0.11
2010-11-26,37,518220.72,518124.16,96.56,0.02
2010-12-03,37,508213.14,518220.72,-10007.58,-1.93
2010-12-10,37,511207.52,508213.14,2994.38,0.59
2010-12-17,37,534285.21,511207.52,23077.69,4.51
2010-12-24,37,576809.92,534285.21,42524.71,7.96
2010-12-31,37,460331.7,576809.92,-116478.22,-20.19
2011-01-07,37,542464.02,460331.7,82132.32,17.84
2011-01-14,37,525616.9,542464.02,-16847.12,-3.11
2011-01-21,37,526486.82,525616.9,869.92,0.17
2011-01-28,37,513672.36,526486.82,-12814.46,-2.43
2011-02-04,37,583835.18,513672.36,70162.82,13.66
2011-02-11,37,522514.32,583835.18,-61320.86,-10.5
2011-02-18,37,536840.69,522514.32,14326.37,2.74
2011-02-25,37,514758.19,536840.69,-22082.5,-4.11
2011-03-04,37,527572.25,514758.19,12814.06,2.49
2011-03-11,37,505610.4,527572.25,-21961.85,-4.16
2011-03-18,37,478503.06,505610.4,-27107.34,-5.36
2011-03-25,37,522105.93,478503.06,43602.87,9.11
2011-04-01,37,534578.78,522105.93,12472.85,2.39
2011-04-08,37,543703.16,534578.78,9124.38,1.71
2011-04-15,37,543775.87,543703.16,72.71,0.01
2011-04-22,37,526434.37,543775.87,-17341.5,-3.19
2011-04-29,37,502918.18,526434.37,-23516.19,-4.47
2011-05-06,37,547513.3,502918.18,44595.12,8.87
2011-05-13,37,511871.63,547513.3,-35641.67,-6.51
2011-05-20,37,533564.42,511871.63,21692.79,4.24
2011-05-27,37,507086.75,533564.42,-26477.67,-4.96
2011-06-03,37,500381.23,507086.75,-6705.52,-1.32
2011-06-10,37,509647.25,500381.23,9266.02,1.85
2011-06-17,37,525132.36,509647.25,15485.11,3.04
2011-06-24,37,509276.22,525132.36,-15856.14,-3.02
2011-07-01,37,517021.3,509276.22,7745.08,1.52
2011-07-08,37,489059.93,517021.3,-27961.37,-5.41
2011-07-15,37,498749.62,489059.93,9689.69,1.98
2011-07-22,37,505543.53,498749.62,6793.91,1.36
2011-07-29,37,504974.95,505543.53,-568.58,-0.11
2011-08-05,37,510787.46,504974.95,5812.51,1.15
2011-08-12,37,502504.39,510787.46,-8283.07,-1.62
2011-08-19,37,506897.98,502504.39,4393.59,0.87
2011-08-26,37,527947.21,506897.98,21049.23,4.15
2011-09-02,37,530367.83,527947.21,2420.62,0.46
2011-09-09,37,506273.74,530367.83,-24094.09,-4.54
2011-09-16,37,513341.94,506273.74,7068.2,1.4
2011-09-23,37,516556.94,513341.94,3215.0,0.63
2011-09-30,37,516402.1,516556.94,-154.84,-0.03
2011-10-07,37,522816.85,516402.1,6414.75,1.24
2011-10-14,37,513636.01,522816.85,-9180.84,-1.76
2011-10-21,37,522784.33,513636.01,9148.32,1.78
2011-10-28,37,517355.44,522784.33,-5428.89,-1.04
2011-11-04,37,555925.6,517355.44,38570.16,7.46
2011-11-11,37,501268.78,555925.6,-54656.82,-9.83
2011-11-18,37,527495.09,501268.78,26226.31,5.23
2011-11-25,37,522554.04,527495.09,-4941.05,-0.94
2011-12-02,37,527117.81,522554.04,4563.77,0.87
2011-12-09,37,537224.52,527117.81,10106.71,1.92
2011-12-16,37,533905.67,537224.52,-3318.85,-0.62
2011-12-23,37,605791.46,533905.67,71885.79,13.46
2011-12-30,37,451327.61,605791.46,-154463.85,-25.5
2012-01-06,37,558343.57,451327.61,107015.96,23.71
2012-01-13,37,546221.4,558343.57,-12122.17,-2.17
2012-01-20,37,543894.07,546221.4,-2327.33,-0.43
2012-01-27,37,514116.58,543894.07,-29777.49,-5.47
2012-02-03,37,555424.24,514116.58,41307.66,8.03
2012-02-10,37,527041.46,555424.24,-28382.78,-5.11
2012-02-17,37,541071.29,527041.46,14029.83,2.66
2012-02-24,37,518696.89,541071.29,-22374.4,-4.14
2012-03-02,37,525559.17,518696.89,6862.28,1.32
2012-03-09,37,535937.25,525559.17,10378.08,1.97
2012-03-16,37,484588.34,535937.25,-51348.91,-9.58
2012-03-23,37,520887.23,484588.34,36298.89,7.49
2012-03-30,37,533734.94,520887.23,12847.71,2.47
2012-04-06,37,564848.78,533734.94,31113.84,5.83
2012-04-13,37,506973.17,564848.78,-57875.61,-10.25
2012-04-20,37,523483.19,506973.17,16510.02,3.26
2012-04-27,37,528807.45,523483.19,5324.26,1.02
2012-05-04,37,535311.64,528807.45,6504.19,1.23
2012-05-11,37,527983.04,535311.64,-7328.6,-1.37
2012-05-18,37,534847.96,527983.04,6864.92,1.3
2012-05-25,37,540625.79,534847.96,5777.83,1.08
2012-06-01,37,531811.85,540625.79,-8813.94,-1.63
2012-06-08,37,528940.78,531811.85,-2871.07,-0.54
2012-06-15,37,508573.16,528940.78,-20367.62,-3.85
2012-06-22,37,484032.75,508573.16,-24540.41,-4.83
2012-06-29,37,508309.81,484032.75,24277.06,5.02
2012-07-06,37,519498.32,508309.81,11188.51,2.2
2012-07-13,37,506005.47,519498.32,-13492.85,-2.6
2012-07-20,37,503744.56,506005.47,-2260.91,-0.45
2012-07-27,37,514489.17,503744.56,10744.61,2.13
2012-08-03,37,521959.28,514489.17,7470.11,1.45
2012-08-10,37,500964.59,521959.28,-20994.69,-4.02
2012-08-17,37,509633.71,500964.59,8669.12,1.73
2012-08-24,37,522665.04,509633.71,13031.33,2.56
2012-08-31,37,538344.1,522665.04,15679.06,3.0
2012-09-07,37,526838.14,538344.1,-11505.96,-2.14
2012-09-14,37,514651.74,526838.14,-12186.4,-2.31
2012-09-21,37,521320.98,514651.74,6669.24,1.3
2012-09-28,37,527953.14,521320.98,6632.16,1.27
2012-10-05,37,546122.37,527953.14,18169.23,3.44
2012-10-12,37,521810.75,546122.37,-24311.62,-4.45
2012-10-19,37,551969.1,521810.75,30158.35,5.78
2012-10-26,37,534738.43,551969.1,-17230.67,-3.12
2010-02-05,38,358496.14,,,
2010-02-12,38,342214.9,358496.14,-16281.24,-4.54
2010-02-19,38,327237.92,342214.9,-14976.98,-4.38
2010-02-26,38,334222.73,327237.92,6984.81,2.13
2010-03-05,38,372239.89,334222.73,38017.16,11.37
2010-03-12,38,342023.92,372239.89,-30215.97,-8.12
2010-03-19,38,333025.47,342023.92,-8998.45,-2.63
2010-03-26,38,335858.11,333025.47,2832.64,0.85
2010-04-02,38,368929.55,335858.11,33071.44,9.85
2010-04-09,38,341630.46,368929.55,-27299.09,-7.4
2010-04-16,38,337723.49,341630.46,-3906.97,-1.14
2010-04-23,38,335121.82,337723.49,-2601.67,-0.77
2010-04-30,38,337979.65,335121.82,2857.83,0.85
2010-05-07,38,383657.44,337979.65,45677.79,13.51
2010-05-14,38,346174.3,383657.44,-37483.14,-9.77
2010-05-21,38,340497.08,346174.3,-5677.22,-1.64
2010-05-28,38,326469.43,340497.08,-14027.65,-4.12
2010-06-04,38,376184.88,326469.43,49715.45,15.23
2010-06-11,38,354828.65,376184.88,-21356.23,-5.68
2010-06-18,38,335691.85,354828.65,-19136.8,-5.39
2010-06-25,38,322046.76,335691.85,-13645.09,-4.06
2010-07-02,38,361181.48,322046.76,39134.72,12.15
2010-07-09,38,343850.34,361181.48,-17331.14,-4.8
2010-07-16,38,338277.71,343850.34,-5572.63,-1.62
2010-07-23,38,328336.85,338277.71,-9940.86,-2.94
2010-07-30,38,336378.38,328336.85,8041.53,2.45
2010-08-06,38,378574.44,336378.38,42196.06,12.54
2010-08-13,38,341400.72,378574.44,-37173.72,-9.82
2010-08-20,38,329139.73,341400.72,-12260.99,-3.59
2010-08-27,38,322868.56,329139.73,-6271.17,-1.91
2010-09-03,38,377096.55,322868.56,54227.99,16.8
2010-09-10,38,336227.69,377096.55,-40868.86,-10.84
2010-09-17,38,336253.19,336227.69,25.5,0.01
2010-09-24,38,330604.9,336253.19,-5648.29,-1.68
2010-10-01,38,360256.58,330604.9,29651.68,8.97
2010-10-08,38,351271.36,360256.58,-8985.22,-2.49
2010-10-15,38,337743.26,351271.36,-13528.1,-3.85
2010-10-22,38,339042.18,337743.26,1298.92,0.38
2010-10-29,38,341219.63,339042.18,2177.45,0.64
2010-11-05,38,380870.09,341219.63,39650.46,11.62
2010-11-12,38,340147.2,380870.09,-40722.89,-10.69
2010-11-19,38,348593.99,340147.2,8446.79,2.48
2010-11-26,38,360857.98,348593.99,12263.99,3.52
2010-12-03,38,351925.36,360857.98,-8932.62,-2.48
2010-12-10,38,355965.23,351925.36,4039.87,1.15
2010-12-17,38,334441.15,355965.23,-21524.08,-6.05
2010-12-24,38,369106.72,334441.15,34665.57,10.37
2010-12-31,38,303908.81,369106.72,-65197.91,-17.66
2011-01-07,38,386344.54,303908.81,82435.73,27.13
2011-01-14,38,356138.79,386344.54,-30205.75,-7.82
2011-01-21,38,341098.08,356138.79,-15040.71,-4.22
2011-01-28,38,357557.16,341098.08,16459.08,4.83
2011-02-04,38,402341.76,357557.16,44784.6,12.53
2011-02-11,38,377672.46,402341.76,-24669.3,-6.13
2011-02-18,38,364606.7,377672.46,-13065.76,-3.46
2011-02-25,38,354232.34,364606.7,-10374.36,-2.85
2011-03-04,38,405429.43,354232.34,51197.09,14.45
2011-03-11,38,357897.18,405429.43,-47532.25,-11.72
2011-03-18,38,349459.95,357897.18,-8437.23,-2.36
2011-03-25,38,351541.62,349459.95,2081.67,0.6
2011-04-01,38,382098.13,351541.62,30556.51,8.69
2011-04-08,38,392152.3,382098.13,10054.17,2.63
2011-04-15,38,362758.94,392152.3,-29393.36,-7.5
2011-04-22,38,362952.34,362758.94,193.4,0.05
2011-04-29,38,344225.99,362952.34,-18726.35,-5.16
2011-05-06,38,422186.65,344225.99,77960.66,22.65
2011-05-13,38,366977.79,422186.65,-55208.86,-13.08
2011-05-20,38,365730.76,366977.79,-1247.03,-0.34
2011-05-27,38,356886.1,365730.76,-8844.66,-2.42
2011-06-03,38,396826.06,356886.1,39939.96,11.19
2011-06-10,38,381763.02,396826.06,-15063.04,-3.8
2011-06-17,38,356797.0,381763.02,-24966.02,-6.54
2011-06-24,38,354078.95,356797.0,-2718.05,-0.76
2011-07-01,38,387334.04,354078.95,33255.09,9.39
2011-07-08,38,399699.17,387334.04,12365.13,3.19
2011-07-15,38,367181.71,399699.17,-32517.46,-8.14
2011-07-22,38,365562.67,367181.71,-1619.04,-0.44
2011-07-29,38,355131.33,365562.67,-10431.34,-2.85
2011-08-05,38,437631.44,355131.33,82500.11,23.23
2011-08-12,38,387844.05,437631.44,-49787.39,-11.38
2011-08-19,38,362224.7,387844.05,-25619.35,-6.61
2011-08-26,38,365672.55,362224.7,3447.85,0.95
2011-09-02,38,416953.51,365672.55,51280.96,14.02
2011-09-09,38,397771.68,416953.51,-19181.83,-4.6
2011-09-16,38,408188.88,397771.68,10417.2,2.62
2011-09-23,38,394665.28,408188.88,-13523.6,-3.31
2011-09-30,38,366819.84,394665.28,-27845.44,-7.06
2011-10-07,38,449516.29,366819.84,82696.45,22.54
2011-10-14,38,400430.78,449516.29,-49085.51,-10.92
2011-10-21,38,402709.17,400430.78,2278.39,0.57
2011-10-28,38,378539.17,402709.17,-24170.0,-6.0
2011-11-04,38,436970.1,378539.17,58430.93,15.44
2011-11-11,38,411116.95,436970.1,-25853.15,-5.92
2011-11-18,38,392003.13,411116.95,-19113.82,-4.65
2011-11-25,38,393715.71,392003.13,1712.58,0.44
2011-12-02,38,411252.02,393715.71,17536.31,4.45
2011-12-09,38,435401.64,411252.02,24149.62,5.87
2011-12-16,38,404283.84,435401.64,-31117.8,-7.15
2011-12-23,38,419717.41,404283.84,15433.57,3.82
2011-12-30,38,342667.35,419717.41,-77050.06,-18.36
2012-01-06,38,478483.2,342667.35,135815.85,39.63
2012-01-13,38,423260.82,478483.2,-55222.38,-11.54
2012-01-20,38,405215.91,423260.82,-18044.91,-4.26
2012-01-27,38,412882.31,405215.91,7666.4,1.89
2012-02-03,38,457711.68,412882.31,44829.37,10.86
2012-02-10,38,469787.38,457711.68,12075.7,2.64
2012-02-17,38,415513.97,469787.38,-54273.41,-11.55
2012-02-24,38,409411.61,415513.97,-6102.36,-1.47
2012-03-02,38,471115.38,409411.61,61703.77,15.07
2012-03-09,38,452792.53,471115.38,-18322.85,-3.89
2012-03-16,38,428465.11,452792.53,-24327.42,-5.37
2012-03-23,38,412456.48,428465.11,-16008.63,-3.74
2012-03-30,38,408679.36,412456.48,-3777.12,-0.92
2012-04-06,38,499267.66,408679.36,90588.3,22.17
2012-04-13,38,435790.74,499267.66,-63476.92,-12.71
2012-04-20,38,401615.8,435790.74,-34174.94,-7.84
2012-04-27,38,419964.77,401615.8,18348.97,4.57
2012-05-04,38,491755.69,419964.77,71790.92,17.09
2012-05-11,38,429914.6,491755.69,-61841.09,-12.58
2012-05-18,38,412314.71,429914.6,-17599.89,-4.09
2012-05-25,38,422810.12,412314.71,10495.41,2.55
2012-06-01,38,435579.7,422810.12,12769.58,3.02
2012-06-08,38,448110.25,435579.7,12530.55,2.88
2012-06-15,38,430222.07,448110.25,-17888.18,-3.99
2012-06-22,38,405938.35,430222.07,-24283.72,-5.64
2012-06-29,38,404634.36,405938.35,-1303.99,-0.32
2012-07-06,38,471086.22,404634.36,66451.86,16.42
2012-07-13,38,416036.75,471086.22,-55049.47,-11.69
2012-07-20,38,441683.74,416036.75,25646.99,6.16
2012-07-27,38,407186.47,441683.74,-34497.27,-7.81
2012-08-03,38,469311.17,407186.47,62124.7,15.26
2012-08-10,38,436690.13,469311.17,-32621.04,-6.95
2012-08-17,38,411866.46,436690.13,-24823.67,-5.68
2012-08-24,38,397428.22,411866.46,-14438.24,-3.51
2012-08-31,38,424904.95,397428.22,27476.73,6.91
2012-09-07,38,490274.82,424904.95,65369.87,15.38
2012-09-14,38,430944.39,490274.82,-59330.43,-12.1
2012-09-21,38,409600.98,430944.39,-21343.41,-4.95
2012-09-28,38,398468.08,409600.98,-11132.9,-2.72
2012-10-05,38,458479.01,398468.08,60010.93,15.06
2012-10-12,38,437320.66,458479.01,-21158.35,-4.61
2012-10-19,38,428806.46,437320.66,-8514.2,-1.95
2012-10-26,38,417290.38,428806.46,-11516.08,-2.69
2010-02-05,39,1230596.8,,,
2010-02-12,39,1266229.07,1230596.8,35632.27,2.9
2010-02-19,39,1230591.97,1266229.07,-35637.1,-2.81
2010-02-26,39,1168582.02,1230591.97,-62009.95,-5.04
2010-03-05,39,1266254.21,1168582.02,97672.19,8.36
2010-03-12,39,1244391.83,1266254.21,-21862.38,-1.73
2010-03-19,39,1301590.13,1244391.83,57198.3,4.6
2010-03-26,39,1235094.66,1301590.13,-66495.47,-5.11
2010-04-02,39,1463942.62,1235094.66,228847.96,18.53
2010-04-09,39,1327035.27,1463942.62,-136907.35,-9.35
2010-04-16,39,1242874.98,1327035.27,-84160.29,-6.34
2010-04-23,39,1280231.85,1242874.98,37356.87,3.01
2010-04-30,39,1263836.59,1280231.85,-16395.26,-1.28
2010-05-07,39,1355704.21,1263836.59,91867.62,7.27
2010-05-14,39,1226997.7,1355704.21,-128706.51,-9.49
2010-05-21,39,1350673.98,1226997.7,123676.28,10.08
2010-05-28,39,1365541.59,1350673.98,14867.61,1.1
2010-06-04,39,1512207.95,1365541.59,146666.36,10.74
2010-06-11,39,1371405.33,1512207.95,-140802.62,-9.31
2010-06-18,39,1368312.45,1371405.33,-3092.88,-0.23
2010-06-25,39,1280414.8,1368312.45,-87897.65,-6.42
2010-07-02,39,1352547.7,1280414.8,72132.9,5.63
2010-07-09,39,1330473.47,1352547.7,-22074.23,-1.63
2010-07-16,39,1339811.68,1330473.47,9338.21,0.7
2010-07-23,39,1314651.83,1339811.68,-25159.85,-1.88
2010-07-30,39,1308222.24,1314651.83,-6429.59,-0.49
2010-08-06,39,1409989.67,1308222.24,101767.43,7.78
2010-08-13,39,1371465.66,1409989.67,-38524.01,-2.73
2010-08-20,39,1471816.52,1371465.66,100350.86,7.32
2010-08-27,39,1417515.93,1471816.52,-54300.59,-3.69
2010-09-03,39,1345167.61,1417515.93,-72348.32,-5.1
2010-09-10,39,1279666.47,1345167.61,-65501.14,-4.87
2010-09-17,39,1252915.43,1279666.47,-26751.04,-2.09
2010-09-24,39,1199449.54,1252915.43,-53465.89,-4.27
2010-10-01,39,1219583.91,1199449.54,20134.37,1.68
2010-10-08,39,1286598.59,1219583.91,67014.68,5.49
2010-10-15,39,1238742.0,1286598.59,-47856.59,-3.72
2010-10-22,39,1261109.01,1238742.0,22367.01,1.81
2010-10-29,39,1294769.08,1261109.01,33660.07,2.67
2010-11-05,39,1293707.19,1294769.08,-1061.89,-0.08
2010-11-12,39,1291398.71,1293707.19,-2308.48,-0.18
2010-11-19,39,1370659.54,1291398.71,79260.83,6.14
2010-11-26,39,2149355.2,1370659.54,778695.66,56.81
2010-12-03,39,1431910.98,2149355.2,-717444.22,-33.38
2010-12-10,39,1630564.48,1431910.98,198653.5,13.87
2010-12-17,39,1842172.46,1630564.48,211607.98,12.98
2010-12-24,39,2495489.25,1842172.46,653316.79,35.46
2010-12-31,39,1230012.16,2495489.25,-1265477.09,-50.71
2011-01-07,39,1224475.12,1230012.16,-5537.04,-0.45
2011-01-14,39,1193199.39,1224475.12,-31275.73,-2.55
2011-01-21,39,1243370.74,1193199.39,50171.35,4.2
2011-01-28,39,1158698.44,1243370.74,-84672.3,-6.81
2011-02-04,39,1343773.94,1158698.44,185075.5,15.97
2011-02-11,39,1227893.89,1343773.94,-115880.05,-8.62
2011-02-18,39,1335233.74,1227893.89,107339.85,8.74
2011-02-25,39,1240921.19,1335233.74,-94312.55,-7.06
2011-03-04,39,1316385.43,1240921.19,75464.24,6.08
2011-03-11,39,1283716.81,1316385.43,-32668.62,-2.48
2011-03-18,39,1348410.05,1283716.81,64693.24,5.04
2011-03-25,39,1284334.79,1348410.05,-64075.26,-4.75
2011-04-01,39,1316849.36,1284334.79,32514.57,2.53
2011-04-08,39,1350646.16,1316849.36,33796.8,2.57
2011-04-15,39,1348031.55,1350646.16,-2614.61,-0.19
2011-04-22,39,1563140.85,1348031.55,215109.3,15.96
2011-04-29,39,1379651.87,1563140.85,-183488.98,-11.74
2011-05-06,39,1370920.87,1379651.87,-8731.0,-0.63
2011-05-13,39,1325022.77,1370920.87,-45898.1,-3.35
2011-05-20,39,1373907.21,1325022.77,48884.44,3.69
2011-05-27,39,1406124.14,1373907.21,32216.93,2.34
2011-06-03,39,1541745.59,1406124.14,135621.45,9.65
2011-06-10,39,1442092.08,1541745.59,-99653.51,-6.46
2011-06-17,39,1451392.67,1442092.08,9300.59,0.64
2011-06-24,39,1363167.95,1451392.67,-88224.72,-6.08
2011-07-01,39,1429829.36,1363167.95,66661.41,4.89
2011-07-08,39,1414564.53,1429829.36,-15264.83,-1.07
2011-07-15,39,1380257.12,1414564.53,-34307.41,-2.43
2011-07-22,39,1416005.59,1380257.12,35748.47,2.59
2011-07-29,39,1426418.53,1416005.59,10412.94,0.74
2011-08-05,39,1518790.89,1426418.53,92372.36,6.48
2011-08-12,39,1514055.97,1518790.89,-4734.92,-0.31
2011-08-19,39,1629066.9,1514055.97,115010.93,7.6
2011-08-26,39,1573898.63,1629066.9,-55168.27,-3.39
2011-09-02,39,1465089.85,1573898.63,-108808.78,-6.91
2011-09-09,39,1429345.86,1465089.85,-35743.99,-2.44
2011-09-16,39,1372500.63,1429345.86,-56845.23,-3.98
2011-09-23,39,1338657.95,1372500.63,-33842.68,-2.47
2011-09-30,39,1311775.83,1338657.95,-26882.12,-2.01
2011-10-07,39,1443884.39,1311775.83,132108.56,10.07
2011-10-14,39,1384721.84,1443884.39,-59162.55,-4.1
2011-10-21,39,1465283.29,1384721.84,80561.45,5.82
2011-10-28,39,1472663.1,1465283.29,7379.81,0.5
2011-11-04,39,1553629.59,1472663.1,80966.49,5.5
2011-11-11,39,1456957.38,1553629.59,-96672.21,-6.22
2011-11-18,39,1510397.27,1456957.38,53439.89,3.67
2011-11-25,39,2338832.4,1510397.27,828435.13,54.85
2011-12-02,39,1632894.58,2338832.4,-705937.82,-30.18
2011-12-09,39,1781528.77,1632894.58,148634.19,9.1
2011-12-16,39,1991824.05,1781528.77,210295.28,11.8
2011-12-23,39,2554482.84,1991824.05,562658.79,28.25
2011-12-30,39,1537139.56,2554482.84,-1017343.28,-39.83
2012-01-06,39,1478537.93,1537139.56,-58601.63,-3.81
2012-01-13,39,1369125.37,1478537.93,-109412.56,-7.4
2012-01-20,39,1394841.03,1369125.37,25715.66,1.88
2012-01-27,39,1320301.61,1394841.03,-74539.42,-5.34
2012-02-03,39,1396150.15,1320301.61,75848.54,5.74
2012-02-10,39,1442988.44,1396150.15,46838.29,3.35
2012-02-17,39,1511041.69,1442988.44,68053.25,4.72
2012-02-24,39,1412065.04,1511041.69,-98976.65,-6.55
2012-03-02,39,1453047.02,1412065.04,40981.98,2.9
2012-03-09,39,1470764.35,1453047.02,17717.33,1.22
2012-03-16,39,1522421.07,1470764.35,51656.72,3.51
2012-03-23,39,1469593.37,1522421.07,-52827.7,-3.47
2012-03-30,39,1499727.02,1469593.37,30133.65,2.05
2012-04-06,39,1764847.94,1499727.02,265120.92,17.68
2012-04-13,39,1580732.73,1764847.94,-184115.21,-10.43
2012-04-20,39,1433391.04,1580732.73,-147341.69,-9.32
2012-04-27,39,1456997.2,1433391.04,23606.16,1.65
2012-05-04,39,1512227.34,1456997.2,55230.14,3.79
2012-05-11,39,1470792.41,1512227.34,-41434.93,-2.74
2012-05-18,39,1522978.54,1470792.41,52186.13,3.55
2012-05-25,39,1596036.66,1522978.54,73058.12,4.8
2012-06-01,39,1640476.77,1596036.66,44440.11,2.78
2012-06-08,39,1623442.24,1640476.77,-17034.53,-1.04
2012-06-15,39,1587499.82,1623442.24,-35942.42,-2.21
2012-06-22,39,1532316.79,1587499.82,-55183.03,-3.48
2012-06-29,39,1492388.98,1532316.79,-39927.81,-2.61
2012-07-06,39,1659221.99,1492388.98,166833.01,11.18
2012-07-13,39,1471261.76,1659221.99,-187960.23,-11.33
2012-07-20,39,1582168.27,1471261.76,110906.51,7.54
2012-07-27,39,1487797.54,1582168.27,-94370.73,-5.96
2012-08-03,39,1608277.74,1487797.54,120480.2,8.1
2012-08-10,39,1641867.92,1608277.74,33590.18,2.09
2012-08-17,39,1720221.91,1641867.92,78353.99,4.77
2012-08-24,39,1724669.75,1720221.91,4447.84,0.26
2012-08-31,39,1710923.94,1724669.75,-13745.81,-0.8
2012-09-07,39,1609811.75,1710923.94,-101112.19,-5.91
2012-09-14,39,1447614.08,1609811.75,-162197.67,-10.08
2012-09-21,39,1555672.51,1447614.08,108058.43,7.46
2012-09-28,39,1495607.07,1555672.51,-60065.44,-3.86
2012-10-05,39,1574408.67,1495607.07,78801.6,5.27
2012-10-12,39,1494417.07,1574408.67,-79991.6,-5.08
2012-10-19,39,1577486.33,1494417.07,83069.26,5.56
2012-10-26,39,1569502.0,1577486.33,-7984.33,-0.51
2010-02-05,40,1001943.8,,,
2010-02-12,40,955338.29,1001943.8,-46605.51,-4.65
2010-02-19,40,916289.2,955338.29,-39049.09,-4.09
2010-02-26,40,863917.41,916289.2,-52371.79,-5.72
2010-03-05,40,990152.28,863917.41,126234.87,14.61
2010-03-12,40,899352.4,990152.28,-90799.88,-9.17
2010-03-19,40,894865.3,899352.4,-4487.1,-0.5
2010-03-26,40,873354.58,894865.3,-21510.72,-2.4
2010-04-02,40,1041202.13,873354.58,167847.55,19.22
2010-04-09,40,919839.19,1041202.13,-121362.94,-11.66
2010-04-16,40,882636.96,919839.19,-37202.23,-4.04
2010-04-23,40,844958.49,882636.96,-37678.47,-4.27
2010-04-30,40,816838.31,844958.49,-28120.18,-3.33
2010-05-07,40,1009797.06,816838.31,192958.75,23.62
2010-05-14,40,907262.47,1009797.06,-102534.59,-10.15
2010-05-21,40,885613.91,907262.47,-21648.56,-2.39
2010-05-28,40,1008483.07,885613.91,122869.16,13.87
2010-06-04,40,1052429.03,1008483.07,43945.96,4.36
2010-06-11,40,1007574.67,1052429.03,-44854.36,-4.26
2010-06-18,40,973105.3,1007574.67,-34469.37,-3.42
2010-06-25,40,940405.03,973105.3,-32700.27,-3.36
2010-07-02,40,1087578.78,940405.03,147173.75,15.65
2010-07-09,40,1058250.91,1087578.78,-29327.87,-2.7
2010-07-16,40,959229.09,1058250.91,-99021.82,-9.36
2010-07-23,40,922341.82,959229.09,-36887.27,-3.85
2010-07-30,40,953393.02,922341.82,31051.2,3.37
2010-08-06,40,1057295.87,953393.02,103902.85,10.9
2010-08-13,40,924011.76,1057295.87,-133284.11,-12.61
2010-08-20,40,932397.0,924011.76,8385.24,0.91
2010-08-27,40,922328.02,932397.0,-10068.98,-1.08
2010-09-03,40,976453.34,922328.02,54125.32,5.87
2010-09-10,40,967310.82,976453.34,-9142.52,-0.94
2010-09-17,40,855046.95,967310.82,-112263.87,-11.61
2010-09-24,40,844373.31,855046.95,-10673.64,-1.25
2010-10-01,40,891152.33,844373.31,46779.02,5.54
2010-10-08,40,972405.38,891152.33,81253.05,9.12
2010-10-15,40,917883.17,972405.38,-54522.21,-5.61
2010-10-22,40,882180.91,917883.17,-35702.26,-3.89
2010-10-29,40,875038.84,882180.91,-7142.07,-0.81
2010-11-05,40,968270.66,875038.84,93231.82,10.65
2010-11-12,40,935481.32,968270.66,-32789.34,-3.39
2010-11-19,40,852452.93,935481.32,-83028.39,-8.88
2010-11-26,40,1166142.85,852452.93,313689.92,36.8
2010-12-03,40,1000582.06,1166142.85,-165560.79,-14.2
2010-12-10,40,1111215.72,1000582.06,110633.66,11.06
2010-12-17,40,1179036.3,1111215.72,67820.58,6.1
2010-12-24,40,1648829.18,1179036.3,469792.88,39.85
2010-12-31,40,811318.3,1648829.18,-837510.88,-50.79
2011-01-07,40,894280.19,811318.3,82961.89,10.23
2011-01-14,40,771315.62,894280.19,-122964.57,-13.75
2011-01-21,40,764014.75,771315.62,-7300.87,-0.95
2011-01-28,40,775910.43,764014.75,11895.68,1.56
2011-02-04,40,904261.65,775910.43,128351.22,16.54
2011-02-11,40,931939.52,904261.65,27677.87,3.06
2011-02-18,40,968694.45,931939.52,36754.93,3.94
2011-02-25,40,888869.27,968694.45,-79825.18,-8.24
2011-03-04,40,977070.62,888869.27,88201.35,9.92
2011-03-11,40,860255.58,977070.62,-116815.04,-11.96
2011-03-18,40,871024.26,860255.58,10768.68,1.25
2011-03-25,40,834621.39,871024.26,-36402.87,-4.18
2011-04-01,40,841889.08,834621.39,7267.69,0.87
2011-04-08,40,947753.32,841889.08,105864.24,12.57
2011-04-15,40,874446.32,947753.32,-73307.0,-7.73
2011-04-22,40,965056.4,874446.32,90610.08,10.36
2011-04-29,40,847246.5,965056.4,-117809.9,-12.21
2011-05-06,40,1016752.55,847246.5,169506.05,20.01
2011-05-13,40,903864.02,1016752.55,-112888.53,-11.1
2011-05-20,40,907110.83,903864.02,3246.81,0.36
2011-05-27,40,972373.81,907110.83,65262.98,7.19
2011-06-03,40,1075687.74,972373.81,103313.93,10.62
2011-06-10,40,984336.04,1075687.74,-91351.7,-8.49
2011-06-17,40,971422.67,984336.04,-12913.37,-1.31
2011-06-24,40,977103.64,971422.67,5680.97,0.58
2011-07-01,40,1048866.3,977103.64,71762.66,7.34
2011-07-08,40,1107366.06,1048866.3,58499.76,5.58
2011-07-15,40,953252.14,1107366.06,-154113.92,-13.92
2011-07-22,40,980642.1,953252.14,27389.96,2.87
2011-07-29,40,929096.9,980642.1,-51545.2,-5.26
2011-08-05,40,1063818.2,929096.9,134721.3,14.5
2011-08-12,40,955506.95,1063818.2,-108311.25,-10.18
2011-08-19,40,943237.12,955506.95,-12269.83,-1.28
2011-08-26,40,969611.3,943237.12,26374.18,2.8
2011-09-02,40,957298.26,969611.3,-12313.04,-1.27
2011-09-09,40,1021391.99,957298.26,64093.73,6.7
2011-09-16,40,890661.79,1021391.99,-130730.2,-12.8
2011-09-23,40,876583.98,890661.79,-14077.81,-1.58
2011-09-30,40,912857.1,876583.98,36273.12,4.14
2011-10-07,40,1070389.98,912857.1,157532.88,17.26
2011-10-14,40,936751.68,1070389.98,-133638.3,-12.49
2011-10-21,40,942319.65,936751.68,5567.97,0.59
2011-10-28,40,941675.95,942319.65,-643.7,-0.07
2011-11-04,40,1011321.18,941675.95,69645.23,7.4
2011-11-11,40,1037687.07,1011321.18,26365.89,2.61
2011-11-18,40,905399.99,1037687.07,-132287.08,-12.75
2011-11-25,40,1230011.95,905399.99,324611.96,35.85
2011-12-02,40,1059676.62,1230011.95,-170335.33,-13.85
2011-12-09,40,1158708.98,1059676.62,99032.36,9.35
2011-12-16,40,1198670.19,1158708.98,39961.21,3.45
2011-12-23,40,1601585.7,1198670.19,402915.51,33.61
2011-12-30,40,908853.15,1601585.7,-692732.55,-43.25
2012-01-06,40,954576.86,908853.15,45723.71,5.03
2012-01-13,40,780607.52,954576.86,-173969.34,-18.22
2012-01-20,40,811365.42,780607.52,30757.9,3.94
2012-01-27,40,770157.29,811365.42,-41208.13,-5.08
2012-02-03,40,979552.34,770157.29,209395.05,27.19
2012-02-10,40,999785.48,979552.34,20233.14,2.07
2012-02-17,40,975500.87,999785.48,-24284.61,-2.43
2012-02-24,40,919301.81,975500.87,-56199.06,-5.76
2012-03-02,40,927732.02,919301.81,8430.21,0.92
2012-03-09,40,954233.87,927732.02,26501.85,2.86
2012-03-16,40,891154.18,954233.87,-63079.69,-6.61
2012-03-23,40,844490.86,891154.18,-46663.32,-5.24
2012-03-30,40,871945.64,844490.86,27454.78,3.25
2012-04-06,40,1132064.23,871945.64,260118.59,29.83
2012-04-13,40,857811.17,1132064.23,-274253.06,-24.23
2012-04-20,40,896979.93,857811.17,39168.76,4.57
2012-04-27,40,875372.91,896979.93,-21607.02,-2.41
2012-05-04,40,993311.59,875372.91,117938.68,13.47
2012-05-11,40,967729.35,993311.59,-25582.24,-2.58
2012-05-18,40,896295.41,967729.35,-71433.94,-7.38
2012-05-25,40,991054.49,896295.41,94759.08,10.57
2012-06-01,40,1037464.27,991054.49,46409.78,4.68
2012-06-08,40,1079386.88,1037464.27,41922.61,4.04
2012-06-15,40,977950.28,1079386.88,-101436.6,-9.4
2012-06-22,40,1033552.18,977950.28,55601.9,5.69
2012-06-29,40,988764.84,1033552.18,-44787.34,-4.33
2012-07-06,40,1182901.56,988764.84,194136.72,19.63
2012-07-13,40,979848.71,1182901.56,-203052.85,-17.17
2012-07-20,40,968502.38,979848.71,-11346.33,-1.16
2012-07-27,40,954396.85,968502.38,-14105.53,-1.46
2012-08-03,40,1068346.76,954396.85,113949.91,11.94
2012-08-10,40,1007906.43,1068346.76,-60440.33,-5.66
2012-08-17,40,969387.48,1007906.43,-38518.95,-3.82
2012-08-24,40,945318.47,969387.48,-24069.01,-2.48
2012-08-31,40,987264.67,945318.47,41946.2,4.44
2012-09-07,40,1088248.4,987264.67,100983.73,10.23
2012-09-14,40,901709.82,1088248.4,-186538.58,-17.14
2012-09-21,40,899768.4,901709.82,-1941.42,-0.22
2012-09-28,40,919595.44,899768.4,19827.04,2.2
2012-10-05,40,1069112.0,919595.44,149516.56,16.26
2012-10-12,40,982523.26,1069112.0,-86588.74,-8.1
2012-10-19,40,918170.5,982523.26,-64352.76,-6.55
2012-10-26,40,921264.52,918170.5,3094.02,0.34
2010-02-05,41,1086533.18,,,
2010-02-12,41,1075656.34,1086533.18,-10876.84,-1.0
2010-02-19,41,1052034.74,1075656.34,-23621.6,-2.2
2010-02-26,41,991941.73,1052034.74,-60093.01,-5.71
2010-03-05,41,1063557.49,991941.73,71615.76,7.22
2010-03-12,41,1023997.71,1063557.49,-39559.78,-3.72
2010-03-19,41,1006597.69,1023997.71,-17400.02,-1.7
2010-03-26,41,1015196.46,1006597.69,8598.77,0.85
2010-04-02,41,1168826.39,1015196.46,153629.93,15.13
2010-04-09,41,1082158.21,1168826.39,-86668.18,-7.41
2010-04-16,41,1043388.79,1082158.21,-38769.42,-3.58
2010-04-23,41,1067340.74,1043388.79,23951.95,2.3
2010-04-30,41,1063960.11,1067340.74,-3380.63,-0.32
2010-05-07,41,1175738.22,1063960.11,111778.11,10.51
2010-05-14,41,1116439.02,1175738.22,-59299.2,-5.04
2010-05-21,41,1163234.33,1116439.02,46795.31,4.19
2010-05-28,41,1246654.24,1163234.33,83419.91,7.17
2010-06-04,41,1305068.1,1246654.24,58413.86,4.69
2010-06-11,41,1217199.39,1305068.1,-87868.71,-6.73
2010-06-18,41,1202963.06,1217199.39,-14236.33,-1.17
2010-06-25,41,1174209.52,1202963.06,-28753.54,-2.39
2010-07-02,41,1273279.79,1174209.52,99070.27,8.44
2010-07-09,41,1176079.59,1273279.79,-97200.2,-7.63
2010-07-16,41,1179788.38,1176079.59,3708.79,0.32
2010-07-23,41,1192213.87,1179788.38,12425.49,1.05
2010-07-30,41,1211136.63,1192213.87,18922.76,1.59
2010-08-06,41,1338132.72,1211136.63,126996.09,10.49
2010-08-13,41,1285976.53,1338132.72,-52156.19,-3.9
2010-08-20,41,1353838.39,1285976.53,67861.86,5.28
2010-08-27,41,1173131.63,1353838.39,-180706.76,-13.35
2010-09-03,41,1223355.5,1173131.63,50223.87,4.28
2010-09-10,41,1172672.27,1223355.5,-50683.23,-4.14
2010-09-17,41,1111170.91,1172672.27,-61501.36,-5.24
2010-09-24,41,1110941.78,1111170.91,-229.13,-0.02
2010-10-01,41,1109216.35,1110941.78,-1725.43,-0.16
2010-10-08,41,1162042.24,1109216.35,52825.89,4.76
2010-10-15,41,1133913.33,1162042.24,-28128.91,-2.42
2010-10-22,41,1156003.7,1133913.33,22090.37,1.95
2010-10-29,41,1144854.56,1156003.7,-11149.14,-0.96
2010-11-05,41,1163878.49,1144854.56,19023.93,1.66
2010-11-12,41,1175326.23,1163878.49,11447.74,0.98
2010-11-19,41,1172155.28,1175326.23,-3170.95,-0.27
2010-11-26,41,1866681.57,1172155.28,694526.29,59.25
2010-12-03,41,1220115.75,1866681.57,-646565.82,-34.64
2010-12-10,41,1434908.13,1220115.75,214792.38,17.6
2010-12-17,41,1627904.68,1434908.13,192996.55,13.45
2010-12-24,41,2225016.73,1627904.68,597112.05,36.68
2010-12-31,41,1001790.16,2225016.73,-1223226.57,-54.98
2011-01-07,41,1153596.53,1001790.16,151806.37,15.15
2011-01-14,41,1052609.16,1153596.53,-100987.37,-8.75
2011-01-21,41,1088025.8,1052609.16,35416.64,3.36
2011-01-28,41,1026439.93,1088025.8,-61585.87,-5.66
2011-02-04,41,1179420.5,1026439.93,152980.57,14.9
2011-02-11,41,1150003.36,1179420.5,-29417.14,-2.49
2011-02-18,41,1203399.64,1150003.36,53396.28,4.64
2011-02-25,41,1099714.93,1203399.64,-103684.71,-8.62
2011-03-04,41,1229257.7,1099714.93,129542.77,11.78
2011-03-11,41,1159089.6,1229257.7,-70168.1,-5.71
2011-03-18,41,1115504.26,1159089.6,-43585.34,-3.76
2011-03-25,41,1140578.16,1115504.26,25073.9,2.25
2011-04-01,41,1179125.48,1140578.16,38547.32,3.38
2011-04-08,41,1206252.12,1179125.48,27126.64,2.3
2011-04-15,41,1192982.07,1206252.12,-13270.05,-1.1
2011-04-22,41,1304481.75,1192982.07,111499.68,9.35
2011-04-29,41,1178841.05,1304481.75,-125640.7,-9.63
2011-05-06,41,1244956.91,1178841.05,66115.86,5.61
2011-05-13,41,1270025.74,1244956.91,25068.83,2.01
2011-05-20,41,1244542.33,1270025.74,-25483.41,-2.01
2011-05-27,41,1278304.33,1244542.33,33762.0,2.71
2011-06-03,41,1297584.95,1278304.33,19280.62,1.51
2011-06-10,41,1311690.11,1297584.95,14105.16,1.09
2011-06-17,41,1289151.84,1311690.11,-22538.27,-1.72
2011-06-24,41,1244381.98,1289151.84,-44769.86,-3.47
2011-07-01,41,1333347.78,1244381.98,88965.8,7.15
2011-07-08,41,1338862.58,1333347.78,5514.8,0.41
2011-07-15,41,1245772.7,1338862.58,-93089.88,-6.95
2011-07-22,41,1292830.93,1245772.7,47058.23,3.78
2011-07-29,41,1248330.1,1292830.93,-44500.83,-3.44
2011-08-05,41,1402233.69,1248330.1,153903.59,12.33
2011-08-12,41,1356689.88,1402233.69,-45543.81,-3.25
2011-08-19,41,1412959.97,1356689.88,56270.09,4.15
2011-08-26,41,1328740.71,1412959.97,-84219.26,-5.96
2011-09-02,41,1283849.38,1328740.71,-44891.33,-3.38
2011-09-09,41,1280958.97,1283849.38,-2890.41,-0.23
2011-09-16,41,1197019.39,1280958.97,-83939.58,-6.55
2011-09-23,41,1173059.79,1197019.39,-23959.6,-2.0
2011-09-30,41,1160619.61,1173059.79,-12440.18,-1.06
2011-10-07,41,1277882.77,1160619.61,117263.16,10.1
2011-10-14,41,1247130.22,1277882.77,-30752.55,-2.41
2011-10-21,41,1214944.29,1247130.22,-32185.93,-2.58
2011-10-28,41,1274463.02,1214944.29,59518.73,4.9
2011-11-04,41,1315684.86,1274463.02,41221.84,3.23
2011-11-11,41,1302499.23,1315684.86,-13185.63,-1.0
2011-11-18,41,1230118.02,1302499.23,-72381.21,-5.56
2011-11-25,41,1906713.35,1230118.02,676595.33,55.0
2011-12-02,41,1292436.23,1906713.35,-614277.12,-32.22
2011-12-09,41,1548661.45,1292436.23,256225.22,19.82
2011-12-16,41,1682368.32,1548661.45,133706.87,8.63
2011-12-23,41,2263722.68,1682368.32,581354.36,34.56
2011-12-30,41,1264014.16,2263722.68,-999708.52,-44.16
2012-01-06,41,1208191.61,1264014.16,-55822.55,-4.42
2012-01-13,41,1134767.28,1208191.61,-73424.33,-6.08
2012-01-20,41,1116295.24,1134767.28,-18472.04,-1.63
2012-01-27,41,1079398.81,1116295.24,-36896.43,-3.31
2012-02-03,41,1208825.6,1079398.81,129426.79,11.99
2012-02-10,41,1238844.56,1208825.6,30018.96,2.48
2012-02-17,41,1330451.46,1238844.56,91606.9,7.39
2012-02-24,41,1224915.66,1330451.46,-105535.8,-7.93
2012-03-02,41,1239813.26,1224915.66,14897.6,1.22
2012-03-09,41,1243814.77,1239813.26,4001.51,0.32
2012-03-16,41,1201511.62,1243814.77,-42303.15,-3.4
2012-03-23,41,1215354.38,1201511.62,13842.76,1.15
2012-03-30,41,1239423.19,1215354.38,24068.81,1.98
2012-04-06,41,1460234.31,1239423.19,220811.12,17.82
2012-04-13,41,1323004.73,1460234.31,-137229.58,-9.4
2012-04-20,41,1220815.33,1323004.73,-102189.4,-7.72
2012-04-27,41,1248950.65,1220815.33,28135.32,2.3
2012-05-04,41,1359770.73,1248950.65,110820.08,8.87
2012-05-11,41,1353285.1,1359770.73,-6485.63,-0.48
2012-05-18,41,1331514.44,1353285.1,-21770.66,-1.61
2012-05-25,41,1424500.47,1331514.44,92986.03,6.98
2012-06-01,41,1374891.36,1424500.47,-49609.11,-3.48
2012-06-08,41,1436383.84,1374891.36,61492.48,4.47
2012-06-15,41,1384584.59,1436383.84,-51799.25,-3.61
2012-06-22,41,1386407.17,1384584.59,1822.58,0.13
2012-06-29,41,1355600.01,1386407.17,-30807.16,-2.22
2012-07-06,41,1456300.89,1355600.01,100700.88,7.43
2012-07-13,41,1332594.07,1456300.89,-123706.82,-8.49
2012-07-20,41,1347175.93,1332594.07,14581.86,1.09
2012-07-27,41,1344723.97,1347175.93,-2451.96,-0.18
2012-08-03,41,1439607.35,1344723.97,94883.38,7.06
2012-08-10,41,1504545.94,1439607.35,64938.59,4.51
2012-08-17,41,1560590.05,1504545.94,56044.11,3.72
2012-08-24,41,1464462.85,1560590.05,-96127.2,-6.16
2012-08-31,41,1360517.52,1464462.85,-103945.33,-7.1
2012-09-07,41,1392143.82,1360517.52,31626.3,2.32
2012-09-14,41,1306644.25,1392143.82,-85499.57,-6.14
2012-09-21,41,1276609.36,1306644.25,-30034.89,-2.3
2012-09-28,41,1307928.01,1276609.36,31318.65,2.45
2012-10-05,41,1400160.95,1307928.01,92232.94,7.05
2012-10-12,41,1409544.97,1400160.95,9384.02,0.67
2012-10-19,41,1326197.24,1409544.97,-83347.73,-5.91
2012-10-26,41,1316542.59,1326197.24,-9654.65,-0.73
2010-02-05,42,543384.01,,,
2010-02-12,42,575709.96,543384.01,32325.95,5.95
2010-02-19,42,508794.87,575709.96,-66915.09,-11.62
2010-02-26,42,491510.58,508794.87,-17284.29,-3.4
2010-03-05,42,554972.42,491510.58,63461.84,12.91
2010-03-12,42,588363.62,554972.42,33391.2,6.02
2010-03-19,42,519914.1,588363.62,-68449.52,-11.63
2010-03-26,42,478021.68,519914.1,-41892.42,-8.06
2010-04-02,42,505907.41,478021.68,27885.73,5.83
2010-04-09,42,582552.26,505907.41,76644.85,15.15
2010-04-16,42,549528.16,582552.26,-33024.1,-5.67
2010-04-23,42,492364.77,549528.16,-57163.39,-10.4
2010-04-30,42,477615.87,492364.77,-14748.9,-3.0
2010-05-07,42,582846.22,477615.87,105230.35,22.03
2010-05-14,42,564345.55,582846.22,-18500.67,-3.17
2010-05-21,42,504403.16,564345.55,-59942.39,-10.62
2010-05-28,42,484097.03,504403.16,-20306.13,-4.03
2010-06-04,42,556046.12,484097.03,71949.09,14.86
2010-06-11,42,607218.6,556046.12,51172.48,9.2
2010-06-18,42,529418.64,607218.6,-77799.96,-12.81
2010-06-25,42,484327.56,529418.64,-45091.08,-8.52
2010-07-02,42,507168.8,484327.56,22841.24,4.72
2010-07-09,42,570069.48,507168.8,62900.68,12.4
2010-07-16,42,558837.27,570069.48,-11232.21,-1.97
2010-07-23,42,491115.86,558837.27,-67721.41,-12.12
2010-07-30,42,469598.57,491115.86,-21517.29,-4.38
2010-08-06,42,579544.21,469598.57,109945.64,23.41
2010-08-13,42,583079.97,579544.21,3535.76,0.61
2010-08-20,42,500945.63,583079.97,-82134.34,-14.09
2010-08-27,42,465993.51,500945.63,-34952.12,-6.98
2010-09-03,42,524658.06,465993.51,58664.55,12.59
2010-09-10,42,589091.04,524658.06,64432.98,12.28
2010-09-17,42,536871.58,589091.04,-52219.46,-8.86
2010-09-24,42,492262.96,536871.58,-44608.62,-8.31
2010-10-01,42,481523.93,492262.96,-10739.03,-2.18
2010-10-08,42,599759.45,481523.93,118235.52,24.55
2010-10-15,42,559285.35,599759.45,-40474.1,-6.75
2010-10-22,42,522467.51,559285.35,-36817.84,-6.58
2010-10-29,42,476967.65,522467.51,-45499.86,-8.71
2010-11-05,42,565390.4,476967.65,88422.75,18.54
2010-11-12,42,588592.61,565390.4,23202.21,4.1
2010-11-19,42,524316.21,588592.61,-64276.4,-10.92
2010-11-26,42,522296.71,524316.21,-2019.5,-0.39
2010-12-03,42,500250.8,522296.71,-22045.91,-4.22
2010-12-10,42,585175.24,500250.8,84924.44,16.98
2010-12-17,42,537455.65,585175.24,-47719.59,-8.15
2010-12-24,42,555075.27,537455.65,17619.62,3.28
2010-12-31,42,428953.6,555075.27,-126121.67,-22.72
2011-01-07,42,592947.75,428953.6,163994.15,38.23
2011-01-14,42,613899.15,592947.75,20951.4,3.53
2011-01-21,42,533414.62,613899.15,-80484.53,-13.11
2011-01-28,42,499081.79,533414.62,-34332.83,-6.44
2011-02-04,42,586886.16,499081.79,87804.37,17.59
2011-02-11,42,628063.88,586886.16,41177.72,7.02
2011-02-18,42,556485.1,628063.88,-71578.78,-11.4
2011-02-25,42,526904.08,556485.1,-29581.02,-5.32
2011-03-04,42,570879.04,526904.08,43974.96,8.35
2011-03-11,42,607294.56,570879.04,36415.52,6.38
2011-03-18,42,558239.32,607294.56,-49055.24,-8.08
2011-03-25,42,522673.62,558239.32,-35565.7,-6.37
2011-04-01,42,508432.17,522673.62,-14241.45,-2.72
2011-04-08,42,620087.35,508432.17,111655.18,21.96
2011-04-15,42,597644.02,620087.35,-22443.33,-3.62
2011-04-22,42,534597.69,597644.02,-63046.33,-10.55
2011-04-29,42,496010.17,534597.69,-38587.52,-7.22
2011-05-06,42,612337.35,496010.17,116327.18,23.45
2011-05-13,42,603024.75,612337.35,-9312.6,-1.52
2011-05-20,42,524559.95,603024.75,-78464.8,-13.01
2011-05-27,42,503295.29,524559.95,-21264.66,-4.05
2011-06-03,42,545109.3,503295.29,41814.01,8.31
2011-06-10,42,616701.99,545109.3,71592.69,13.13
2011-06-17,42,546675.65,616701.99,-70026.34,-11.35
2011-06-24,42,501780.66,546675.65,-44894.99,-8.21
2011-07-01,42,506343.83,501780.66,4563.17,0.91
2011-07-08,42,593234.27,506343.83,86890.44,17.16
2011-07-15,42,591703.82,593234.27,-1530.45,-0.26
2011-07-22,42,511316.29,591703.82,-80387.53,-13.59
2011-07-29,42,479256.8,511316.29,-32059.49,-6.27
2011-08-05,42,572603.33,479256.8,93346.53,19.48
2011-08-12,42,603147.26,572603.33,30543.93,5.33
2011-08-19,42,526641.23,603147.26,-76506.03,-12.68
2011-08-26,42,503720.98,526641.23,-22920.25,-4.35
2011-09-02,42,537124.76,503720.98,33403.78,6.63
2011-09-09,42,608390.94,537124.76,71266.18,13.27
2011-09-16,42,576837.09,608390.94,-31553.85,-5.19
2011-09-23,42,528486.45,576837.09,-48350.64,-8.38
2011-09-30,42,510243.79,528486.45,-18242.66,-3.45
2011-10-07,42,649111.23,510243.79,138867.44,27.22
2011-10-14,42,613531.11,649111.23,-35580.12,-5.48
2011-10-21,42,537276.41,613531.11,-76254.7,-12.43
2011-10-28,42,515599.7,537276.41,-21676.71,-4.03
2011-11-04,42,597667.21,515599.7,82067.51,15.92
2011-11-11,42,643125.29,597667.21,45458.08,7.61
2011-11-18,42,567673.87,643125.29,-75451.42,-11.73
2011-11-25,42,577698.37,567673.87,10024.5,1.77
2011-12-02,42,511883.36,577698.37,-65815.01,-11.39
2011-12-09,42,619133.48,511883.36,107250.12,20.95
2011-12-16,42,598437.98,619133.48,-20695.5,-3.34
2011-12-23,42,575676.13,598437.98,-22761.85,-3.8
2011-12-30,42,454412.28,575676.13,-121263.85,-21.06
2012-01-06,42,636372.37,454412.28,181960.09,40.04
2012-01-13,42,664348.2,636372.37,27975.83,4.4
2012-01-20,42,579499.93,664348.2,-84848.27,-12.77
2012-01-27,42,538978.67,579499.93,-40521.26,-6.99
2012-02-03,42,588448.21,538978.67,49469.54,9.18
2012-02-10,42,674919.45,588448.21,86471.24,14.69
2012-02-17,42,606671.5,674919.45,-68247.95,-10.11
2012-02-24,42,564304.15,606671.5,-42367.35,-6.98
2012-03-02,42,585895.34,564304.15,21591.19,3.83
2012-03-09,42,659816.15,585895.34,73920.81,12.62
2012-03-16,42,618767.26,659816.15,-41048.89,-6.22
2012-03-23,42,561226.38,618767.26,-57540.88,-9.3
2012-03-30,42,544408.14,561226.38,-16818.24,-3.0
2012-04-06,42,652312.11,544408.14,107903.97,19.82
2012-04-13,42,639123.45,652312.11,-13188.66,-2.02
2012-04-20,42,552529.23,639123.45,-86594.22,-13.55
2012-04-27,42,526625.49,552529.23,-25903.74,-4.69
2012-05-04,42,609274.89,526625.49,82649.4,15.69
2012-05-11,42,643603.69,609274.89,34328.8,5.63
2012-05-18,42,590636.38,643603.69,-52967.31,-8.23
2012-05-25,42,535764.58,590636.38,-54871.8,-9.29
2012-06-01,42,521953.78,535764.58,-13810.8,-2.58
2012-06-08,42,642671.48,521953.78,120717.7,23.13
2012-06-15,42,606309.13,642671.48,-36362.35,-5.66
2012-06-22,42,540031.29,606309.13,-66277.84,-10.93
2012-06-29,42,507403.77,540031.29,-32627.52,-6.04
2012-07-06,42,618702.09,507403.77,111298.32,21.93
2012-07-13,42,628099.08,618702.09,9396.99,1.52
2012-07-20,42,530318.39,628099.08,-97780.69,-15.57
2012-07-27,42,516352.21,530318.39,-13966.18,-2.63
2012-08-03,42,573084.71,516352.21,56732.5,10.99
2012-08-10,42,576620.31,573084.71,3535.6,0.62
2012-08-17,42,575997.78,576620.31,-622.53,-0.11
2012-08-24,42,535537.03,575997.78,-40460.75,-7.02
2012-08-31,42,504760.57,535537.03,-30776.46,-5.75
2012-09-07,42,617405.35,504760.57,112644.78,22.32
2012-09-14,42,586737.66,617405.35,-30667.69,-4.97
2012-09-21,42,527165.7,586737.66,-59571.96,-10.15
2012-09-28,42,505978.46,527165.7,-21187.24,-4.02
2012-10-05,42,593162.53,505978.46,87184.07,17.23
2012-10-12,42,612379.9,593162.53,19217.37,3.24
2012-10-19,42,541406.98,612379.9,-70972.92,-11.59
2012-10-26,42,514756.08,541406.98,-26650.9,-4.92
2010-02-05,43,647029.28,,,
2010-02-12,43,682918.99,647029.28,35889.71,5.55
2010-02-19,43,658997.55,682918.99,-23921.44,-3.5
2010-02-26,43,618702.79,658997.55,-40294.76,-6.11
2010-03-05,43,658600.05,618702.79,39897.26,6.45
2010-03-12,43,645386.94,658600.05,-13213.11,-2.01
2010-03-19,43,668098.49,645386.94,22711.55,3.52
2010-03-26,43,623097.93,668098.49,-45000.56,-6.74
2010-04-02,43,650102.8,623097.93,27004.87,4.33
2010-04-09,43,693058.34,650102.8,42955.54,6.61
2010-04-16,43,675282.2,693058.34,-17776.14,-2.56
2010-04-23,43,638957.35,675282.2,-36324.85,-5.38
2010-04-30,43,630740.11,638957.35,-8217.24,-1.29
2010-05-07,43,691498.6,630740.11,60758.49,9.63
2010-05-14,43,690851.59,691498.6,-647.01,-0.09
2010-05-21,43,672062.08,690851.59,-18789.51,-2.72
2010-05-28,43,630315.76,672062.08,-41746.32,-6.21
2010-06-04,43,682012.53,630315.76,51696.77,8.2
2010-06-11,43,684023.95,682012.53,2011.42,0.29
2010-06-18,43,700009.77,684023.95,15985.82,2.34
2010-06-25,43,625196.14,700009.77,-74813.63,-10.69
2010-07-02,43,667353.79,625196.14,42157.65,6.74
2010-07-09,43,718748.33,667353.79,51394.54,7.7
2010-07-16,43,696844.36,718748.33,-21903.97,-3.05
2010-07-23,43,649035.55,696844.36,-47808.81,-6.86
2010-07-30,43,622112.23,649035.55,-26923.32,-4.15
2010-08-06,43,698536.06,622112.23,76423.83,12.28
2010-08-13,43,713479.91,698536.06,14943.85,2.14
2010-08-20,43,712869.09,713479.91,-610.82,-0.09
2010-08-27,43,655284.69,712869.09,-57584.4,-8.08
2010-09-03,43,689326.91,655284.69,34042.22,5.2
2010-09-10,43,722120.04,689326.91,32793.13,4.76
2010-09-17,43,725043.04,722120.04,2923.0,0.4
2010-09-24,43,650263.95,725043.04,-74779.09,-10.31
2010-10-01,43,657108.77,650263.95,6844.82,1.05
2010-10-08,43,713332.54,657108.77,56223.77,8.56
2010-10-15,43,699852.68,713332.54,-13479.86,-1.89
2010-10-22,43,680943.03,699852.68,-18909.65,-2.7
2010-10-29,43,610076.32,680943.03,-70866.71,-10.41
2010-11-05,43,605960.2,610076.32,-4116.12,-0.67
2010-11-12,43,595421.23,605960.2,-10538.97,-1.74
2010-11-19,43,589467.35,595421.23,-5953.88,-1.0
2010-11-26,43,633520.34,589467.35,44052.99,7.47
2010-12-03,43,557543.62,633520.34,-75976.72,-11.99
2010-12-10,43,598679.02,557543.62,41135.4,7.38
2010-12-17,43,615761.77,598679.02,17082.75,2.85
2010-12-24,43,656637.63,615761.77,40875.86,6.64
2010-12-31,43,534740.3,656637.63,-121897.33,-18.56
2011-01-07,43,611796.61,534740.3,77056.31,14.41
2011-01-14,43,614940.07,611796.61,3143.46,0.51
2011-01-21,43,601004.79,614940.07,-13935.28,-2.27
2011-01-28,43,562558.27,601004.79,-38446.52,-6.4
2011-02-04,43,651521.77,562558.27,88963.5,15.81
2011-02-11,43,635650.98,651521.77,-15870.79,-2.44
2011-02-18,43,626627.77,635650.98,-9023.21,-1.42
2011-02-25,43,592340.01,626627.77,-34287.76,-5.47
2011-03-04,43,616345.25,592340.01,24005.24,4.05
2011-03-11,43,629026.75,616345.25,12681.5,2.06
2011-03-18,43,635171.05,629026.75,6144.3,0.98
2011-03-25,43,585989.1,635171.05,-49181.95,-7.74
2011-04-01,43,611585.54,585989.1,25596.44,4.37
2011-04-08,43,650418.75,611585.54,38833.21,6.35
2011-04-15,43,635758.03,650418.75,-14660.72,-2.25
2011-04-22,43,638280.67,635758.03,2522.64,0.4
2011-04-29,43,611464.21,638280.67,-26816.46,-4.2
2011-05-06,43,649148.74,611464.21,37684.53,6.16
2011-05-13,43,684655.91,649148.74,35507.17,5.47
2011-05-20,43,648330.18,684655.91,-36325.73,-5.31
2011-05-27,43,578209.63,648330.18,-70120.55,-10.82
2011-06-03,43,630972.15,578209.63,52762.52,9.13
2011-06-10,43,643041.71,630972.15,12069.56,1.91
2011-06-17,43,665781.74,643041.71,22740.03,3.54
2011-06-24,43,604925.08,665781.74,-60856.66,-9.14
2011-07-01,43,586781.78,604925.08,-18143.3,-3.0
2011-07-08,43,651147.83,586781.78,64366.05,10.97
2011-07-15,43,631827.38,651147.83,-19320.45,-2.97
2011-07-22,43,597354.39,631827.38,-34472.99,-5.46
2011-07-29,43,533917.52,597354.39,-63436.87,-10.62
2011-08-05,43,605956.59,533917.52,72039.07,13.49
2011-08-12,43,595626.56,605956.59,-10330.03,-1.7
2011-08-19,43,663396.32,595626.56,67769.76,11.38
2011-08-26,43,561573.08,663396.32,-101823.24,-15.35
2011-09-02,43,594224.9,561573.08,32651.82,5.81
2011-09-09,43,649128.23,594224.9,54903.33,9.24
2011-09-16,43,618877.13,649128.23,-30251.1,-4.66
2011-09-23,43,586108.13,618877.13,-32769.0,-5.29
2011-09-30,43,555183.72,586108.13,-30924.41,-5.28
2011-10-07,43,642828.62,555183.72,87644.9,15.79
2011-10-14,43,590984.56,642828.62,-51844.06,-8.06
2011-10-21,43,594625.96,590984.56,3641.4,0.62
2011-10-28,43,572516.57,594625.96,-22109.39,-3.72
2011-11-04,43,641905.37,572516.57,69388.8,12.12
2011-11-11,43,615975.5,641905.37,-25929.87,-4.04
2011-11-18,43,628115.61,615975.5,12140.11,1.97
2011-11-25,43,669965.22,628115.61,41849.61,6.66
2011-12-02,43,585028.26,669965.22,-84936.96,-12.68
2011-12-09,43,617898.07,585028.26,32869.81,5.62
2011-12-16,43,665007.08,617898.07,47109.01,7.62
2011-12-23,43,676290.46,665007.08,11283.38,1.7
2011-12-30,43,505405.85,676290.46,-170884.61,-25.27
2012-01-06,43,670993.01,505405.85,165587.16,32.76
2012-01-13,43,663529.64,670993.01,-7463.37,-1.11
2012-01-20,43,619225.65,663529.64,-44303.99,-6.68
2012-01-27,43,587685.38,619225.65,-31540.27,-5.09
2012-02-03,43,629176.71,587685.38,41491.33,7.06
2012-02-10,43,662198.65,629176.71,33021.94,5.25
2012-02-17,43,660632.05,662198.65,-1566.6,-0.24
2012-02-24,43,613042.97,660632.05,-47589.08,-7.2
2012-03-02,43,693249.98,613042.97,80207.01,13.08
2012-03-09,43,636677.67,693249.98,-56572.31,-8.16
2012-03-16,43,661707.02,636677.67,25029.35,3.93
2012-03-23,43,610940.94,661707.02,-50766.08,-7.67
2012-03-30,43,623258.4,610940.94,12317.46,2.02
2012-04-06,43,658468.27,623258.4,35209.87,5.65
2012-04-13,43,665687.92,658468.27,7219.65,1.1
2012-04-20,43,638144.98,665687.92,-27542.94,-4.14
2012-04-27,43,593138.59,638144.98,-45006.39,-7.05
2012-05-04,43,637964.2,593138.59,44825.61,7.56
2012-05-11,43,640159.04,637964.2,2194.84,0.34
2012-05-18,43,648541.81,640159.04,8382.77,1.31
2012-05-25,43,597406.39,648541.81,-51135.42,-7.88
2012-06-01,43,605078.62,597406.39,7672.23,1.28
2012-06-08,43,643032.51,605078.62,37953.89,6.27
2012-06-15,43,634815.1,643032.51,-8217.41,-1.28
2012-06-22,43,613270.79,634815.1,-21544.31,-3.39
2012-06-29,43,593128.13,613270.79,-20142.66,-3.28
2012-07-06,43,645618.59,593128.13,52490.46,8.85
2012-07-13,43,627634.04,645618.59,-17984.55,-2.79
2012-07-20,43,596554.05,627634.04,-31079.99,-4.95
2012-07-27,43,572447.52,596554.05,-24106.53,-4.04
2012-08-03,43,614378.94,572447.52,41931.42,7.32
2012-08-10,43,643558.78,614378.94,29179.84,4.75
2012-08-17,43,640210.85,643558.78,-3347.93,-0.52
2012-08-24,43,598234.64,640210.85,-41976.21,-6.56
2012-08-31,43,593141.29,598234.64,-5093.35,-0.85
2012-09-07,43,663814.18,593141.29,70672.89,11.92
2012-09-14,43,625196.94,663814.18,-38617.24,-5.82
2012-09-21,43,601990.02,625196.94,-23206.92,-3.71
2012-09-28,43,577792.32,601990.02,-24197.7,-4.02
2012-10-05,43,642614.89,577792.32,64822.57,11.22
2012-10-12,43,619369.72,642614.89,-23245.17,-3.62
2012-10-19,43,623919.23,619369.72,4549.51,0.73
2012-10-26,43,587603.55,623919.23,-36315.68,-5.82
2010-02-05,44,281090.95,,,
2010-02-12,44,286857.13,281090.95,5766.18,2.05
2010-02-19,44,267956.3,286857.13,-18900.83,-6.59
2010-02-26,44,273079.07,267956.3,5122.77,1.91
2010-03-05,44,284617.27,273079.07,11538.2,4.23
2010-03-12,44,272190.83,284617.27,-12426.44,-4.37
2010-03-19,44,269624.2,272190.83,-2566.63,-0.94
2010-03-26,44,276279.49,269624.2,6655.29,2.47
2010-04-02,44,286197.5,276279.49,9918.01,3.59
2010-04-09,44,257361.3,286197.5,-28836.2,-10.08
2010-04-16,44,280048.74,257361.3,22687.44,8.82
2010-04-23,44,278287.04,280048.74,-1761.7,-0.63
2010-04-30,44,272997.65,278287.04,-5289.39,-1.9
2010-05-07,44,285379.86,272997.65,12382.21,4.54
2010-05-14,44,286515.92,285379.86,1136.06,0.4
2010-05-21,44,267065.35,286515.92,-19450.57,-6.79
2010-05-28,44,291891.01,267065.35,24825.66,9.3
2010-06-04,44,282351.82,291891.01,-9539.19,-3.27
2010-06-11,44,296818.2,282351.82,14466.38,5.12
2010-06-18,44,293481.36,296818.2,-3336.84,-1.12
2010-06-25,44,288247.24,293481.36,-5234.12,-1.78
2010-07-02,44,300628.19,288247.24,12380.95,4.3
2010-07-09,44,280472.78,300628.19,-20155.41,-6.7
2010-07-16,44,297099.95,280472.78,16627.17,5.93
2010-07-23,44,292680.16,297099.95,-4419.79,-1.49
2010-07-30,44,275020.96,292680.16,-17659.2,-6.03
2010-08-06,44,296804.49,275020.96,21783.53,7.92
2010-08-13,44,291028.09,296804.49,-5776.4,-1.95
2010-08-20,44,284740.5,291028.09,-6287.59,-2.16
2010-08-27,44,293155.08,284740.5,8414.58,2.96
2010-09-03,44,295880.12,293155.08,2725.04,0.93
2010-09-10,44,283455.13,295880.12,-12424.99,-4.2
2010-09-17,44,279364.13,283455.13,-4091.0,-1.44
2010-09-24,44,281313.78,279364.13,1949.65,0.7
2010-10-01,44,300152.45,281313.78,18838.67,6.7
2010-10-08,44,279524.44,300152.45,-20628.01,-6.87
2010-10-15,44,268708.43,279524.44,-10816.01,-3.87
2010-10-22,44,270110.3,268708.43,1401.87,0.52
2010-10-29,44,286497.49,270110.3,16387.19,6.07
2010-11-05,44,270516.84,286497.49,-15980.65,-5.58
2010-11-12,44,281909.79,270516.84,11392.95,4.21
2010-11-19,44,284322.52,281909.79,2412.73,0.86
2010-11-26,44,307646.5,284322.52,23323.98,8.2
2010-12-03,44,264214.12,307646.5,-43432.38,-14.12
2010-12-10,44,278253.28,264214.12,14039.16,5.31
2010-12-17,44,278646.35,278253.28,393.07,0.14
2010-12-24,44,365098.24,278646.35,86451.89,31.03
2010-12-31,44,241937.11,365098.24,-123161.13,-33.73
2011-01-07,44,288320.38,241937.11,46383.27,19.17
2011-01-14,44,292859.36,288320.38,4538.98,1.57
2011-01-21,44,276157.8,292859.36,-16701.56,-5.7
2011-01-28,44,276011.4,276157.8,-146.4,-0.05
2011-02-04,44,293953.08,276011.4,17941.68,6.5
2011-02-11,44,307486.73,293953.08,13533.65,4.6
2011-02-18,44,280785.76,307486.73,-26700.97,-8.68
2011-02-25,44,279427.93,280785.76,-1357.83,-0.48
2011-03-04,44,293984.54,279427.93,14556.61,5.21
2011-03-11,44,284496.14,293984.54,-9488.4,-3.23
2011-03-18,44,281699.68,284496.14,-2796.46,-0.98
2011-03-25,44,285031.81,281699.68,3332.13,1.18
2011-04-01,44,281514.26,285031.81,-3517.55,-1.23
2011-04-08,44,292498.61,281514.26,10984.35,3.9
2011-04-15,44,289667.55,292498.61,-2831.06,-0.97
2011-04-22,44,280357.3,289667.55,-9310.25,-3.21
2011-04-29,44,281247.97,280357.3,890.67,0.32
2011-05-06,44,299354.67,281247.97,18106.7,6.44
2011-05-13,44,307095.31,299354.67,7740.64,2.59
2011-05-20,44,303559.23,307095.31,-3536.08,-1.15
2011-05-27,44,308442.49,303559.23,4883.26,1.61
2011-06-03,44,308950.04,308442.49,507.55,0.16
2011-06-10,44,308770.42,308950.04,-179.62,-0.06
2011-06-17,44,300255.87,308770.42,-8514.55,-2.76
2011-06-24,44,296765.59,300255.87,-3490.28,-1.16
2011-07-01,44,315273.08,296765.59,18507.49,6.24
2011-07-08,44,295339.01,315273.08,-19934.07,-6.32
2011-07-15,44,289201.21,295339.01,-6137.8,-2.08
2011-07-22,44,303108.81,289201.21,13907.6,4.81
2011-07-29,44,279677.0,303108.81,-23431.81,-7.73
2011-08-05,44,298080.45,279677.0,18403.45,6.58
2011-08-12,44,290399.66,298080.45,-7680.79,-2.58
2011-08-19,44,290909.69,290399.66,510.03,0.18
2011-08-26,44,324174.79,290909.69,33265.1,11.43
2011-09-02,44,309543.52,324174.79,-14631.27,-4.51
2011-09-09,44,295811.25,309543.52,-13732.27,-4.44
2011-09-16,44,303974.28,295811.25,8163.03,2.76
2011-09-23,44,307409.13,303974.28,3434.85,1.13
2011-09-30,44,299757.75,307409.13,-7651.38,-2.49
2011-10-07,44,312577.36,299757.75,12819.61,4.28
2011-10-14,44,293031.78,312577.36,-19545.58,-6.25
2011-10-21,44,305969.81,293031.78,12938.03,4.42
2011-10-28,44,306336.07,305969.81,366.26,0.12
2011-11-04,44,307126.34,306336.07,790.27,0.26
2011-11-11,44,312233.56,307126.34,5107.22,1.66
2011-11-18,44,310531.04,312233.56,-1702.52,-0.55
2011-11-25,44,309129.01,310531.04,-1402.03,-0.45
2011-12-02,44,284309.34,309129.01,-24819.67,-8.03
2011-12-09,44,304300.91,284309.34,19991.57,7.03
2011-12-16,44,311144.16,304300.91,6843.25,2.25
2011-12-23,44,376233.89,311144.16,65089.73,20.92
2011-12-30,44,263917.85,376233.89,-112316.04,-29.85
2012-01-06,44,325327.93,263917.85,61410.08,23.27
2012-01-13,44,312361.88,325327.93,-12966.05,-3.99
2012-01-20,44,316948.39,312361.88,4586.51,1.47
2012-01-27,44,308295.38,316948.39,-8653.01,-2.73
2012-02-03,44,325986.05,308295.38,17690.67,5.74
2012-02-10,44,325377.97,325986.05,-608.08,-0.19
2012-02-17,44,320691.21,325377.97,-4686.76,-1.44
2012-02-24,44,315641.8,320691.21,-5049.41,-1.57
2012-03-02,44,316687.22,315641.8,1045.42,0.33
2012-03-09,44,303438.24,316687.22,-13248.98,-4.18
2012-03-16,44,331965.95,303438.24,28527.71,9.4
2012-03-23,44,296947.06,331965.95,-35018.89,-10.55
2012-03-30,44,310027.29,296947.06,13080.23,4.4
2012-04-06,44,320021.1,310027.29,9993.81,3.22
2012-04-13,44,311390.22,320021.1,-8630.88,-2.7
2012-04-20,44,323233.8,311390.22,11843.58,3.8
2012-04-27,44,330338.36,323233.8,7104.56,2.2
2012-05-04,44,326053.28,330338.36,-4285.08,-1.3
2012-05-11,44,341381.08,326053.28,15327.8,4.7
2012-05-18,44,334042.43,341381.08,-7338.65,-2.15
2012-05-25,44,343268.29,334042.43,9225.86,2.76
2012-06-01,44,323410.94,343268.29,-19857.35,-5.78
2012-06-08,44,340238.38,323410.94,16827.44,5.2
2012-06-15,44,338400.82,340238.38,-1837.56,-0.54
2012-06-22,44,336241.0,338400.82,-2159.82,-0.64
2012-06-29,44,338386.08,336241.0,2145.08,0.64
2012-07-06,44,358461.58,338386.08,20075.5,5.93
2012-07-13,44,336479.49,358461.58,-21982.09,-6.13
2012-07-20,44,337819.16,336479.49,1339.67,0.4
2012-07-27,44,319855.26,337819.16,-17963.9,-5.32
2012-08-03,44,342385.38,319855.26,22530.12,7.04
2012-08-10,44,333594.81,342385.38,-8790.57,-2.57
2012-08-17,44,327389.51,333594.81,-6205.3,-1.86
2012-08-24,44,337985.74,327389.51,10596.23,3.24
2012-08-31,44,339490.69,337985.74,1504.95,0.45
2012-09-07,44,338737.33,339490.69,-753.36,-0.22
2012-09-14,44,347726.67,338737.33,8989.34,2.65
2012-09-21,44,336017.6,347726.67,-11709.07,-3.37
2012-09-28,44,355307.94,336017.6,19290.34,5.74
2012-10-05,44,337390.44,355307.94,-17917.5,-5.04
2012-10-12,44,337796.13,337390.44,405.69,0.12
2012-10-19,44,323766.77,337796.13,-14029.36,-4.15
2012-10-26,44,361067.07,323766.77,37300.3,11.52
2010-02-05,45,890689.51,,,
2010-02-12,45,656988.64,890689.51,-233700.87,-26.24
2010-02-19,45,841264.04,656988.64,184275.4,28.05
2010-02-26,45,741891.65,841264.04,-99372.39,-11.81
2010-03-05,45,777951.22,741891.65,36059.57,4.86
2010-03-12,45,765687.42,777951.22,-12263.8,-1.58
2010-03-19,45,773819.49,765687.42,8132.07,1.06
2010-03-26,45,782563.38,773819.49,8743.89,1.13
2010-04-02,45,877235.96,782563.38,94672.58,12.1
2010-04-09,45,833782.7,877235.96,-43453.26,-4.95
2010-04-16,45,782221.96,833782.7,-51560.74,-6.18
2010-04-23,45,749779.1,782221.96,-32442.86,-4.15
2010-04-30,45,737265.57,749779.1,-12513.53,-1.67
2010-05-07,45,812190.76,737265.57,74925.19,10.16
2010-05-14,45,758182.2,812190.76,-54008.56,-6.65
2010-05-21,45,747888.25,758182.2,-10293.95,-1.36
2010-05-28,45,801098.43,747888.25,53210.18,7.11
2010-06-04,45,837548.62,801098.43,36450.19,4.55
2010-06-11,45,794698.77,837548.62,-42849.85,-5.12
2010-06-18,45,815130.5,794698.77,20431.73,2.57
2010-06-25,45,792299.15,815130.5,-22831.35,-2.8
2010-07-02,45,800147.84,792299.15,7848.69,0.99
2010-07-09,45,787062.0,800147.84,-13085.84,-1.64
2010-07-16,45,723708.99,787062.0,-63353.01,-8.05
2010-07-23,45,714601.11,723708.99,-9107.88,-1.26
2010-07-30,45,716859.27,714601.11,2258.16,0.32
2010-08-06,45,746517.32,716859.27,29658.05,4.14
2010-08-13,45,722262.21,746517.32,-24255.11,-3.25
2010-08-20,45,708568.29,722262.21,-13693.92,-1.9
2010-08-27,45,721744.33,708568.29,13176.04,1.86
2010-09-03,45,790144.7,721744.33,68400.37,9.48
2010-09-10,45,721460.22,790144.7,-68684.48,-8.69
2010-09-17,45,716987.58,721460.22,-4472.64,-0.62
2010-09-24,45,678228.58,716987.58,-38759.0,-5.41
2010-10-01,45,690007.76,678228.58,11779.18,1.74
2010-10-08,45,745782.1,690007.76,55774.34,8.08
2010-10-15,45,715263.3,745782.1,-30518.8,-4.09
2010-10-22,45,730899.37,715263.3,15636.07,2.19
2010-10-29,45,732859.76,730899.37,1960.39,0.27
2010-11-05,45,764014.06,732859.76,31154.3,4.25
2010-11-12,45,765648.93,764014.06,1634.87,0.21
2010-11-19,45,723987.85,765648.93,-41661.08,-5.44
2010-11-26,45,1182500.16,723987.85,458512.31,63.33
2010-12-03,45,879244.9,1182500.16,-303255.26,-25.65
2010-12-10,45,1002364.34,879244.9,123119.44,14.0
2010-12-17,45,1123282.85,1002364.34,120918.51,12.06
2010-12-24,45,1682862.03,1123282.85,559579.18,49.82
2010-12-31,45,679156.2,1682862.03,-1003705.83,-59.64
2011-01-07,45,680254.35,679156.2,1098.15,0.16
2011-01-14,45,654018.95,680254.35,-26235.4,-3.86
2011-01-21,45,644285.33,654018.95,-9733.62,-1.49
2011-01-28,45,617207.58,644285.33,-27077.75,-4.2
2011-02-04,45,759442.33,617207.58,142234.75,23.04
2011-02-11,45,766456.0,759442.33,7013.67,0.92
2011-02-18,45,802253.41,766456.0,35797.41,4.67
2011-02-25,45,733716.78,802253.41,-68536.63,-8.54
2011-03-04,45,761880.36,733716.78,28163.58,3.84
2011-03-11,45,714014.73,761880.36,-47865.63,-6.28
2011-03-18,45,733564.77,714014.73,19550.04,2.74
2011-03-25,45,719737.25,733564.77,-13827.52,-1.88
2011-04-01,45,712425.76,719737.25,-7311.49,-1.02
2011-04-08,45,750182.71,712425.76,37756.95,5.3
2011-04-15,45,765270.02,750182.71,15087.31,2.01
2011-04-22,45,813630.44,765270.02,48360.42,6.32
2011-04-29,45,786561.61,813630.44,-27068.83,-3.33
2011-05-06,45,810150.64,786561.61,23589.03,3.0
2011-05-13,45,793889.1,810150.64,-16261.54,-2.01
2011-05-20,45,727163.67,793889.1,-66725.43,-8.4
2011-05-27,45,817653.25,727163.67,90489.58,12.44
2011-06-03,45,877423.45,817653.25,59770.2,7.31
2011-06-10,45,814395.17,877423.45,-63028.28,-7.18
2011-06-17,45,811153.67,814395.17,-3241.5,-0.4
2011-06-24,45,762861.78,811153.67,-48291.89,-5.95
2011-07-01,45,791495.25,762861.78,28633.47,3.75
2011-07-08,45,768718.11,791495.25,-22777.14,-2.88
2011-07-15,45,748435.2,768718.11,-20282.91,-2.64
2011-07-22,45,741625.25,748435.2,-6809.95,-0.91
2011-07-29,45,704680.97,741625.25,-36944.28,-4.98
2011-08-05,45,765996.92,704680.97,61315.95,8.7
2011-08-12,45,724180.89,765996.92,-41816.03,-5.46
2011-08-19,45,712362.72,724180.89,-11818.17,-1.63
2011-08-26,45,833979.01,712362.72,121616.29,17.07
2011-09-02,45,726482.39,833979.01,-107496.62,-12.89
2011-09-09,45,746129.56,726482.39,19647.17,2.7
2011-09-16,45,711367.56,746129.56,-34762.0,-4.66
2011-09-23,45,714106.42,711367.56,2738.86,0.39
2011-09-30,45,698986.34,714106.42,-15120.08,-2.12
2011-10-07,45,753447.05,698986.34,54460.71,7.79
2011-10-14,45,720946.99,753447.05,-32500.06,-4.31
2011-10-21,45,771686.4,720946.99,50739.41,7.04
2011-10-28,45,781694.57,771686.4,10008.17,1.3
2011-11-04,45,833429.22,781694.57,51734.65,6.62
2011-11-11,45,808624.82,833429.22,-24804.4,-2.98
2011-11-18,45,773603.77,808624.82,-35021.05,-4.33
2011-11-25,45,1170672.94,773603.77,397069.17,51.33
2011-12-02,45,875699.81,1170672.94,-294973.13,-25.2
2011-12-09,45,957155.31,875699.81,81455.5,9.3
2011-12-16,45,1078905.68,957155.31,121750.37,12.72
2011-12-23,45,1521957.99,1078905.68,443052.31,41.06
2011-12-30,45,869403.63,1521957.99,-652554.36,-42.88
2012-01-06,45,714081.05,869403.63,-155322.58,-17.87
2012-01-13,45,676615.53,714081.05,-37465.52,-5.25
2012-01-20,45,700392.21,676615.53,23776.68,3.51
2012-01-27,45,624081.64,700392.21,-76310.57,-10.9
2012-02-03,45,757330.95,624081.64,133249.31,21.35
2012-02-10,45,803657.12,757330.95,46326.17,6.12
2012-02-17,45,858853.75,803657.12,55196.63,6.87
2012-02-24,45,753060.78,858853.75,-105792.97,-12.32
2012-03-02,45,782796.01,753060.78,29735.23,3.95
2012-03-09,45,776968.87,782796.01,-5827.14,-0.74
2012-03-16,45,788340.23,776968.87,11371.36,1.46
2012-03-23,45,791835.37,788340.23,3495.14,0.44
2012-03-30,45,777254.06,791835.37,-14581.31,-1.84
2012-04-06,45,899479.43,777254.06,122225.37,15.73
2012-04-13,45,781970.6,899479.43,-117508.83,-13.06
2012-04-20,45,776661.74,781970.6,-5308.86,-0.68
2012-04-27,45,711571.88,776661.74,-65089.86,-8.38
2012-05-04,45,782300.68,711571.88,70728.8,9.94
2012-05-11,45,770487.37,782300.68,-11813.31,-1.51
2012-05-18,45,800842.28,770487.37,30354.91,3.94
2012-05-25,45,817741.17,800842.28,16898.89,2.11
2012-06-01,45,837144.63,817741.17,19403.46,2.37
2012-06-08,45,795133.0,837144.63,-42011.63,-5.02
2012-06-15,45,821498.18,795133.0,26365.18,3.32
2012-06-22,45,822569.16,821498.18,1070.98,0.13
2012-06-29,45,773367.71,822569.16,-49201.45,-5.98
2012-07-06,45,843361.1,773367.71,69993.39,9.05
2012-07-13,45,749817.08,843361.1,-93544.02,-11.09
2012-07-20,45,737613.65,749817.08,-12203.43,-1.63
2012-07-27,45,711671.58,737613.65,-25942.07,-3.52
2012-08-03,45,725729.51,711671.58,14057.93,1.98
2012-08-10,45,733037.32,725729.51,7307.81,1.01
2012-08-17,45,722496.93,733037.32,-10540.39,-1.44
2012-08-24,45,718232.26,722496.93,-4264.67,-0.59
2012-08-31,45,734297.87,718232.26,16065.61,2.24
2012-09-07,45,766512.66,734297.87,32214.79,4.39
2012-09-14,45,702238.27,766512.66,-64274.39,-8.39
2012-09-21,45,723086.2,702238.27,20847.93,2.97
2012-09-28,45,713173.95,723086.2,-9912.25,-1.37
2012-10-05,45,733455.07,713173.95,20281.12,2.84
2012-10-12,45,734464.36,733455.07,1009.29,0.14
2012-10-19,45,718125.53,734464.36,-16338.83,-2.22
2012-10-26,45,760281.43,718125.53,42155.9,5.87
